name	version	reason	foreign	repository
0d1n	1:263.2d723ae-2	explicit	no	blackarch
0trace	1.5-7	explicit	no	blackarch
3proxy	0.9.6-1	explicit	no	blackarch
3proxy-win32	0.9.6.1-1	explicit	no	blackarch
42zip	1:42-3	explicit	no	blackarch
7zip	26.03-1	explicit	no	extra
a2jmidid	9-6	explicit	no	extra
a2ps	4.15.8-1	explicit	no	extra
a2sv	140.cb24c4e-4	explicit	no	blackarch
a52dec	0.8.0-3	dependency	no	extra
aalib	1.4rc5-19	dependency	no	extra
aardvark-dns	2.1.0-3	explicit	no	extra
abcd	4.2738809-5	explicit	no	blackarch
above	1:v2.8.1.r0.g313f550-1	explicit	no	blackarch
abseil-cpp	20260817.0-2	dependency	no	extra
abuse-ssl-bypass-waf	7.c28f98e-9	explicit	no	blackarch
acccheck	0.2.1-7	explicit	no	blackarch
accountsservice	26.27.3-1	dependency	no	extra
ace	1.11-1	explicit	no	blackarch
acl	2.4.0-1	dependency	no	core
aclpwn	4.81480cc-12	explicit	no	blackarch
activedirectoryenum	1:0.5.0-10	explicit	no	blackarch
ad-ldap-enum	90.caee43d-1	explicit	no	blackarch
ad-miner	v1.9.0.r0.gac3d473-1	explicit	no	blackarch
ada	4.0.0-1	explicit	no	extra
adape-script	43.4d0b9ff-2	explicit	no	blackarch
adaptix-c2	727.6605760-1	explicit	no	blackarch
adassault	0.0.4.r25.g83196e3-1	explicit	no	blackarch
adenum	36.fbbe14d-9	explicit	no	blackarch
adexplorersnapshot	146.2f84590-1	explicit	no	blackarch
adfind	1:v1.0.3.r3.g46acf19-1	explicit	no	blackarch
adfspray	6.3d7745d-8	explicit	no	blackarch
adidnsdump	1:v1.4.0.r1.g95adaf8-1	explicit	no	blackarch
admid-pack	1:0.1-2	explicit	no	blackarch
adminpagefinder	0.1-6	explicit	no	blackarch
admsnmp	0.1-5	explicit	no	blackarch
adns	1.7.0-1	dependency	no	extra
adpeas	1.3.0.r15.g0bfcedc-1	explicit	no	blackarch
adversarial-robustness-toolbox	1.20.1.r155.g23539e2-2	explicit	no	blackarch
adwaita-cursors	50.0-1	dependency	no	extra
adwaita-fonts	51.0-2	dependency	no	extra
adwaita-icon-theme	50.0-1	dependency	no	extra
adwaita-icon-theme-legacy	46.2-3	dependency	no	extra
aesfix	1.0.1-6	explicit	no	blackarch
aeskeyfind	1.0-5	explicit	no	blackarch
aespipe	2.4i-1	explicit	no	blackarch
aesshell	0.7-6	explicit	no	blackarch
afflib	3.7.22-2	explicit	no	blackarch
afl++	5.00c-1	dependency	no	extra
afpfs-ng	0.8.2-4	dependency	no	extra
agafi	1:1.1-3	explicit	no	blackarch
against	1:0.2-5	explicit	no	blackarch
aggroargs	51.c032446-4	explicit	no	blackarch
aha	0.5.1-3	dependency	no	extra
aiengine	1:2.0.1-3	explicit	no	blackarch
aimage	3.3.0-1	explicit	no	blackarch
aiodnsbrute	1:v0.3.2.r0.ge773a4c-1	explicit	no	blackarch
air	2.0.0-9	explicit	no	blackarch
aircrack-ng	1.7-7	dependency	no	extra
airflood	0.1-7	explicit	no	blackarch
airgeddon	12.01-1	explicit	no	chaotic-aur
airopy	5.b83f11d-10	explicit	no	blackarch
airoscript	2:45.0a122ee-12	explicit	no	blackarch
airpwn	1.4-3	explicit	no	blackarch
airspy	1.0.10-5	dependency	no	extra
airspyhf	1.6.8.r75.g24fe8ff-1	explicit	no	blackarch
ajpfuzzer	0.7-1	explicit	no	blackarch
akonadi	26.08.1-1	explicit	no	extra
akonadi-calendar	26.08.1-1	explicit	no	extra
akonadi-contacts	26.08.1-1	explicit	no	extra
akonadi-import-wizard	26.08.1-1	explicit	no	extra
akonadi-mime	26.08.1-1	explicit	no	extra
akonadi-search	26.08.1-1	explicit	no	extra
albatar	1:0.1.r11.gd500657-1	explicit	no	blackarch
alembic	1.8.12-1	explicit	no	extra
allthevhosts	1.0-8	explicit	no	blackarch
alsa-card-profiles	1:1.6.9-1	dependency	no	extra
alsa-firmware	1.2.4-4	explicit	no	extra
alsa-lib	1.2.16.1-1	dependency	no	extra
alsa-plugins	1:1.2.12-6	explicit	no	extra
alsa-topology-conf	1.2.5.1-4	dependency	no	extra
alsa-ucm-conf	1.2.16.1-1	dependency	no	extra
altdns	78.6728272-3	explicit	no	blackarch
amap	2:5.4-1	dependency	no	blackarch
amass	3:v5.1.1.r0.g79299dc-1	explicit	no	blackarch
amber	1:v3.1.r2.gf6eb2dc-1	explicit	no	blackarch
amd-ucode	20260916-1	explicit	no	core
amoco	1:v2.9.11.r4.g3e36c52-2	explicit	no	blackarch
analyzemft	1:v3.1.1.0.r0.gd82bc98-1	explicit	no	blackarch
analyzepesig	0.0.0.5-7	explicit	no	blackarch
androbugs	7fd3a2c.r0.g7fd3a2c-1	explicit	no	blackarch
androguard	3:3.3.5-6	explicit	no	blackarch
androick	8.522cfb4-2	explicit	no	blackarch
android-apktool	3.0.3-1	explicit	no	chaotic-aur
android-ndk	r30-1	explicit	no	chaotic-aur
android-sdk	26.1.1-2.3	dependency	no	chaotic-aur
android-sdk-build-tools	r37.0.0-2	dependency	no	chaotic-aur
android-sdk-platform-tools	37.0.1-1	dependency	no	chaotic-aur
android-tools	37.0.0-5	dependency	no	extra
android-udev	20260423-1	dependency	no	extra
android-udev-rules	1:20260423.r3.g7ce74d6-1	explicit	no	blackarch
androidmeda	v2.0.0.r1.ge2e5084-1	explicit	no	blackarch
androidpincrack	5.6439bd2-1	explicit	no	blackarch
androidsniffer	0.1-8	explicit	no	blackarch
androwarn	135.626c02d-11	explicit	no	blackarch
angr	2:9.2.194-1	explicit	no	blackarch
angr-management	9.2.179-3	explicit	no	blackarch
angr-py2	1:7.8.9.26-5	explicit	no	blackarch
angrop	1:v9.2.12.post3.r73.g6875df8-1	explicit	no	blackarch
anontwi	1.1b-5	explicit	no	blackarch
ansible	14.4.0-1	explicit	no	extra
ansible-core	2.21.4-1	explicit	no	extra
ant	1.10.17-1	dependency	no	extra
anti-xss	1:v0.1.alpha.r69.g2725dc9-1	explicit	no	blackarch
antiransom	5-1	explicit	no	blackarch
antiword	0.37-12	dependency	no	extra
anubis-netsec	1.1.3.r16.g11cc2e0-1	explicit	no	blackarch
aom	3.15.1-1	dependency	no	extra
apache	2.4.68-1	dependency	no	extra
apache-tika	3.3.0-1	dependency	no	blackarch
apache-users	2.1-7	explicit	no	blackarch
apachetomcatscanner	3.2-8	explicit	no	blackarch
apacket	374.16e7036-1	explicit	no	blackarch
aphopper	0.3-4	explicit	no	blackarch
apkid	2:3.0.0-1	explicit	no	blackarch
apkleaks	v2.6.3.r2.gdd5271a-2	explicit	no	blackarch
apkstat	18.81cdad3-5	explicit	no	blackarch
apkstudio	2:6.3.0.r0.gc6e2724-1	explicit	no	blackarch
apkurlgrep	8.a188a98-2	explicit	no	blackarch
apnbf	0.1-4	explicit	no	blackarch
appimagepool-appimage	5.1.0-1.1	explicit	no	chaotic-aur
appmenu-gtk-module	25.04-3	explicit	no	extra
appmon	1:0.5.r36.gf753c4d-1	explicit	no	blackarch
appstream	1.2.0-1	dependency	no	extra
appstream-glib	0.8.4-1	dependency	no	extra
appstream-qt	1.2.0-1	dependency	no	extra
apr	1.7.6-1	dependency	no	extra
apr-util	1.6.5-1	dependency	no	extra
apt2	1:v1.0.20180315.r12.g8075cdc-1	explicit	no	blackarch
aptdec	v1.8.0.r2.g7db2030-1	explicit	no	blackarch
aquatone	1:v1.9.1.shelld3v.r14.g30fbf6e-1	explicit	no	blackarch
arachni	1.6.1.3.5.g9cd73f254-1	dependency	no	blackarch
aranea	6.469b9ee-4	explicit	no	blackarch
arcane	2.750cb9f-3	explicit	no	blackarch
archivebox	903.59da482-10	explicit	no	blackarch
archlinux-appstream-data	20260910-1	explicit	no	extra
archlinux-keyring	20260909-1	dependency	no	core
ardour	9.8-1	explicit	no	extra
ares	v0.10.0.r110.ga63614a-1	explicit	no	blackarch
argon2	20190702-7	explicit	no	extra
argus	3.0.8.2-7	explicit	no	blackarch
argus-clients	3.0.8.3-1	explicit	no	blackarch
arj	3.10.22-14	explicit	no	extra
arjun	1:2.2.7.r5.gd1fb995-2	dependency	no	blackarch
ark	26.08.1-1	explicit	no	extra
armitage	4:150813-7	explicit	no	blackarch
armor	5.bae27a6-2	explicit	no	blackarch
armscgen	98.c51b7d6-7	explicit	no	blackarch
arp-scan	1.10.0-5	dependency	no	extra
arpack	3.9.1-3	dependency	no	extra
arpalert	1:2.0.12-1	explicit	no	blackarch
arping-th	2.25-2	explicit	no	blackarch
arpoison	0.7-2	explicit	no	blackarch
arpon	3.1-1	explicit	no	blackarch
arpspoof-smikims	31.ef5f0b1-4	explicit	no	blackarch
arpstraw	27.ab40e13-8	explicit	no	blackarch
arptools	13.41cdb23-1	explicit	no	blackarch
arpwner	26.f300fdf-6	explicit	no	blackarch
artillery	2:1.5.1.r218.g805a5d8-1	explicit	no	blackarch
artlas	154.e5fdd8d-4	explicit	no	blackarch
asio	1.38.2-1	dependency	no	extra
asleap	2.3-1	dependency	no	blackarch
asn	0.78.0-1	explicit	no	blackarch
asnmap	v1.1.1.r6.gcedef8b-1	explicit	no	blackarch
asp-audit	2BETA-7	explicit	no	blackarch
aspell	0.60.8.2-2	dependency	no	extra
aspell-en	2026.02.25-1	dependency	no	extra
aspisec	0.3.0-1	explicit	no	blackarch
assassingo	173.2dd8650-3	explicit	no	blackarch
assetfinder	1:v0.1.1.r0.g4e95d87-1	explicit	no	blackarch
assetnote-wordlists	183.6dea231-1	explicit	no	blackarch
astra	489.092804a-3	explicit	no	blackarch
at-spi2-core	2.60.7-1	dependency	no	extra
atear	139.245ec8d-5	explicit	no	blackarch
atftp	0.8.1-1	dependency	no	extra
athena-ssl-scanner	0.6.2-5	explicit	no	blackarch
atkmm	2.28.5-2	explicit	no	extra
atlas	7.77bd6c8-9	explicit	no	blackarch
atscan	2461.06521a9-3	explicit	no	blackarch
atstaketools	0.1-5	explicit	no	blackarch
attacksurfacemapper	1:v1.1.r25.g8a402ed-1	explicit	no	blackarch
attica	6.30.0-1	dependency	no	extra
attk	2.0.1023-1	explicit	no	blackarch
attr	2.6.0-1	dependency	no	core
aubio	0.4.9-25	explicit	no	extra
audacious	4.6.1-2	explicit	no	extra
audacious-plugins	4.6.1-5	explicit	no	extra
audacity	1:3.7.9-1	explicit	no	extra
audiofile	0.3.6-12	explicit	no	extra
audit	4.2.1-1	dependency	no	core
augeas	1.14.1-5	explicit	no	extra
auracle-git	r464.885e962-1.1	dependency	no	chaotic-aur
aurebeshjs	77.75a8fc6-1	explicit	no	blackarch
aurman	2.22-1	explicit	yes	foreign
aurorae	6.7.5-1	dependency	no	extra
auto-eap	18.ee36d37-3	explicit	no	blackarch
auto-xor-decryptor	7.2eb176d-8	explicit	no	blackarch
autoconf	2.73-1	dependency	no	core
autoconf-archive	1:2024.10.16-4	explicit	no	extra
automake	1.18.1-1	dependency	no	core
automato	33.0561b59-9	explicit	no	blackarch
autonessus	24.7933022-4	explicit	no	blackarch
autonse	25.7c87f4c-1	explicit	no	blackarch
autopep8	1:2.3.2-2	dependency	no	extra
autopsy	1:4.23.1-1	explicit	no	blackarch
autopwn	190.fc80cef-12	explicit	no	blackarch
autorandr	1.15-2	explicit	no	extra
autorecon	297.e7e98f6-2	explicit	no	blackarch
autosint	236.25d292c-4	explicit	no	blackarch
autosploit	1:v4.0.r2.g9a6a5ef-1	explicit	no	blackarch
autossh	1.4g-4	dependency	no	extra
autovpn	18.28b1a87-4	explicit	no	blackarch
avahi	1:0.9rc5-1	dependency	no	extra
avaloniailspy	1:v7.2.rc.r11.g21d4939-1	explicit	no	blackarch
avet	560.6da43bf-2	explicit	no	blackarch
avml	1:v0.17.0.r3.g12c2a71-1	explicit	no	blackarch
awesome	4.3-6	dependency	no	extra
aws-cli	1.44.81-1	dependency	no	extra
aws-extender-cli	17.a351154-13	explicit	no	blackarch
aws-iam-privesc	11.2983efd-6	explicit	no	blackarch
aws-inventory	19.9a2fa8e-3	explicit	no	blackarch
awsbucketdump	82.4684670-8	explicit	no	blackarch
axel	2.17.14-2	dependency	no	extra
ayatana-ido	0.10.4-1	explicit	no	extra
azazel	15.a41fbb5-3	explicit	no	blackarch
aztarna	1.2.1-9	explicit	no	blackarch
b43-fwcutter	020-1	explicit	no	core
babl	0.1.128-1	explicit	no	extra
backcookie	51.6dabc38-5	explicit	no	blackarch
backdoor-apk	141.2710126-1	explicit	no	blackarch
backdoor-factory	1:210.0c53045-3	dependency	no	blackarch
backdoorme	308.f9755ca-10	explicit	no	blackarch
backdoorppt	88.d0e7f91-7	explicit	no	blackarch
backfuzz	1:1.b0648de-3	explicit	no	blackarch
backhack	39.561ec86-3	explicit	no	blackarch
backoori	55.988e507-3	explicit	no	blackarch
backorifice	1.0-3	explicit	no	blackarch
bactl	15.6062356-1	explicit	no	blackarch
bad-pdf	1:v1.1.r31.g4b42f66-3	explicit	no	blackarch
badkarma	85.2c46334-13	explicit	no	blackarch
badministration	16.69e4ec2-5	explicit	no	blackarch
badsecrets	1.2.1.r0.gd9e43d8-1	explicit	no	blackarch
bagbak	342.71fbd4d-1	explicit	no	blackarch
baka-mplayer	2.0.4-6	explicit	no	extra
balbuzard	77.16c1e21-1	explicit	no	blackarch
baloo	6.30.0-1	dependency	no	extra
baloo-widgets	26.08.1-1	dependency	no	extra
bamf-framework	35.30d2b4b-3	explicit	no	blackarch
bandicoot	0.6.0-9	explicit	no	blackarch
bandit	1.9.4-1	dependency	no	extra
barf	923.9547ef8-10	explicit	no	blackarch
barmie	1.01-2	explicit	no	blackarch
barq	35.6f1a68c-9	explicit	no	blackarch
base	3-3	explicit	no	core
base-devel	1-2	explicit	no	core
base64dump	0.0.14-3	explicit	no	blackarch
basedomainname	0.1-10	explicit	no	blackarch
bash	5.3.20-1	dependency	no	core
bash-completion	2.18.0-1	explicit	no	extra
bashfuscator	338.7487348-9	explicit	no	blackarch
bashscan	94.80c066c-1	explicit	no	blackarch
bat	0.26.1-3	dependency	no	extra
batctl	2026.3-1	dependency	no	extra
batman-adv	2019.2-1	explicit	no	blackarch
batman-alfred	2025.2-1	explicit	no	blackarch
bauh	0.10.7-1.4	explicit	yes	foreign
bazaar-git	0.9.4.r111.g3997cf2-1	explicit	no	chaotic-aur
bbot	3:v3.0.2.r0.ga6fb827-1	explicit	no	blackarch
bbqsql	261.b9859d2-5	explicit	no	blackarch
bbscan	53.29b9f11-1	explicit	no	blackarch
bc	1.08.2-1	dependency	no	extra
bcg729	1.1.1-2	dependency	no	extra
bdfproxy	107.276c367-1	explicit	no	blackarch
bdlogparser	2-5	explicit	no	blackarch
bed	0.5-13	explicit	no	blackarch
beebug	25.cddb375-9	explicit	no	blackarch
beef	2:v0.6.0.0.r443.gba882e0-1	dependency	no	blackarch
beeswarm	1183.db51ea0-8	explicit	no	blackarch
beholder	0.8.10-1	explicit	no	blackarch
belati	72.49577a1-7	explicit	no	blackarch
beleth	36.0963699-1	explicit	no	blackarch
berate_ap	v0.4.6.r100.ged4ba9b-1	explicit	no	blackarch
beroot	1.0.1.r109.g4c0b648-5	explicit	no	blackarch
bettercap	2.41.7-2	dependency	no	extra
bettercap-ui	1.4.0-1	explicit	no	blackarch
bfac	1:v1.0.r12.g18fb0b5-1	explicit	no	blackarch
bfbtester	2.1.0-1	explicit	no	blackarch
bfuzz	60.fdaefc0-3	explicit	no	blackarch
bgp-md5crack	0.1-3	explicit	no	blackarch
bgrep	27.38b746f-1	explicit	no	blackarch
billcipher	32.97fba59-2	explicit	no	blackarch
binaryninja	6.0.10601-1	explicit	no	blackarch
bind	9.20.29-1	explicit	no	extra
bindead	4504.67019b97b-2	explicit	no	blackarch
bindiff	6.0.0-1	explicit	no	blackarch
binex	1.0-2	explicit	no	blackarch
binflow	5.7fb02a9-1	explicit	no	blackarch
bing-ip2hosts	1.0.5-1	explicit	no	blackarch
bing-lfi-rfi	0.1-5	explicit	no	blackarch
bingoo	3.698132f-1	explicit	no	blackarch
binnavi	6.1.0-3	explicit	no	blackarch
binproxy	8.d02fce9-15	explicit	no	blackarch
binutils	2.47-4	dependency	no	core
binwalk	3.1.0-1	dependency	no	extra
binwally	4.0aabd8b-4	explicit	no	blackarch
bios_memimage	1.2-3	explicit	no	blackarch
birdfont	2.33.6-1	explicit	no	extra
birp	65.b2e108a-6	explicit	no	blackarch
bison	3.8.2-8	dependency	no	core
bitcoin-daemon	31.1-3	dependency	no	extra
bitcoin-tx	31.1-3	dependency	no	extra
bitdump	34.6a5cbd8-7	explicit	no	blackarch
bittwist	2.0-2	explicit	no	blackarch
bitwig-studio	6.1.1-1	explicit	no	chaotic-aur
bkcrack	v1.8.1.r51.gf7e61ba-1	explicit	no	blackarch
bkhive	1.1.1-2	explicit	no	blackarch
blackarch-config-awesome	49.ea88207-1	explicit	no	blackarch
blackarch-config-bash	12.f7ad26a-1	explicit	no	blackarch
blackarch-config-calamares	42.bb26f2f-1	explicit	no	blackarch
blackarch-config-cursor	3.08b06e5-1	explicit	no	blackarch
blackarch-config-fluxbox	41.a172928-1	explicit	no	blackarch
blackarch-config-gtk	4.f9f6a21-3	explicit	no	blackarch
blackarch-config-i3	202.01edbd9-2	explicit	no	blackarch
blackarch-config-icons	6.f4bf107-1	explicit	no	blackarch
blackarch-config-lxdm	20.b109457-1	explicit	no	blackarch
blackarch-config-openbox	40.6914684-1	explicit	no	blackarch
blackarch-config-spectrwm	9.e41da5a-1	explicit	no	blackarch
blackarch-config-vim	1:3.620775f-1	explicit	no	blackarch
blackarch-config-x11	21.e38cf84-1	explicit	no	blackarch
blackarch-config-xfce	15.996cb2d-1	explicit	no	blackarch
blackarch-config-zsh	13.308cc4a-1	explicit	no	blackarch
blackarch-keyring	20251011-2	explicit	no	blackarch
blackarch-menus	13.433affc-1	explicit	no	blackarch
blackarch-mirrorlist	20260403-1	explicit	no	blackarch
blackarch-officials	20260910-1	explicit	no	blackarch
blackarch-wallpaper	1:3.0-2	dependency	no	blackarch
blackbox-scanner	4:1.7a25220-1	explicit	no	blackarch
blackeye	1:v2.5.r8.gbdc11a2-1	explicit	no	blackarch
blackhash	0.2-8	explicit	no	blackarch
blacknurse	12.934b6a2-1	explicit	no	blackarch
bladerf	2025.10-1	dependency	no	extra
blas	3.12.1-2	dependency	no	extra
bleah	53.6a2fd3a-1	explicit	no	blackarch
blender	17:5.2.2-2	explicit	no	extra
bless	1:v0.6.3.r3.g103fbd6-1	explicit	no	blackarch
bletchley	0.0.1-16	explicit	no	blackarch
blind-sql-bitshifting	1:1.c1da934-1	explicit	no	blackarch
blindelephant	8-5	explicit	no	blackarch
blindsql	1.0-3	explicit	no	blackarch
blindy	12.59de8f2-11	explicit	no	blackarch
blisqy	20.e9995fc-6	explicit	no	blackarch
bloodhound	1:v4.3.1.r61.ge8eda86-1	explicit	no	blackarch
bloodhound-ce-python	v1.0.1.r211.g6fa5ba5-3	explicit	no	blackarch
bloodhound-cli	v0.2.1.r2.gef78c50-1	explicit	no	blackarch
bloodhound-python	v1.0.1.r186.gfd3f322-3	explicit	no	blackarch
bloodyad	1:2.5.5.r1.g64bbbff-1	explicit	no	blackarch
blosc	1.21.6-2	explicit	no	extra
blue-hydra	710.1c2372d-3	explicit	no	blackarch
bluebox-ng	1:1.1.0-6	explicit	no	blackarch
bluebugger	0.1-4	explicit	no	blackarch
bluedevil	1:6.7.5-1	explicit	no	extra
bluediving	0.9-8	explicit	no	blackarch
bluefog	0.0.4-3	explicit	no	blackarch
bluelog	1.1.2-1	explicit	no	blackarch
bluepot	0.2-1	explicit	no	blackarch
blueprint	0.1_3-10	explicit	no	blackarch
blueranger	1.1-1	explicit	no	blackarch
bluescan	1.0.6-3	explicit	no	blackarch
bluesnarfer	0.1-5	explicit	no	blackarch
bluetooth-autoconnect	1.3-1.7	explicit	no	chaotic-aur
bluetooth-support	1-7	explicit	no	garuda
bluez	5.87-2	dependency	no	extra
bluez-cups	5.87-2	explicit	no	extra
bluez-hciconfig	5.86-2	dependency	no	blackarch
bluez-hid2hci	5.87-2	dependency	no	extra
bluez-libs	5.87-2	dependency	no	extra
bluez-qt	6.30.0-1	dependency	no	extra
bluez-tools	0.2.0-6	dependency	no	extra
bluez-utils	5.87-2	dependency	no	extra
bluffy	47.180ed5b-7	explicit	no	blackarch
bluphish	9.a7200bd-2	explicit	no	blackarch
bluto	1:142.25cad7a-1	explicit	no	blackarch
bmap-tools	3.7-3	explicit	no	blackarch
bmc-tools	38.5a4cad3-1	explicit	no	blackarch
bob-the-butcher	0.8.1-1	explicit	no	blackarch
bof-detector	19.e08367d-2	explicit	no	blackarch
bolt	0.9.11-3	dependency	no	extra
bonesi	12.733c9e9-1	explicit	no	blackarch
boofuzz	v0.4.2.r43.g518c139-1	explicit	no	blackarch
boopsuite	170.16c902f-1	explicit	no	blackarch
boost	1.92.0-1	dependency	no	extra
boost-libs	1.92.0-1	dependency	no	extra
bopscrk	1:v2.4.7.r2.g7eede16-5	explicit	no	blackarch
botan	3.13.0-1	explicit	no	extra
botb	69.6d33aae-1	explicit	no	blackarch
bowcaster	230.17d69c1-3	explicit	no	blackarch
bower	1.8.14-3	dependency	no	extra
box-js	859.f4bb994-1	explicit	no	blackarch
bqm	v1.5.1.r5.ge287280-4	explicit	no	blackarch
braa	0.82-6	explicit	no	blackarch
braces	0.5-1	explicit	no	blackarch
brainstorm	38.c5b66c6-1	explicit	no	blackarch
brakeman	1:v8.0.6.r2.g649e678d0-1	explicit	no	blackarch
brave-bin	1:1.96.59-1	explicit	no	chaotic-aur
breeze	6.7.5-1	dependency	no	extra
breeze-cursors	6.7.5-1	dependency	no	extra
breeze-icons	6.30.0-1	dependency	no	extra
bridge-utils	1.7.1-5	explicit	no	chaotic-aur
bridgekeeper	57.55c390c-8	explicit	no	blackarch
brightnessctl	0.5.1-3	dependency	no	extra
brltty	6.9.1-3	dependency	no	extra
brosec	1:1.4.1.r11.gc51164f-1	explicit	no	blackarch
brotli	1.2.0-1	dependency	no	core
brotli06	0.6.0-3	dependency	no	blackarch
browselist	1.4-2	explicit	no	blackarch
browser-fuzzer	3-3	explicit	no	blackarch
brute-force	52.78d1d8e-9	explicit	no	blackarch
brute12	1-5	explicit	no	blackarch
bruteforce-luks	54.788d637-1	explicit	no	blackarch
bruteforce-salted-openssl	64.30b272e-1	explicit	no	blackarch
bruteforce-wallet	43.648d7d7-1	explicit	no	blackarch
brutemap	65.da4b303-3	explicit	no	blackarch
brutespray	908.d4e361b-1	explicit	no	blackarch
brutessh	0.6-5	explicit	no	blackarch
brutex	114.eacd084-1	explicit	no	blackarch
brutexss	54.ba753df-1	explicit	no	blackarch
brutus	2-6	explicit	no	blackarch
bsdiff	4.3-14	explicit	no	blackarch
bsqlbf	2.7-7	explicit	no	blackarch
bsqlinjector	14.98c8ce8-3	explicit	no	blackarch
bss	0.8-6	explicit	no	blackarch
bt_audit	0.1.1-5	explicit	no	blackarch
btcrack	1.1-4	explicit	no	blackarch
btlejack	1:v2.1.1.r1.gc487859-1	explicit	no	blackarch
btproxy-mitm	71.cd1c906-6	explicit	no	blackarch
btrfs-assistant	2.3.1-1	explicit	no	extra
btrfs-progs	7.1-1	explicit	no	core
btrfsmaintenance	0.5.2-3	dependency	no	extra
btscanner	2.1-9	explicit	no	blackarch
bubblewrap	0.13.0-1	dependency	no	extra
bulk-extractor	1562.1c67a75-1	explicit	no	blackarch
bully	1.4.00-1	dependency	no	extra
bunny	0.93-6	explicit	no	blackarch
burpsuite	1:2026.8-1	explicit	no	blackarch
buster	92.131437e-14	explicit	no	blackarch
buttinsky	138.1a2a1b2-11	explicit	no	blackarch
bvi	1.4.2-1	explicit	no	blackarch
byepass	213.8cbfd9b-4	explicit	no	blackarch
bypass-firewall-dns-history	33.c55b7ce-1	explicit	no	blackarch
bytecode-viewer	2.13.2-1	explicit	no	chaotic-aur
bzip2	1.0.8-6	explicit	no	core
c-ares	1.34.8-1	dependency	no	extra
c5scan	30.be8845c-4	explicit	no	blackarch
c7decrypt	0.3.3-4	explicit	no	blackarch
ca-certificates	20240618-1	dependency	no	core
ca-certificates-mozilla	3.129-1	dependency	no	core
ca-certificates-utils	20240618-1	dependency	no	core
cabextract	1.11-3	dependency	no	extra
cachedump	1.1-4	explicit	no	blackarch
cadaver	0.28-1	dependency	no	extra
cafebabe	0.1.2-1	explicit	no	blackarch
cai	1:1.6dc7925-1	explicit	no	blackarch
caido-cli	0.57.1-1	explicit	no	blackarch
caido-desktop	0.57.1-1	explicit	no	blackarch
cairo	1.18.4-1	dependency	no	extra
cairo-perl	1.109-6	dependency	no	extra
cairomm	1.14.6-1	explicit	no	extra
calamares-garuda	3.4.3.r3.g841b47857-2.1	dependency	no	garuda
calf	0.90.9-2	explicit	no	extra
cameractrls	0.6.10-2	explicit	no	extra
cameradar	205.affbdd2-1	explicit	no	blackarch
camover	94.483befd-5	explicit	no	blackarch
camscan	1.0057215-4	explicit	no	blackarch
can-utils	1282.95aae6b-1	explicit	no	blackarch
canalyzat0r	41.6bc251e-11	explicit	no	blackarch
canari	3.3.10-5	explicit	no	blackarch
cangibrina	123.6de0165-3	explicit	no	blackarch
cansina	2:59.67c6301-3	explicit	no	blackarch
cantoolz	1:425.82d330b-12	explicit	no	blackarch
capa	7.4.0-1	explicit	no	blackarch
capfuzz	34.97ac312-11	explicit	no	blackarch
capnproto	1.5.0-1	dependency	no	extra
capstone	5.0.9-1	explicit	no	extra
captipper	74.3fb2836-3	explicit	no	blackarch
cardpwn	32.166abf9-9	explicit	no	blackarch
cariddi	v1.4.6.r14.gde52cc0-1	explicit	no	blackarch
carwhisperer	0.2-5	explicit	no	blackarch
casefile	1.0.1-8	explicit	no	blackarch
castxml	0.7.0-2	dependency	no	extra
catana	31.9ea1f0d-1	explicit	no	blackarch
catatonit	0.2.1-2	explicit	no	extra
catnthecanary	7.e9184fe-4	explicit	no	blackarch
catphish	44.768d213-13	explicit	no	blackarch
cblas	3.12.1-2	dependency	no	extra
cccl	3.4.2-1	dependency	no	extra
ccfits	2.7-1	explicit	no	extra
ccrawldns	1:v1.0.r2.gdfd5062-1	explicit	no	blackarch
cdparanoia	10.2-10	dependency	no	extra
cdpsnarf	0.1.6-7	explicit	no	blackarch
cdrtools	3.02a09-6	explicit	no	extra
cecster	5.15544cb-7	explicit	no	blackarch
celt	0.11.3-7.1	explicit	no	chaotic-aur
cent	v2.2.0.r0.gfcf1c1c-1	explicit	no	blackarch
centry	72.6de2868-3	explicit	no	blackarch
ceres-solver	2.2.0-5	dependency	no	extra
cero	v1.3.0.r19.gb73125b-1	explicit	no	blackarch
certgraph	194.9826815-1	explicit	no	blackarch
certi	6.6cfa656-5	explicit	no	blackarch
certipy	5.1.0.r12.g3ae3442-1	explicit	no	blackarch
certsync	0.1.6-5	explicit	no	blackarch
cewl	1:6.2.1.r33.gca01aea-1	explicit	no	blackarch
cfitsio	1:4.7.0-1	dependency	no	extra
cflow	1.8-1	explicit	no	blackarch
cfr	0.152-4	dependency	no	extra
chainsaw	v2.7.3.r6.g5d908fd-1	explicit	no	blackarch
chameleon	29.4414287-5	explicit	no	blackarch
chameleonmini	613.ad0eece-2	explicit	no	blackarch
changeme	272.26fa2c3-2	explicit	no	blackarch
chankro	21.7b6e844-3	explicit	no	blackarch
chaos-client	283.17a19d7-1	explicit	no	blackarch
chaosmap	1.3-5	explicit	no	blackarch
chaosreader	0.94-7	explicit	no	blackarch
chaotic-keyring	20251028-1	explicit	no	chaotic-aur
chaotic-mirrorlist	20260428-1	explicit	no	chaotic-aur
chapcrack	17.ae2827f-7	explicit	no	blackarch
cheat-sh	6-1	explicit	no	blackarch
check-weak-dh-ssh	0.1-7	explicit	no	blackarch
checkiban	0.2-3	explicit	no	blackarch
checkov	3.3.17.r1.gd99cd85240-1	explicit	no	blackarch
checksec	3.2.0-2	dependency	no	extra
chiasm-shell	33.e20ed9f-20	explicit	no	blackarch
chipsec	5:2.0.8.r5.ga62d317-1	explicit	no	blackarch
chiron	48.524abe1-3	explicit	no	blackarch
chisel	261.3c00f04-1	explicit	no	blackarch
chkrootkit	0.59-1	explicit	no	chaotic-aur
chntpw	140201-5	dependency	no	extra
chopshop	444.8bdd393-3	explicit	no	blackarch
choronzon	4.d702c31-4	explicit	no	blackarch
chownat	0.08b-9	explicit	no	blackarch
chromaprint	1.6.1-2	dependency	no	extra
chrome-decode	0.1-7	explicit	no	blackarch
chrome-remote-desktop	154.0.8037.11-1	explicit	no	chaotic-aur
chromefreak	24.12745b1-6	explicit	no	blackarch
chromensics	1.0-4	explicit	no	blackarch
chromium	153.0.8010.52-1	explicit	no	extra
chronoleak	0.0.1-2	explicit	no	blackarch
chw00t	39.1fd1016-1	explicit	no	blackarch
cidr2range	1.0-5	explicit	no	blackarch
cifs-utils	7.5-1	dependency	no	extra
cintruder	14.f8a3f12-4	explicit	no	blackarch
cipherscan	423.30bd239-1	explicit	no	blackarch
ciphertest	22.e33eb4a-1	explicit	no	blackarch
ciphr	127.5da7137-14	explicit	no	blackarch
circle-flags	2.7.0-2	explicit	no	chaotic-aur
cirt-fuzzer	1.0-7	explicit	no	blackarch
cisco-auditing-tool	1-10	explicit	no	blackarch
cisco-global-exploiter	1.4-1	explicit	no	blackarch
cisco-ocs	0.2-6	explicit	no	blackarch
cisco-router-config	1.1-7	explicit	no	blackarch
cisco-scanner	0.2-3	explicit	no	blackarch
cisco-snmp-enumeration	10.ad06f57-3	explicit	no	blackarch
cisco-snmp-slap	5.daf0589-5	explicit	no	blackarch
cisco-torch	0.4b-13	explicit	no	blackarch
cisco5crack	2.c4b228c-4	explicit	no	blackarch
cisco7crack	2.f1c21dd-2	explicit	no	blackarch
ciscos	1.3-2	explicit	no	blackarch
citadel	95.3b1adbc-1	explicit	no	blackarch
cjexploiter	1:2.d1caa21-1	explicit	no	blackarch
cjson	1.7.19-1	dependency	no	extra
ckbcomp	1.249-1	dependency	no	chaotic-aur
clair	2219.978bc11d-1	explicit	no	blackarch
clairvoyance	2.5.2-8	explicit	no	blackarch
clamscanlogparser	1-1	explicit	no	blackarch
clang	22.1.8-1	explicit	no	extra
claws-mail	4.4.0-5	explicit	no	extra
clazy	1.17.1-1	explicit	no	extra
cleverhans	v4.0.0.r7.g574efc1-2	explicit	no	blackarch
climber	30.5530a78-5	explicit	no	blackarch
clinfo	3.0.25.02.14-1	dependency	no	extra
cloakify	117.f45c3b3-3	explicit	no	blackarch
cloud-buster	194.b55e4a1-9	explicit	no	blackarch
cloud_enum	0.8.r1.gd3dba37-1	explicit	no	blackarch
cloudfail	86.c84219f-1	explicit	no	blackarch
cloudflare-enum	10.412387f-4	explicit	no	blackarch
cloudflare-warp-bin	2026.7.1377-1	explicit	no	chaotic-aur
cloudget	64.cba10b1-3	explicit	no	blackarch
cloudlist	919.a6caae6-1	explicit	no	blackarch
cloudmare	108.9c5a39f-5	explicit	no	blackarch
cloudsploit	6738.ad3b8c0cd-1	explicit	no	blackarch
cloudunflare	14.b91a8a7-1	explicit	no	blackarch
clucene	2.3.3.4-17	explicit	no	extra
clusterd	143.d190b2c-5	explicit	no	blackarch
cm256cc	1.1.2-2	dependency	no	extra
cmake	4.4.3-2	dependency	no	extra
cmark	0.31.2-1	explicit	no	extra
cmatrix	2.0-4	explicit	no	extra
cminer	25.d766f7e-1	explicit	no	blackarch
cmospwd	5.1-1	explicit	no	blackarch
cms-explorer	15.23b58cd-5	explicit	no	blackarch
cms-few	0.1-5	explicit	no	blackarch
cmseek	387.03a6e7f-1	explicit	no	blackarch
cmsfuzz	5.6be5a98-3	explicit	no	blackarch
cmsmap	1:8.59dd0e2-11	dependency	no	blackarch
cmsscan	43.f060b4b-8	explicit	no	blackarch
cmsscanner	0.15.0.r1.g65de34e-1	explicit	no	blackarch
cnamulator	5.4667c68-3	explicit	no	blackarch
cntlm	4.b35d55c-2	explicit	no	blackarch
cockpit	368-1	explicit	no	extra
cockpit-machines	357-1	explicit	no	extra
codec2	1:1.2.0-2	dependency	no	extra
codeql	1:2.22.4-1	explicit	no	blackarch
codetective	45.52b91f1-2	explicit	no	blackarch
coercer	2.4.3-5	explicit	no	blackarch
coffeescript	2.7.0-2	dependency	no	extra
coin	1:4.0.10-1	explicit	no	extra
colm	0.14.7-5	dependency	no	extra
colord	1.4.8-1	dependency	no	extra
colord-gtk	0.3.1-1	explicit	no	extra
colord-gtk-common	0.3.1-1	explicit	no	extra
colord-sane	1.4.8-1	explicit	no	extra
comission	1:v1.2.0.r14.g67b890e-1	explicit	no	blackarch
commentor	20.4582674-1	explicit	no	blackarch
commix	2470.6aedd1f4-1	explicit	no	blackarch
commonspeak	36.f0aad23-1	explicit	no	blackarch
compface	1.5.2-13	explicit	no	extra
compiler-rt	22.1.8-1	explicit	no	extra
composefs	1.0.8-1	explicit	no	extra
compp	1.0.5-8	explicit	no	blackarch
configpush	0.8.5-3	explicit	no	blackarch
confuse	3.4-1	dependency	no	extra
conky	1.24.2-1	explicit	no	extra
conky-manager2	2.7-2	explicit	no	extra
conmon	1:2.2.1-1	explicit	no	extra
conn	1.0.39-1	dependency	no	blackarch
conpass	0.1.1-5	explicit	no	blackarch
conpot	0.6.0-14	explicit	no	blackarch
conscan	1.2-5	explicit	no	blackarch
containerd	2.4.0-1	explicit	no	extra
containers-common	1:0.69.2-1	explicit	no	extra
converseen	0.15.2.8-1	explicit	no	extra
convertlit	1.8-13	dependency	no	extra
cook	1:v2.3.0.r0.gf72413d-1	explicit	no	blackarch
cookie-cadger	1.08-2	explicit	no	blackarch
cookiejar	0.0.3-9	dependency	no	blackarch
coreutils	9.11-2	explicit	no	core
corkscrew	2.0-8	dependency	no	extra
corscanner	1:1.0.1.r2.g593043f-1	explicit	no	blackarch
corstest	10.beffd0b-11	explicit	no	blackarch
corsy	69.2985ae2-8	explicit	no	blackarch
cottontail	93.b7f5222-8	explicit	no	blackarch
couchdb	3.5.2-1	dependency	no	extra
country-ip-blocks	6365.1ad7ecd-1	explicit	no	blackarch
cowpatty	4.8-4	dependency	no	extra
cpfinder	0.1-7	explicit	no	blackarch
cpio	2.15-3	dependency	no	extra
cpp2il	1:2022.0.7.r17.g20ccab2-1	explicit	no	blackarch
cppcheck	2.22.0-1	dependency	no	extra
cppdap	1.58.0-3	dependency	no	extra
cpptest	2.0.0-1	explicit	no	blackarch
cppunit	1.15.1-5	dependency	no	extra
cpuinfo	r843.ea6b9f1-1	dependency	no	extra
cr3dov3r	48.49bbdbe-3	explicit	no	blackarch
crabstick	47.bb7827f-10	explicit	no	blackarch
cracken	v1.0.1.r0.g7a325ff-1	explicit	no	blackarch
crackhor	2.ae7d83f-1	explicit	no	blackarch
crackle	111.d83b4b6-1	explicit	no	blackarch
cracklib	2.10.3-1	explicit	no	core
crackmapexec	3:v6.0.1.r198.gda472cb-5	explicit	no	blackarch
crackmapexec-pingcastle	9.16340d2-1	explicit	no	blackarch
crackpkcs12	0.2.10.11.c7dedb1-1	explicit	no	blackarch
crackq	48.89b7318-4	explicit	no	blackarch
crackql	1.0.r53.gac26a44-6	explicit	no	blackarch
crackserver	33.e5763ab-4	explicit	no	blackarch
crawlic	51.739fe2b-4	explicit	no	blackarch
creak	41.a6c011f-3	explicit	no	blackarch
creddump	3.ed95e1a-3	explicit	no	blackarch
credmap	116.d862247-3	explicit	no	blackarch
credmaster	206.0a79f34-3	explicit	no	blackarch
creds	1:17.1ec8297-7	explicit	no	blackarch
credsniper	21.f52461b-9	explicit	no	blackarch
cribdrag	5.2d27dbf-3	explicit	no	blackarch
criu	4.2.1-1	explicit	no	extra
crlf-injector	9.bd6db06-3	explicit	no	blackarch
crlfuzz	62.7a442bb-1	explicit	no	blackarch
cronie	1.7.2-2	explicit	no	extra
crosslinked	2:v0.3.0.r23.g2ae8d7b-1	explicit	no	blackarch
crosstool-ng	1.28.0-1	dependency	no	extra
crowbar	1:v4.2.r1.g4b563dc-5	explicit	no	blackarch
crozono	1:5.6a51669-10	explicit	no	blackarch
crun	1.30-1	explicit	no	extra
crunch	3.6-2	dependency	no	blackarch
crypthook	18.690dcae-1	explicit	no	blackarch
crypto++	8.9.0-3	dependency	no	extra
cryptohazemultiforcer	1.31a-2	explicit	no	blackarch
cryptonark	0.5.7-2	explicit	no	blackarch
cryptsetup	2.8.8-1	explicit	no	core
csdr	0.18.2.r68.g1f15b8c-1	explicit	no	blackarch
csrftester	1.0-4	explicit	no	blackarch
ct-exposer	24.71252ac-8	explicit	no	blackarch
ctags	1:6.2.1-1	explicit	no	extra
ctf-party	v5.0.0.r50.gd93dd99-1	dependency	no	blackarch
ctunnel	0.7-1	explicit	no	blackarch
ctypes-sh	165.ca66ae5-1	explicit	no	blackarch
cubicsdr	0.2.7-1	explicit	no	blackarch
cuckoo	2.0.7-10	dependency	yes	foreign
cuda	13.4.2-1	dependency	no	extra
cudahashcat	2.01-2	explicit	no	blackarch
cupp	87.b77f1ae-1	explicit	no	blackarch
cups	2:2.4.19-1	dependency	no	extra
cups-filters	2.0.1-3	dependency	no	extra
cups-pdf	3.0.3-1	explicit	no	extra
cups-pk-helper	0.2.7-2	explicit	no	extra
curl	8.22.0-1	dependency	no	core
curl-impersonate	2.2.2-1	explicit	no	extra
curlftpfs	0.9.2-10	explicit	no	extra
cutycapt	3:11.0-1	dependency	no	blackarch
cve-api	170.8e9c247-6	explicit	no	blackarch
cve-search	1:v6.0.1.r2.g57f1bf6-1	explicit	no	blackarch
cvechecker	4.0-2	explicit	no	blackarch
cvemap	v1.0.0.r29.g36a1dd5-1	explicit	no	blackarch
cybercrowl	111.f7cac52-2	explicit	no	blackarch
cyberscan	87.24c69b9-1	explicit	no	blackarch
cymothoa	1-9	explicit	no	blackarch
cython	3.3.0-2	dependency	no	extra
cython2	0.29.32-3	dependency	no	blackarch
d-tect	13.9555c25-1	explicit	no	blackarch
dagon	244.f065d7b-2	explicit	no	blackarch
dalfox	1:v3.2.2.r48.g6447168-1	explicit	no	blackarch
damm	32.60e7ec7-3	explicit	no	blackarch
daredevil	42.81cb57f-1	explicit	no	blackarch
dark-dork-searcher	1.0-5	explicit	no	blackarch
darkarmour	4.f10228a-9	explicit	no	blackarch
darkbing	0.1-5	explicit	no	blackarch
darkd0rk3r	1.0-6	explicit	no	blackarch
darkdump	2:Darkdump.4.r5.g59912f6-2	explicit	no	blackarch
darkjumper	5.8-8	explicit	no	blackarch
darkmysqli	1.6-5	explicit	no	blackarch
darkscrape	68.2ca0e37-8	explicit	yes	foreign
darkspiritz	1:6.4d23e94-9	explicit	no	blackarch
darkstat	3.0.722-1	dependency	no	extra
darktable	2:5.6.1-3	explicit	no	extra
datajackproxy	42.f75f3a3-9	explicit	no	blackarch
datasploit	1:369.28d9caf-1	explicit	no	blackarch
dav1d	1.5.4-1	dependency	no	extra
davoset	1.3.7-6	explicit	no	blackarch
davscan	30.701f967-4	explicit	no	blackarch
davtest	3.a282c58-5	dependency	no	blackarch
dawnscanner	1:v2.2.0.r15.g0d647fc-5	explicit	no	blackarch
db5.3	5.3.28-7	dependency	no	core
dbd	61.8cf5350-1	explicit	no	blackarch
dbpwaudit	0.8-7	explicit	no	blackarch
dbus	1.16.2-1	dependency	no	core
dbus-broker	37-3	dependency	no	core
dbus-broker-units	37-3	dependency	no	core
dbus-c++	0.9.0-13	explicit	no	extra
dbus-glib	0.114-1	dependency	no	extra
dbus-units	37-3	dependency	no	core
dbusmap	16.6bb2831-2	explicit	no	blackarch
dc3dd	7.2.646-1	explicit	no	blackarch
dcdetector	0.0.1.r52.g2e69244-4	explicit	no	blackarch
dcfldd	1.9.3-1	explicit	no	blackarch
dconf	0.49.0-1	dependency	no	extra
dcrawl	7.3273c35-3	explicit	no	blackarch
ddcutil	3.0.2-1	dependency	no	extra
ddosify	1:v2.6.0.r32.g5cf7df3-1	explicit	no	blackarch
ddrescue	1.30-2	dependency	no	extra
de4dot	2090.b7d5728-1	explicit	no	blackarch
de4dotex	3.4.0.r4.gc21584f-1	explicit	no	blackarch
deathstar	60.d7bcbfd-7	explicit	no	blackarch
debinject	43.d884309-3	explicit	no	blackarch
deblaze	1:3.a24555d-1	explicit	no	blackarch
debugedit	5.3-2	dependency	no	core
debuginfod	0.196-1	dependency	no	core
decodify	63.4f82883-2	explicit	no	blackarch
deen	601.fd9aebe-7	explicit	no	blackarch
deepce	126.420b1d1-2	explicit	no	blackarch
default-cursors	3-1	dependency	no	extra
delldrac	0.1a-2	explicit	no	blackarch
delorean	16.0291151-3	explicit	no	blackarch
deluge	1:2.2.0-7	explicit	no	extra
deluge-gtk	1:2.2.0-7	explicit	no	extra
demiguise	11.58d5681-6	explicit	no	blackarch
deno	2.9.7-1	explicit	no	extra
densityscout	45-1	explicit	no	blackarch
depant	0.3a-12	explicit	no	blackarch
depdep	2.0-2	explicit	no	blackarch
dependency-check	10.0.2-1	explicit	no	blackarch
depix	38.f7d1850-1	explicit	no	blackarch
der-ascii	106.553d7fa-1	dependency	no	blackarch
deskhpsdr	2.6.65.r6.gdb2316c-1	explicit	no	blackarch
desktop-file-utils	0.28-1	dependency	no	extra
det	31.417cbce-6	explicit	no	blackarch
detect-it-easy	3:3.10-1	explicit	no	blackarch
detect-secrets	v1.5.0.r50.g5e141933-1	explicit	no	blackarch
detect-sniffer	159.a359262-1	explicit	no	blackarch
detectem	276.bc5f073-13	explicit	no	blackarch
devaudit	803.ca0a68e-1	explicit	no	blackarch
device-mapper	2.03.42-1	dependency	no	core
device-pharmer	40.b06a460-5	explicit	no	blackarch
dex2jar	2.1-2	explicit	no	blackarch
dexpatcher	1.7.0-1	explicit	no	blackarch
dff-scanner	1.1-2	explicit	no	blackarch
dfir-ntfs	1.1.20-4	explicit	no	blackarch
dftimewolf	1:884.6ae8443-1	explicit	no	blackarch
dga-detection	78.0a3186e-5	explicit	no	blackarch
dharma	98.6b1e511-7	explicit	no	blackarch
dhcdrop	0.5-3	explicit	no	blackarch
dhclient	4.4.3.P1-4	dependency	no	extra
dhcp	4.4.3.P1-4	dependency	no	extra
dhcpf	3.a770b20-2	explicit	no	blackarch
dhcpig	3:1.6.r8.gdfe9e45-2	explicit	no	blackarch
dhcpoptinj	123.58a12c6-1	explicit	no	blackarch
dialog	1:1.3_20260721-1	explicit	no	extra
didier-stevens-suite	446.dea6816-1	explicit	no	blackarch
diffutils	3.12-2	dependency	no	core
digikam	9.1.0-7	explicit	no	extra
ding-libs	0.7.0-1	dependency	no	core
dinouml	0.9.5-2	explicit	no	blackarch
dirb	2.22-2	dependency	no	blackarch
dirble	1:1.4.2-1	explicit	no	blackarch
dirbuster	1.0_RC1-11	explicit	no	blackarch
dirbuster-ng	9.0c34920-1	explicit	no	blackarch
directorytraversalscan	1.0.1.0-3	explicit	no	blackarch
dirhunt	329.a5ea20d-6	dependency	no	blackarch
dirscanner	0.1-6	explicit	no	blackarch
dirscraper	16.e752450-11	explicit	no	blackarch
dirsearch	2864.ff7e2166-1	dependency	no	blackarch
dirstalk	1.3.3-3	explicit	no	blackarch
discord	1:1.0.159-1	explicit	no	extra
discount	3.0.2.0-1	dependency	no	extra
discover	6.7.5-1	explicit	no	extra
disitool	0.4-9	explicit	no	blackarch
dislocker	0.7.3-6.1	explicit	no	chaotic-aur
dissector	1-3	explicit	no	blackarch
distorm	3.5.2.b-6	dependency	no	extra
distrobox	1.8.2.5-1	explicit	no	extra
dive	0.13.1-1	dependency	no	extra
dizzy	2.0-12	explicit	no	blackarch
djvulibre	3.5.30.1-1	dependency	no	extra
dkmc	56.3c238f0-3	explicit	no	blackarch
dkms	3.4.3-2	explicit	no	extra
dmde	4.2.2.816-1	explicit	no	blackarch
dmenu	5.4-1	dependency	no	extra
dmg2img	1.6.7-7	explicit	no	blackarch
dmidecode	3.7-1	explicit	no	extra
dmitry	1.3a-6	dependency	no	blackarch
dmraid	1.0.0.rc16.3-15	explicit	no	core
dnmap	0.6-9	explicit	no	blackarch
dns-parallel-prober	68.422db61-3	explicit	no	blackarch
dns-reverse-proxy	45.e3d33b9-1	explicit	no	blackarch
dns-spoof	13.81ba29f-1	explicit	no	blackarch
dns2geoip	0.1-5	explicit	no	blackarch
dns2tcp	0.5.2-6	explicit	no	blackarch
dnsa	0.6-1	explicit	no	blackarch
dnsbf	0.3-5	explicit	no	blackarch
dnsbrute	2.b1dc84a-5	explicit	no	blackarch
dnscan	209.281721e-3	explicit	no	blackarch
dnschef	17.a395411-9	explicit	no	blackarch
dnscobra	1.0-6	explicit	no	blackarch
dnsdiag	1:v2.9.4.r7.g574bcb9-1	explicit	no	blackarch
dnsdrdos	0.1-4	explicit	no	blackarch
dnsenum	1.2.4.2-7	dependency	no	blackarch
dnsfilexfer	24.126edcd-4	explicit	no	blackarch
dnsgen	v1.0.4.r12.g7c98e7e-3	explicit	no	blackarch
dnsgoblin	1:0.1-3	explicit	no	blackarch
dnsgrep	14.3f4fa7c-3	explicit	no	blackarch
dnsmap	51.d727cfb-2	explicit	no	blackarch
dnsmasq	2.93-1	dependency	no	extra
dnsobserver	5.f331482-2	explicit	no	blackarch
dnspredict	0.0.2-6	explicit	no	blackarch
dnsprobe	56.7120008-2	explicit	no	blackarch
dnspy	6.1.8-2	explicit	no	blackarch
dnsrecon	2:1.6.3-1	dependency	no	blackarch
dnssearch	20.e4ea439-4	explicit	no	blackarch
dnssec-anchors	20250524-1	dependency	no	core
dnsspider	1.5-1	explicit	no	blackarch
dnsteal	28.1b09d21-3	explicit	no	blackarch
dnstracer	1.10-3	explicit	no	blackarch
dnstwist	645.3413953-2	explicit	no	blackarch
dnsvalidator	82.146c9b0-7	explicit	no	blackarch
dnswalk	2.0.2-12	dependency	no	blackarch
dnswatch	dnswatch.1.r18.g7ee12c9-3	explicit	no	blackarch
dnsx	1:v1.2.1.r473.ge381493-1	explicit	no	blackarch
docbook-xml	4.5-11	explicit	no	extra
docbook-xsl	1.79.2-9	explicit	no	extra
docem	21.59db436-6	explicit	no	blackarch
docker-compose	5.5.1-1	explicit	no	extra
dockerscan	2:latest.r69.gd910377-1	explicit	no	blackarch
dolphin	26.08.1-1	explicit	no	extra
dolphin-plugins	26.08.1-1	explicit	no	extra
domain-analyzer	0.8.1-4	explicit	no	blackarch
domain-stats	169.759c52c-6	explicit	no	blackarch
domained	80.d9d079c-8	explicit	no	blackarch
domainhunter	51.38cb7ef-7	explicit	no	blackarch
domato	133.fadff39-4	explicit	no	blackarch
domi-owned	41.583d0a5-12	explicit	no	blackarch
domlink	37.1cabd5d-2	explicit	no	blackarch
donpapi	1:V1.2.0.r41.g4f01e2b-1	explicit	no	blackarch
dontgo403	2:v2.0.1.r1.g3ee901f-1	explicit	no	blackarch
donut	529.47758d7-4	dependency	no	blackarch
doona	145.7a4796c-4	explicit	no	blackarch
doork	6.90c7260-5	explicit	no	blackarch
doozer	9.5cfc8f8-5	explicit	no	blackarch
dorkbot	433.a73506f-1	explicit	no	blackarch
dorkme	57.0a7017a-3	explicit	no	blackarch
dorknet	58.419d6a2-4	explicit	no	blackarch
dorkscout	1.0.r13.gdd87daf-1	explicit	no	blackarch
dos2unix	7.5.7-1	explicit	no	extra
dosfstools	4.2-5	explicit	no	core
dotdotpwn	3.0.2-6	explicit	no	blackarch
dotnet-host	10.0.12.sdk112-1	dependency	no	extra
dotnet-runtime	10.0.12.sdk112-1	dependency	no	extra
dotnet-runtime-6.0	6.0.36.sdk136-3	dependency	no	extra
dotnet-sdk	10.0.12.sdk112-1	dependency	no	extra
dotnet-targeting-pack	10.0.12.sdk112-1	dependency	no	extra
dotpeek	2021.3.3-1	explicit	no	blackarch
double-conversion	3.4.0-1	dependency	no	extra
downgrade	12.0.3-1	explicit	no	chaotic-aur
doxygen	1.18.0-1	dependency	no	extra
dpdk	25.11.1-2	dependency	no	extra
dpeparser	1:beta002-3	explicit	no	blackarch
dpscan	0.1-5	explicit	no	blackarch
dr-checker	140.ea63c0f-3	explicit	no	blackarch
dr0p1t-framework	44.db9bc2d-4	explicit	no	blackarch
dracnmap	69.09d3945-1	explicit	no	blackarch
draco	1.5.7-2	explicit	no	extra
dracut	111-1.1	explicit	no	garuda
dradis-ce	1:v5.0.0.r700.g72c2386-1	explicit	no	blackarch
dragon	26.08.1-1	explicit	no	extra
dragon-backdoor	7.c7416b7-4	explicit	no	blackarch
drinkme	19.acf1a14-1	explicit	no	blackarch
dripcap	0.6.15-1	explicit	no	blackarch
dripper	v1.r1.gc9bb0c9-2	explicit	no	blackarch
droidcam	1:2.1.5-1.1	explicit	no	chaotic-aur
droopescan	1.45.1-9	dependency	no	blackarch
drozer	2.4.4-11	explicit	no	blackarch
drupal-module-enum	11.525543c-5	explicit	no	blackarch
drupalscan	0.5.2-15	explicit	no	blackarch
drupwn	2:1.0.4.r2.g8186732-1	explicit	no	blackarch
dscanner	0.15.2-2	dependency	no	extra
dsd	1:v1.6.0.r96.g59423fa-1	explicit	no	blackarch
dsd-fme	2024-1	explicit	no	blackarch
dsdcc	1.9.4-2	dependency	no	extra
dsfs	36.8e9f8e9-7	explicit	no	blackarch
dshell	142.695c891-3	explicit	no	blackarch
dsjs	33.e8af886-1	explicit	no	blackarch
dsniff	2.4b1-33	dependency	no	extra
dsss	127.ee6a847-1	explicit	no	blackarch
dsstore-crawler	7.efa51f5-7	explicit	no	blackarch
dsxs	135.a7b8f0e-1	explicit	no	blackarch
dtc	1:1.8.1-1	explicit	no	extra
dtp-spoof	5.3ae05fc-3	explicit	no	blackarch
dublin-traceroute	360.6af354f-1	explicit	no	blackarch
ducktoolkit	37.42da733-7	explicit	no	blackarch
duktape	2.7.0-7	dependency	no	extra
dumb0	19.1493e74-2	explicit	no	blackarch
dump1090	386.bff92c4-3	explicit	no	blackarch
dumpacl	1:0.1-1	explicit	no	blackarch
dumpsmbshare	23.1e5ceb1-2	explicit	no	blackarch
dumpusers	1.0-2	explicit	no	blackarch
dumpzilla	03152013-10	explicit	no	blackarch
duplicut	2.2-1	explicit	no	blackarch
dutas	10.37fa3ab-6	explicit	no	blackarch
dvcs-ripper	54.2c1bbc6-5	explicit	no	blackarch
dvgrab	3.5.2-1	explicit	no	extra
dvisvgm	3.6.1-1	dependency	no	extra
dwarf	1084.fd859ae-4	explicit	no	blackarch
dynamorio	9.0.19046-1	explicit	no	blackarch
e2fsprogs	1.47.4-1	explicit	no	core
eapeak	130.9550d1c-3	explicit	no	blackarch
eaphammer	1:v1.14.1.r0.g91e8956-5	explicit	no	blackarch
eapmd5pass	3.3d5551f-2	explicit	no	blackarch
easy-creds	45.bf9f00c-1	explicit	no	blackarch
easyda	7.0867f9b-3	explicit	no	blackarch
easyfuzzer	3.6-7	explicit	no	blackarch
easytag	2.4.3-17	explicit	no	extra
eazy	0.1-5	explicit	no	blackarch
ebook-tools	0.2.2-9	dependency	no	extra
ecfs	305.1758063-1	explicit	no	blackarch
ecryptfs-utils	111-9	explicit	no	extra
edb	3337.eedd97a0-1	explicit	no	blackarch
editorconfig-core-c	0.12.11-1	dependency	no	extra
edk2-aarch64	202608-1	dependency	no	extra
edk2-ovmf	202608-1	explicit	no	extra
edk2-riscv64	202608-1	dependency	no	extra
efibootmgr	18-4	explicit	no	core
efivar	39-2	dependency	no	core
eggshell	157.eaeeea7-3	explicit	no	blackarch
egl-gbm	1.1.4-1	explicit	no	extra
egl-wayland	4:1.1.22-1	explicit	no	extra
egl-wayland2	1.0.2-1	explicit	no	extra
egl-x11	1.0.6-1	explicit	no	extra
eglexternalplatform	1.2.1-1	explicit	no	extra
eigen	5.0.1-2	dependency	no	extra
eigrp-tools	0.1-1	explicit	no	blackarch
eindeutig	20050628_1-5	explicit	no	blackarch
elasticsearch	9.5.4-1	dependency	no	chaotic-aur
electric-fence	2.2.5-1	explicit	no	blackarch
electron	1:44-1	dependency	no	extra
electron38-bin	38.8.6-1	explicit	no	chaotic-aur
electron39	39.8.10-2	dependency	no	extra
electron41	41.10.7-1	dependency	no	extra
electron42	42.11.8-1	dependency	no	extra
electron43	43.7.5-1	dependency	no	extra
electron44	44.4.5-1	explicit	no	extra
element-desktop	1.12.25-1	explicit	no	extra
element-web	1.12.25-1	explicit	no	extra
elementary-icon-theme	9.0.0-1	dependency	no	extra
elettra	1.0-5	explicit	no	blackarch
elettra-gui	1.0-6	explicit	no	blackarch
elevate	27.1272d51-8	explicit	no	blackarch
elfkickers	3.2-6	dependency	no	extra
elfparser	7.39d21ca-2	explicit	no	blackarch
elfutils	0.196-1	dependency	no	core
elidecode	48.38fa5ba-6	explicit	no	blackarch
elisa	26.08.1-1	explicit	no	extra
elite-proxy-finder	51.1ced3be-5	explicit	no	blackarch
ell	0.83-1	explicit	no	extra
emacs	31.1-2	explicit	no	extra
email2phonenumber	29.9df9dbe-5	explicit	no	blackarch
embree	4.4.1-1	explicit	no	extra
emldump	0.0.11-3	explicit	no	blackarch
emp3r0r	v4.19.0.r0.gf88768ae-1	explicit	no	blackarch
empire	3:v6.7.1.r0.gca5b774-1	explicit	no	blackarch
enabler	1-7	explicit	no	blackarch
enchant	2.8.21-1	dependency	no	extra
encodeshellcode	0.1b-3	explicit	no	blackarch
ent	1.0-2	explicit	no	blackarch
enteletaor	70.5b0174e-1	explicit	no	blackarch
entropy	702.13aac50-1	explicit	no	blackarch
enum-shares	7.97cba5a-6	explicit	no	blackarch
enum4linux	0.9.1-4	dependency	no	blackarch
enum4linux-ng	454.288826f-1	explicit	no	blackarch
enumerate-iam	14.4529114-8	explicit	no	blackarch
enumerid	37.ba5540f-1	explicit	no	blackarch
enumiax	1.0-7	explicit	no	blackarch
enyelkm	1.2-2	explicit	no	blackarch
eos	16.47f0086-5	explicit	no	blackarch
epicwebhoneypot	2.0a-3	explicit	no	blackarch
erase-registrations	1.0-3	explicit	no	blackarch
eraser	6.2.0.2992-1	explicit	no	blackarch
eresi	1291.4769c175-3	explicit	no	blackarch
erl-matter	53.ab793cd-4	explicit	no	blackarch
erlang	29.0.6-1	dependency	no	extra
erlang-asn1	29.0.6-1	dependency	no	extra
erlang-cl	1.2.4-10	explicit	yes	foreign
erlang-common_test	29.0.6-1	dependency	no	extra
erlang-core	29.0.6-1	dependency	no	extra
erlang-debugger	29.0.6-1	dependency	no	extra
erlang-dialyzer	29.0.6-1	dependency	no	extra
erlang-diameter	29.0.6-1	dependency	no	extra
erlang-edoc	29.0.6-1	dependency	no	extra
erlang-eldap	29.0.6-1	dependency	no	extra
erlang-erl_interface	29.0.6-1	dependency	no	extra
erlang-et	29.0.6-1	dependency	no	extra
erlang-eunit	29.0.6-1	dependency	no	extra
erlang-ftp	29.0.6-1	dependency	no	extra
erlang-inets	29.0.6-1	dependency	no	extra
erlang-jinterface	29.0.6-1	dependency	no	extra
erlang-megaco	29.0.6-1	dependency	no	extra
erlang-mnesia	29.0.6-1	dependency	no	extra
erlang-observer	29.0.6-1	dependency	no	extra
erlang-odbc	29.0.6-1	dependency	no	extra
erlang-os_mon	29.0.6-1	dependency	no	extra
erlang-parsetools	29.0.6-1	dependency	no	extra
erlang-public_key	29.0.6-1	dependency	no	extra
erlang-reltool	29.0.6-1	dependency	no	extra
erlang-runtime_tools	29.0.6-1	dependency	no	extra
erlang-sasl	29.0.6-1	dependency	no	extra
erlang-snmp	29.0.6-1	dependency	no	extra
erlang-ssh	29.0.6-1	dependency	no	extra
erlang-ssl	29.0.6-1	dependency	no	extra
erlang-syntax_tools	29.0.6-1	dependency	no	extra
erlang-tftp	29.0.6-1	dependency	no	extra
erlang-tools	29.0.6-1	dependency	no	extra
erlang-wx	29.0.6-1	dependency	no	extra
erlang-xmerl	29.0.6-1	dependency	no	extra
espeak-ng	1.52.0-1	dependency	no	extra
espionage	1:48.2d57edd-5	explicit	no	blackarch
eternal-scanner	101.3979b0f-1	explicit	no	blackarch
etherape	0.9.22-1	dependency	no	extra
etherchange	1.1-2	explicit	no	blackarch
etherflood	1.1-2	explicit	no	blackarch
ethtool	1:7.1-1	explicit	no	extra
ettercap	0.8.4.1-1	dependency	no	extra
evil-ssdp	1:08..beta.r7.g0d41a11-1	explicit	no	blackarch
evil-winrm	1:v4.1.r0.g64d8e0f-1	explicit	no	blackarch
evil-winrm-py	1.6.0-1	explicit	no	blackarch
evilclippy	62.fa610c6-1	explicit	no	blackarch
evilginx	3.3.0-1	dependency	no	extra
evilgrade	2.0.9-5	dependency	no	blackarch
evilize	0.2-2	explicit	no	blackarch
evillimiter	36.46d2033-10	explicit	no	blackarch
evilmaid	1.01-5	explicit	no	blackarch
evilpdf	5.43696a8-1	explicit	no	blackarch
evine	44.cfd8fa0-1	explicit	no	blackarch
evolution	3.60.2-1	explicit	no	extra
evolution-data-server	3.60.2-5	explicit	no	extra
evtkit	8.af06db3-4	explicit	no	blackarch
ex-vi-compat	3-1	explicit	no	extra
exabgp	3:4.0.2.r2709.gc94e443-1	explicit	no	blackarch
exe2hex	1.5.1.r6.ge563b35-5	explicit	no	blackarch
exe2image	1.1-1	explicit	no	blackarch
exempi	2.6.6-3	dependency	no	extra
exescan	1.ad993e3-5	explicit	no	blackarch
exfatprogs	1.4.3-1	explicit	no	extra
exiflooter	40.b8cc568-1	explicit	no	blackarch
exitmap	373.8155029-3	explicit	no	blackarch
exiv2	0.28.9-1	dependency	no	extra
exo	4.20.0-2	explicit	no	extra
expac	10-13	dependency	no	extra
expat	2.8.5-1	dependency	no	core
expect	5.45.4-5	dependency	no	extra
expimp-lookup	4.79a96c7-2	explicit	no	blackarch
exploit-db	1.6-8	explicit	no	blackarch
exploitdb	20260709-1	dependency	no	extra
exploitpack	139.e565c47-1	explicit	no	blackarch
expose	1110.30264af-1	explicit	no	blackarch
exrex	151.c3882c7-2	dependency	no	blackarch
ext4magic	0.3.2-4	explicit	no	blackarch
extended-ssrf-search	28.680f815-6	explicit	no	blackarch
extra-cmake-modules	6.30.0-1	explicit	no	extra
extractbitlockerkeys	1.2.r20.g54730e4-1	explicit	no	blackarch
extracthosts	17.8fdff9e-1	explicit	no	blackarch
extractusnjrnl	7.362d4290-1	explicit	no	blackarch
eyeballer	143.5299227-6	explicit	no	blackarch
eyepwn	1.0-3	explicit	no	blackarch
eyewitness	1:v20230525.1.r207.gc3286fb-1	explicit	no	blackarch
eza	0.23.5-2	dependency	no	extra
f-scrack	19.9a00357-2	explicit	no	blackarch
f2fs-tools	1.16.0-4	explicit	no	extra
faac	2.1-1	dependency	no	extra
faad2	2.11.3-1	dependency	no	extra
facebash	17.95c3c25-1	explicit	no	blackarch
facebookosint	22.3fb03f5-1	explicit	no	blackarch
facebot	23.57f6025-5	explicit	no	blackarch
facebrok	33.0f6fe8d-2	explicit	no	blackarch
facebrute	7.ece355b-5	explicit	no	blackarch
facter	4.10.0-3	explicit	no	extra
factordb-pycli	1.3.0-9	explicit	no	blackarch
fakeap	0.3.2-5	explicit	no	blackarch
fakedns	118.39609da-6	explicit	no	blackarch
fakemail	1.0-7	explicit	no	blackarch
fakenet-ng	320.7c8e006-1	explicit	no	blackarch
fakenetbios	7.b83701e-3	explicit	no	blackarch
fakeroot	1:1.37.2-3	dependency	no	core
falcosecurity-libs	0.23.2-6	dependency	no	extra
falkon	26.08.1-1	explicit	no	extra
fang	22.4f94552-4	explicit	no	blackarch
faradaysec	1:v3.19.0.r2583.g77edf29-1	explicit	no	blackarch
fastfetch	2.68.1-1	explicit	no	extra
fastnetmon	v1.2.9.r56.g2436f447-1	explicit	no	blackarch
fatresize	1.1.0-2	explicit	no	extra
fav-up	54.089aa11-1	explicit	no	blackarch
favfreak	27.8acea5e-6	explicit	no	blackarch
fbht	1:70.d75ae93-5	explicit	no	blackarch
fbi	28.0f94e99-1	explicit	no	blackarch
fbid	16.1b35eb9-1	explicit	no	blackarch
fcrackzip	1.0-6	dependency	no	extra
fd	10.5.0-3	explicit	no	extra
fdsploit	26.4522f53-9	explicit	no	blackarch
featherduster	191.9229158-3	explicit	no	blackarch
feh	3.13.1-1	dependency	no	extra
fern-wifi-cracker	303.58ed54e-1	explicit	no	blackarch
fernflower	802.c03cae7a-1	explicit	no	blackarch
fernmelder	1:0.4s2.r2.g030212e-1	explicit	no	blackarch
feroxbuster	1:v2.13.1.r23.g1f595da-1	dependency	no	blackarch
ffcall	2.5-1	dependency	no	extra
ffm	137.c7dadab-1	explicit	no	blackarch
ffmpeg	2:9.0.2-1	dependency	no	extra
ffmpegthumbs	26.08.1-1	explicit	no	extra
fftw	3.3.11-1	dependency	no	extra
ffuf	1:v2.3.0.r2.g23b5d68-1	dependency	no	blackarch
ffuf-scripts	1.2192bf7-1	explicit	no	blackarch
fgscanner	11.893372c-2	explicit	no	blackarch
fhttp	1.3-9	explicit	no	blackarch
fi6s	258.765fcf3-1	explicit	no	blackarch
fierce	145.965840d-2	dependency	no	blackarch
figlet	2.2.5-6	dependency	no	extra
fiked	0.0.5-7	explicit	no	blackarch
file	5.48-1	explicit	no	core
filebuster	95.f2b04c7-4	explicit	no	blackarch
filefuzz	1.0-4	explicit	no	blackarch
filegps	90.03cbc75-3	explicit	no	blackarch
fileintel	33.a0bff38-4	explicit	no	blackarch
filesystem	2025.10.12-1	explicit	no	core
filezilla	3.71.1-1	explicit	no	extra
filibuster	167.c54ac80-2	explicit	no	blackarch
fimap	2:230.41eca15-1	explicit	no	blackarch
finalrecon	1:v1.1.8.r4.gb5db3a4-1	explicit	no	blackarch
find-dns	0.1-6	explicit	no	blackarch
find3	604.5964026-1	explicit	no	blackarch
findmyhash	1.1.2-9	explicit	no	blackarch
findmyiphone	19.aef3ac8-1	explicit	no	blackarch
findomain	10.0.1-2	dependency	no	extra
findsploit	87.3e61d8d-1	explicit	no	blackarch
finduncommonshares	3.2.r11.ga1f94dd-3	explicit	no	blackarch
findutils	4.11.0-1	explicit	no	core
fingerprinter	486.e0078b4-1	explicit	no	blackarch
firebaseenum	19.1cbd19c-2	explicit	no	blackarch
firecat	6.b5205c8-2	explicit	no	blackarch
firedragon	2:13.6.1-1	explicit	no	garuda
firedragon-extension-plasma-integration	1.9-1.4	explicit	no	chaotic-aur
firefox	156.0.1-1	explicit	no	extra
firefox-decrypt	1.1.3.r3.g01fe020-1	explicit	no	blackarch
firefox-esr	153.3.0-1	explicit	no	chaotic-aur
firefox-security-toolkit	17.d356ab8-1	explicit	no	blackarch
fireprox	51.a6e1300-7	explicit	no	blackarch
firewalk	5.0-6	explicit	no	blackarch
firewalld	2.5.2-1	explicit	no	extra
firmwalker	101.23ff299-1	explicit	no	blackarch
firmware-mod-kit	1:0.99.r119.gc72f45d-1	explicit	no	blackarch
firstexecution	6.a275793-3	explicit	no	blackarch
firstorder	8.107eb6a-3	explicit	no	blackarch
fish	4.9.3-1	dependency	no	extra
fl0p	0.1-3	explicit	no	blackarch
flac	1.5.0-1	dependency	no	extra
flare	0.6-4	explicit	no	blackarch
flare-floss	2:quantumstrand.beta3.r563.ge293425-1	explicit	no	blackarch
flashlight	109.90d1dc5-3	explicit	no	blackarch
flashscanner	11.6815b02-8	explicit	no	blackarch
flashsploit	23.c465a6d-6	explicit	no	blackarch
flask-session-cookie-manager2	v1.2.2.r1.g3c271d2-1	explicit	no	blackarch
flask-session-cookie-manager3	v1.2.2.r1.g3c271d2-1	explicit	no	blackarch
flask-unsign	1:v1.2.1.r0.g6e6e91d-5	explicit	no	blackarch
flasm	1.62-6	explicit	no	blackarch
flatpak	1:1.18.3-1	explicit	no	extra
flawfinder	2.0.20-1	dependency	no	extra
flex	2.6.4-6	dependency	no	core
flickcurl	1.26-13	explicit	no	extra
flowinspect	97.34759ed-3	explicit	no	blackarch
fltk	1.4.5-2	dependency	no	extra
fltk1.3	1.3.11-4	dependency	no	extra
fluidsynth	2.6.1-1	dependency	no	extra
flunym0us	2.0-7	explicit	no	blackarch
fluxbox	1.3.7+221+g36f99b92-1	dependency	no	extra
fluxion	8:v6.32.r4.ge836f01-1	explicit	no	blackarch
flyr	76.4926ecc-1	explicit	no	blackarch
fmt	12.2.0-1	explicit	no	extra
fockcache	10.3e7efa9-2	explicit	no	blackarch
folks	0.15.12-1	explicit	no	extra
fontconfig	2:2.18.3-2	dependency	no	extra
fontforge	20251009-5	explicit	no	extra
foomatic-db	3:20260904-1	explicit	no	extra
foomatic-db-engine	5:20200131-2	explicit	no	extra
foomatic-db-gutenprint-ppds	5.3.5-1	explicit	no	extra
foomatic-db-nonfree	3:20260904-1	explicit	no	extra
foomatic-db-nonfree-ppds	3:20260904-1	explicit	no	extra
foomatic-db-ppds	3:20260904-1	explicit	no	extra
forager	1:v2.0.3.r3.g7439b0a-2	explicit	no	blackarch
foremost	1.5.7-7	dependency	no	extra
foresight	1:0.1.r12.g6f48984-1	explicit	no	blackarch
forkingportscanner	1-2	explicit	no	blackarch
formatstringexploiter	107.2810293-6	explicit	no	blackarch
fortiscan	0.7.r7.gd54faa0-3	explicit	no	blackarch
fpdns	2:109.655bfa7-2	explicit	no	blackarch
fping	5.5-1	dependency	no	extra
fport	2.0-6	explicit	no	blackarch
fprintd	1.94.5-2	explicit	no	extra
fprotlogparser	1-2	explicit	no	blackarch
fractal	14.1-1	explicit	no	extra
frameworkintegration	6.30.0-1	dependency	no	extra
fraud-bridge	1:rel.0.32s.r3.g88a5baa-1	explicit	no	blackarch
fred	0.1.1-3	explicit	no	blackarch
freecad	1.1.3-2	explicit	no	extra
freedownloadmanager	6.34.4.6974-1.2	explicit	no	chaotic-aur
freeglut	3.8.0-1	dependency	no	extra
freeipmi	1.6.19-1	dependency	no	extra
freeradius	3.2.10-1	dependency	no	extra
freerdp	2:3.31.1-1	dependency	no	extra
freetds	1.5.19-1	dependency	no	extra
freetype2	2.14.3-1	explicit	no	extra
freewifi	30.1cb752b-11	explicit	no	blackarch
frei0r-plugins	3.5.0-1	explicit	no	extra
fribidi	1.0.16-2	dependency	no	extra
frida-extract	13.abb3f14-3	explicit	no	blackarch
frida-ios-dump	53.56e99b2-3	explicit	no	blackarch
fridump	23.3e64ee0-4	explicit	no	blackarch
frisbeelite	1.2-9	explicit	no	blackarch
fs-exploit	3.28bb9bb-2	explicit	no	blackarch
fs-nyarl	1.0-7	explicit	no	blackarch
fscan	2:v2.2.1.r0.g95cc12e-1	explicit	no	blackarch
fscrypt	0.3.6-2	explicit	no	extra
fsnoop	3.4-2	explicit	no	blackarch
fssb	73.51d2ac2-1	explicit	no	blackarch
fstealer	0.1-7	explicit	no	blackarch
ftester	1.0-5	explicit	no	blackarch
ftp-fuzz	1:1337-5	explicit	no	blackarch
ftp-scanner	0.2.5-2	explicit	no	blackarch
ftp-spider	1.0-8	explicit	no	blackarch
ftplib	4.0-2	dependency	no	blackarch
ftpmap	52.cbeabbe-1	explicit	no	blackarch
ftpscout	12.cf1dff1-12	explicit	no	blackarch
fuddly	1:0.30.dev.r405.gb4cb1bc-1	explicit	no	blackarch
fuse-common	3.18.3-1	dependency	no	extra
fuse2	2.9.9-6	dependency	no	extra
fuse3	3.18.3-1	dependency	no	extra
fusil	1.5-4	explicit	no	blackarch
fuxploider	1:v1.0.r50.g75a81ff-1	explicit	no	blackarch
fuzzap	17.057002b-5	explicit	no	blackarch
fuzzball2	0.7-4	explicit	no	blackarch
fuzzbunch	34.a27780c-1	explicit	no	blackarch
fuzzdb	475.5656ab2-3	explicit	no	blackarch
fuzzdiff	1.1-1	explicit	no	blackarch
fuzzowski	41.e39f665-7	explicit	no	blackarch
fuzztalk	1.0.0.0-3	explicit	no	blackarch
fwupd	2.1.8-1	explicit	no	extra
fwupd-efi	1.8-2	dependency	no	extra
fzf	0.74.4-1	dependency	no	extra
fzssh	1.4.0-1	dependency	no	extra
g72x++	1-3	explicit	no	blackarch
gadgetinspector	6.ac7832d-1	explicit	no	blackarch
gadgettojscript	20.005cb8b-1	explicit	no	blackarch
galleta	20040505_1-6	explicit	no	blackarch
game-devices-udev	1.0-1	dependency	no	chaotic-aur
garak	0.17.0.r1.g3f50ea5-1	explicit	no	blackarch
garcon	4.20.0-2	explicit	no	extra
garuda-bash-config	2.0.0-1	dependency	no	garuda
garuda-blackarch	1.1.0-2	explicit	no	garuda
garuda-browser-settings	1.2.5-1	explicit	no	garuda
garuda-common-settings	2.13.0-1	explicit	no	garuda
garuda-config-agent	1.1.0-1	explicit	no	garuda
garuda-dracut-support	1.6.0-2	explicit	no	garuda
garuda-fish-config	2.0.1-3	explicit	no	garuda
garuda-hardware-profile-nvidia	2.0.1-3	explicit	no	garuda
garuda-hardware-profile-standard	2.0.1-3	explicit	no	garuda
garuda-hardware-tool	1.2.1-1	explicit	no	garuda
garuda-health	1.11.1-1	dependency	no	garuda
garuda-hooks	2.16.0-1	explicit	no	garuda
garuda-icons	1.0.0-1	explicit	no	garuda
garuda-libs	1.10.0-1	dependency	no	garuda
garuda-migrations	4.1.0-1	dependency	no	garuda
garuda-mokka	2.0.8-1	explicit	no	garuda
garuda-network-assistant	1.2.2-2	explicit	no	garuda
garuda-nix-subsystem	1.2.0-1	explicit	no	garuda
garuda-setup-assistant	5.1.0-1	explicit	no	garuda
garuda-starship-prompt	1.0.4-1	dependency	no	garuda
garuda-system-maintenance	3.1.0-4	explicit	no	garuda
garuda-toolbox	6.3.0-1	explicit	no	garuda
garuda-update	5.7.3-1	dependency	no	garuda
garuda-wallpapers	1.1.1-1	explicit	no	garuda
gasmask	172.2527371-8	explicit	no	blackarch
gatecrasher	2.3ad5225-3	explicit	no	blackarch
gau	171.8201b9d-1	explicit	no	blackarch
gavl	2.0.1-2	dependency	no	extra
gawk	5.4.1-1	explicit	no	core
gc	8.2.12-1	dependency	no	core
gcat	29.39b266c-3	explicit	no	blackarch
gcc	16.2.1+r23+gd564253eb6c8-1	dependency	no	core
gcc-libs	16.2.1+r23+gd564253eb6c8-1	explicit	no	core
gcc14-libs	14.3.1+r420+g039a62bd2e0c-1	explicit	yes	foreign
gcc15	15.3.0+r0.g4db0e8df15be-2	dependency	no	extra
gcc15-libs	15.3.0+r0.g4db0e8df15be-2	dependency	no	extra
gconf	3.2.6+11+g07808097-6	dependency	no	blackarch
gcpbucketbrute	17.6866bd2-6	explicit	no	blackarch
gcr	3.41.2-2	dependency	no	extra
gcr-4	4.4.1-1	dependency	no	extra
gcrypt	1:32.d3f9f06-1	explicit	no	blackarch
gd	2.3.3-9	explicit	no	extra
gdb	17.2-1	dependency	no	extra
gdb-common	17.2-1	dependency	no	extra
gdbgui	1:438.773b916-2	explicit	no	blackarch
gdbm	1.26-2	dependency	no	core
gdir.pl	9.d2cc05d-1	explicit	no	blackarch
gdk-pixbuf2	2.44.7-1	dependency	no	extra
geary	1:46.0-9	explicit	no	extra
geckodriver	0.37.1-1	dependency	no	extra
gegl	0.4.72-3	explicit	no	extra
gene	78.faf8cc0-1	explicit	no	blackarch
genisys	53.d53bb0c-9	explicit	no	blackarch
genlist	1:0.1-3	explicit	no	blackarch
genymotion	3.10.0-1	explicit	no	chaotic-aur
geocode-glib	3.26.4-6	explicit	no	extra
geoedge	0.2-7	explicit	no	blackarch
geoip	1.6.12-3	explicit	no	extra
geoip-database	20260204-1	explicit	no	extra
geoip-database-extra	20260204-1	dependency	no	extra
geoipgen	0.4-3	explicit	no	blackarch
geoipupdate	8.0.0-1	dependency	no	extra
geos	3.15.0-1	dependency	no	extra
gerix-wifi-cracker	1.1c3cd73-4	explicit	no	blackarch
gethsploit	3.144778b-3	explicit	no	blackarch
getsids	1.0.0-1	explicit	no	blackarch
getsploit	1:v3.0.1.r0.gb0520bb-1	explicit	no	blackarch
gettext	1.0-2	explicit	no	core
gexiv2-common	0.16.2-2	dependency	no	extra
gf	39.dcd4c36-1	explicit	no	blackarch
gflags	2.2.2-6	dependency	no	extra
gfxstream	0.1.2-2	explicit	no	extra
gg-images	35.b2dd863-3	explicit	no	blackarch
gggooglescan	0.4-4	explicit	no	blackarch
ggml	0.24.0-2	dependency	no	extra
gh-dork	3.799f86f-9	explicit	no	blackarch
ghauri	1.4.3.r0.g18e3677-2	explicit	no	blackarch
ghc-libs	9.6.6-1	dependency	no	extra
ghettotooth	1.0-3	explicit	no	blackarch
ghidra	12.1.2-2	dependency	no	extra
ghidriff	v1.0.0.r6.g4f5d895-1	explicit	no	blackarch
ghost	426.bf38c7e-2	explicit	no	blackarch
ghost-phisher	2.0-2	explicit	no	blackarch
ghost-py	2.0.0-4	explicit	no	blackarch
ghostdelivery	32.a23ed5a-1	explicit	no	blackarch
ghostpack	123.20a5f0a-1	explicit	no	blackarch
ghostscript	10.08.0-1	dependency	no	extra
ghunt	v2.2.0.r30.g5ee8939-1	explicit	no	blackarch
gibberish-detector	v0.1.1.r2.gecac969-6	dependency	no	blackarch
giflib	6.1.3-2	dependency	no	extra
gimp	3.2.6-2	explicit	no	extra
girsh	v0.41.r0.gfc5b44e-1	explicit	no	blackarch
giskismet	1:2.9ebe9d0-1	explicit	no	blackarch
git	2.55.0-1	dependency	no	extra
git-dump	7.4c9a2a9-1	explicit	no	blackarch
git-dumper	1:1.0.9.r8.g2b47da1-1	explicit	no	blackarch
git-hound	258.15701b7-1	explicit	no	blackarch
git-wild-hunt	16.6495672-7	explicit	no	blackarch
gitdorker	113.8199375-8	explicit	no	blackarch
gitdump	2:1.a8b6188-1	explicit	no	blackarch
gitem	104.d40a1c9-9	explicit	no	blackarch
gitgraber	82.aab4839-5	explicit	no	blackarch
githack	16.a3d70b1-3	explicit	no	blackarch
githound	v3.2.r0.g15701b7-1	explicit	no	blackarch
github-cli	2.101.0-1	explicit	no	extra
github-desktop	3.4.14-2	explicit	no	chaotic-aur
github-dorks	100.118d70b-1	explicit	no	blackarch
github-subdomains	v1.2.2.r1.g2bfdf12-1	explicit	no	blackarch
githubcloner	36.20203e7-3	explicit	no	blackarch
gitkraken	12.5.0-1	explicit	no	chaotic-aur
gitleaks	8.30.1-1	dependency	no	extra
gitmails	1:0.1.1.r6.g8aa8411-1	explicit	no	blackarch
gitminer	1:8.071385f-1	explicit	no	blackarch
gitrecon	30.6467e78-8	explicit	no	blackarch
gitrob	7.7be4c53-3	explicit	no	blackarch
gittools	76.79743ed-1	explicit	no	blackarch
gjs	2:1.88.1-1	explicit	no	extra
gksu	2.0.2-7	dependency	no	blackarch
glew	2.3.1-1	explicit	no	extra
glfw	1:3.5.1-1	explicit	no	extra
glib-networking	1:2.80.1-1	dependency	no	extra
glib-perl	1.329.4-3	dependency	no	extra
glib2	2.88.3-1	dependency	no	core
glib2-devel	2.88.3-1	dependency	no	core
glib2-docs	2.88.3-1	explicit	no	core
glibc	2.44+r24+g16be1518495f-1	explicit	no	core
glibmm	2.66.10-1	explicit	no	extra
glm	1.0.3-1	explicit	no	extra
gloom	1:93.cd6e927-1	explicit	no	blackarch
glpk	5.0-3	dependency	no	extra
glpwnme	158.cc22dfe-1	explicit	no	blackarch
glslang	1:1.4.357.0-1	dependency	no	extra
glu	9.0.3-3	dependency	no	extra
glue	380.8703380-9	explicit	no	blackarch
glusterfs	1:11.2-2	dependency	no	extra
glycin	2.1.5-2	dependency	no	extra
glycin-gtk4	2.1.5-2	explicit	no	extra
gmic	4.0.5-2	explicit	no	extra
gmime3	3.2.15-2	explicit	no	extra
gmp	6.3.0-3	dependency	no	core
gmsadumper	18.e03187c-6	explicit	no	blackarch
gnome-app-list	3.0-1	explicit	no	extra
gnome-autoar	0.5.2-1	explicit	no	extra
gnome-boxes	50.0-1	explicit	no	extra
gnome-builder	50.0-1	explicit	no	extra
gnome-desktop	1:44.5-1	explicit	no	extra
gnome-desktop-common	1:44.5-1	explicit	no	extra
gnome-firmware	49.0-1	explicit	no	extra
gnome-keyring	1:50.0-1	dependency	no	extra
gnome-online-accounts	3.58.1-1	explicit	no	extra
gnome-software	50.4-1	explicit	no	extra
gnome-terminal	3.60.0-1	dependency	no	extra
gnome-themes-extra	1:3.28-1	dependency	no	extra
gnulib-l10n	20241231-1	dependency	no	core
gnupg	2.4.9-3	dependency	no	core
gnuplot	6.0.5-1	dependency	no	extra
gnuradio	3.10.12.0-18	dependency	no	extra
gnuradio-companion	3.10.12.0-18	dependency	no	extra
gnuradio-iqbal	0.38.3-3	dependency	no	extra
gnuradio-osmosdr	0.2.6-19	dependency	no	extra
gnustep-base	1.31.1-3	dependency	no	extra
gnutls	3.8.13-3	dependency	no	core
go	2:1.27.1-1	dependency	no	extra
go-exploitdb	v0.7.2.r1.geeb116a-1	explicit	no	blackarch
go-windapsearch	v0.3.0.r22.ged05587-2	explicit	no	blackarch
gobd	82.3bbd17c-4	explicit	no	blackarch
gobject-introspection	1.86.0-2	dependency	no	extra
gobject-introspection-runtime	1.86.0-2	dependency	no	extra
gobuster	3.8.2-1	dependency	no	extra
gocabrito	4.33ac59a-5	explicit	no	blackarch
goddi	1.2-2	explicit	no	blackarch
goldeneye	28.792862f-6	explicit	no	blackarch
golismero	73.7d605b9-3	dependency	no	blackarch
gom	0.5.6-1	explicit	no	extra
gomapenum	v1.1.0.r114.g5aee194-1	explicit	no	blackarch
goocanvas1	1.0.0-1	dependency	no	blackarch
goocanvas2	2.0.4-11.1	dependency	no	chaotic-aur
goodork	2.2-9	explicit	no	blackarch
goofuzz	2.0.r1.gc32df39-1	explicit	no	blackarch
goog-mail	1.0-2	explicit	no	blackarch
google-chrome-canary	156.0.8062.0-1	explicit	yes	foreign
google-crc32c	1.1.2-1	dependency	no	blackarch
google-explorer	140.0b21b57-9	explicit	no	blackarch
google-glog	0.7.1-2	dependency	no	extra
googlesub	14.a7a3cc7-4	explicit	no	blackarch
goohak	31.815a31e-1	dependency	no	blackarch
goop	12.39b34eb-11	explicit	no	blackarch
goop-dump	74.5865759-1	explicit	no	blackarch
gooscan	1.0.9-5	explicit	no	blackarch
gopherus	33.90a2fd5-3	explicit	no	blackarch
gophish	815.95618469-1	explicit	no	blackarch
goshs	2.1.0-1	explicit	no	blackarch
gosint	196.9c86ed2-2	explicit	no	blackarch
gospider	108.f6cc9a7-1	explicit	no	blackarch
gostringsr2	1.1.2-8	explicit	no	blackarch
gowitness	1:3.1.1.r7.g4f56290-1	explicit	no	blackarch
gperf	3.3-2	dependency	no	extra
gperftools	2.18.1-1	dependency	no	extra
gpgme	2.2.0-1	dependency	no	core
gpgmepp	2.2.0-1	dependency	no	extra
gplist	1.0-2	explicit	no	blackarch
gpm	1.20.7.r38.ge82d1a6-7	dependency	no	core
gpocrack	3.cf63c86-9	explicit	no	blackarch
gpowned	25.5de0c77-1	explicit	no	blackarch
gpp-decrypt	1:v1.1.r2.g801b9d5-2	explicit	no	blackarch
gpredict	2.6-1	explicit	no	chaotic-aur
gps-sdr-sim	224.28ca29a-1	explicit	no	blackarch
gpsd	3.27.5-1	dependency	no	extra
gqrx	2.17.7-2	dependency	no	extra
gqrx-scanner	1.0.5-1	explicit	no	blackarch
gr-air-modes	396.0b6c383-1	explicit	no	blackarch
gr-dect2	39.0d973fe-2	explicit	no	blackarch
gr-gsm	1:1191.71e9630-1	dependency	no	blackarch
gr-paint	53.c443e36-2	explicit	no	blackarch
grabbb	0.0.7-2	explicit	no	blackarch
grabber	0.1-12	explicit	no	blackarch
grabing	11.9c1aa6c-1	explicit	no	blackarch
grabitall	1.1-1	explicit	no	blackarch
graffiti	24.4af61b4-3	explicit	no	blackarch
grammarinator	510.37d0f5e-1	explicit	no	blackarch
grantleetheme	26.08.1-1	explicit	no	extra
graphene	1.10.8-2	dependency	no	extra
graphicsmagick	1.3.48-1	explicit	no	extra
graphinder	1.11.6-7	explicit	no	blackarch
graphite	1:1.3.15-1	dependency	no	extra
graphql-cop	1:1.16.r0.g2b7e086-2	explicit	no	blackarch
graphql-path-enum	23.5450280-1	explicit	no	blackarch
graphqlmap	63.59305d7-7	explicit	no	blackarch
graphviz	16.1.0-1	explicit	no	extra
graphw00f	1.2.1.r4.g4901f82-1	explicit	no	blackarch
graudit	726.7d19c1a-1	explicit	no	blackarch
greenbone-feed-sync	25.2.0-2	dependency	no	blackarch
grep	3.12-2	explicit	no	core
grepcidr	2.0-1	dependency	no	blackarch
grepforrfi	0.1-6	explicit	no	blackarch
groff	1.24.1-1	dependency	no	core
grokevt	1:0.5.0.6.1.r0.gfb16294-2	explicit	no	blackarch
grpc	1.84.0-1	dependency	no	extra
grpc-pentest-suite	105.36b918b-1	explicit	no	blackarch
grr	17.791ed5a-2	explicit	no	blackarch
grub	2:2.16-1	explicit	no	core
grub-btrfs	4.14-1	explicit	no	extra
grub-garuda	2.06-2	explicit	no	garuda
grype	1:0.33.1-1	explicit	no	blackarch
gsa	24.6.1-1	dependency	no	blackarch
gsad	24.3.0-1	dependency	no	blackarch
gsd	1.1-2	explicit	no	blackarch
gsettings-desktop-schemas	50.1-1	dependency	no	extra
gsettings-system-schemas	50.1-1	dependency	no	extra
gsfonts	20200910-6	explicit	no	extra
gsl	2.8-1	explicit	no	extra
gsm	1.0.24-1	dependency	no	extra
gsmevil2	18.ce64fa5-1	explicit	no	blackarch
gsocket	1.4.43-1	dependency	no	extra
gsound	1.0.3-4	explicit	no	extra
gspell	1.14.4-1	dependency	no	extra
gspoof	3.2-2	explicit	no	blackarch
gssdp	1.6.6-1	dependency	no	extra
gssproxy	0.9.2-3	dependency	no	core
gst-libav	1.28.7-2	dependency	no	extra
gst-plugin-gtk4	0.15.4-1	explicit	no	extra
gst-plugin-pipewire	1:1.6.9-1	dependency	no	extra
gst-plugin-va	1.28.7-2	dependency	no	extra
gst-plugins-bad	1.28.7-2	dependency	no	extra
gst-plugins-bad-libs	1.28.7-2	dependency	no	extra
gst-plugins-base	1.28.7-2	dependency	no	extra
gst-plugins-base-libs	1.28.7-2	dependency	no	extra
gst-plugins-espeak	0.6.0-1	dependency	no	extra
gst-plugins-good	1.28.7-2	dependency	no	extra
gst-plugins-ugly	1.28.7-2	dependency	no	extra
gst-python	1.28.7-2	explicit	no	extra
gstreamer	1.28.7-2	dependency	no	extra
gstreamer-meta	1-5	explicit	no	garuda
gtalk-decode	0.1-7	explicit	no	blackarch
gtest	1.18.0-1	dependency	no	extra
gtfo	17.873d862-8	explicit	no	blackarch
gtfoblookup	69.cc50e6e-6	explicit	no	blackarch
gtk-doc	1.36.1-1	explicit	no	extra
gtk-layer-shell	0.10.1-1	dependency	no	extra
gtk-sharp-2	2.12.45-5	dependency	no	blackarch
gtk-update-icon-cache	1:4.22.5-1	dependency	no	extra
gtk-vnc	1.5.0-1	explicit	no	extra
gtk2	2.24.33-7	dependency	no	blackarch
gtk2-perl	1.24993-10	explicit	no	blackarch
gtk3	1:3.24.52-1	dependency	no	extra
gtk4	1:4.22.5-1	dependency	no	extra
gtkmm3	3.24.11-1	explicit	no	extra
gtksourceview2	2.10.5-8	dependency	no	blackarch
gtksourceview3	1:3.24.11+r30+gd880929f-1	dependency	no	extra
gtksourceview4	4.8.4-2	explicit	no	extra
gtksourceview5	5.20.0-1	explicit	no	extra
gtp-scan	0.7-5	explicit	no	blackarch
gts	0.7.6.121130-5	explicit	no	extra
guile	3.0.11-1	dependency	no	core
gumbo-parser	0.13.2-1	explicit	no	extra
gunicorn	26.2.2-1	dependency	no	extra
gupnp	1:1.6.10-1	dependency	no	extra
gupnp-igd	1.6.0-2	dependency	no	extra
gutenprint	5.3.5-1	explicit	no	extra
guvcview	2.2.2-4	explicit	no	extra
guvcview-common	2.2.2-4	explicit	no	extra
guymager	0.8.13-1	explicit	no	blackarch
gvm-libs	22.22.0-1	dependency	no	blackarch
gvmd	26.0.0-1	dependency	no	blackarch
gwcheck	0.1-2	explicit	no	blackarch
gweather-locations	2026.2-1	dependency	no	extra
gwenview	26.08.1-1	explicit	no	extra
gwtenum	1:7.f27a5aa-7	explicit	no	blackarch
gzip	1.15-1	explicit	no	core
h2buster	79.6c4dd1c-9	explicit	no	blackarch
h2csmuggler	7.7ea573a-9	explicit	no	blackarch
h2spec	2.6.0-1	explicit	no	blackarch
h2t	38.56e1447-2	explicit	no	blackarch
h8mail	344.ee31c8f-11	explicit	no	blackarch
habu	1:0.1.6.r171.g9868861-1	explicit	no	blackarch
hachoir-core	1.3.3-2	dependency	no	blackarch
hachoir-parser	1.3.4-2	dependency	no	blackarch
hackersh	0.2.0-10	explicit	no	blackarch
hackredis	3.fbae1bc-4	explicit	no	blackarch
hackrf	2026.01.3-1	dependency	no	extra
hacktv	543.80d98ea-1	explicit	no	blackarch
haiti	v4.0.0.r36.g7f10490-1	explicit	no	blackarch
haka	0.2.2-3	explicit	no	blackarch
hakku	1:1.0.r0.g409a11f-1	explicit	no	blackarch
hakrawler	237.52a16fe-1	explicit	no	blackarch
hakrevdns	49.2a847d3-1	explicit	no	blackarch
halberd	0.2.4-6	dependency	no	blackarch
halcyon	1.0-2	explicit	no	blackarch
halcyon-ide	2.0.2-1	explicit	no	blackarch
hamlib	4.7.2-1	dependency	no	extra
hamradio-menus	1.0-3.1	dependency	no	chaotic-aur
hamster	2.1-2	dependency	no	blackarch
handbrake	1.11.2-1	explicit	no	extra
handle	1:0.1-4	explicit	no	blackarch
harfbuzz	14.5.0-1	dependency	no	extra
harfbuzz-icu	14.5.0-1	dependency	no	extra
harness	19.ed2a6aa-7	explicit	no	blackarch
harpoon	388.4bb8250-1	explicit	no	blackarch
hasere	1.0-1	explicit	no	blackarch
hash-buster	50.befb02a-5	explicit	no	blackarch
hash-extender	161.f00b1a0-1	explicit	no	blackarch
hash-identifier	6.0e08a97-6	explicit	no	blackarch
hashcat	1:7.1.2-2	dependency	no	extra
hashcat-utils	1.10-1	dependency	no	extra
hashcatch	52.8145660-1	explicit	no	blackarch
hashcheck	2.72b0c6e-8	explicit	no	blackarch
hashdb	1089.1da1b9f-2	explicit	no	blackarch
hashdeep	4.4-9	explicit	no	blackarch
hasher	48.40173c5-6	explicit	no	blackarch
hashfind	8.e9a9a14-4	explicit	no	blackarch
hashid	1:397.7e8473a-7	explicit	no	blackarch
hashpeek	v0.2.2.r1.gd8fa678-1	explicit	no	blackarch
hashpump	49.314268e-1	explicit	no	blackarch
hashrat	1.15-1	explicit	no	blackarch
hashtag	0.41-9	explicit	no	blackarch
haskell-aeson	2.2.3.0-1	dependency	no	extra
haskell-aeson-pretty	0.8.11-22	dependency	no	extra
haskell-ansi-terminal	1.1-98	dependency	no	extra
haskell-ansi-terminal-types	1.1-99	dependency	no	extra
haskell-appar	0.1.8-16	dependency	no	extra
haskell-asciidoc	0.1.0.5-3	dependency	no	extra
haskell-asn1-encoding	0.9.6-380	dependency	no	extra
haskell-asn1-parse	0.9.5-379	dependency	no	extra
haskell-asn1-types	0.3.4-358	dependency	no	extra
haskell-assoc	1.1.1-41	dependency	no	extra
haskell-async	2.2.6-100	dependency	no	extra
haskell-attoparsec	0.14.4-224	dependency	no	extra
haskell-attoparsec-aeson	2.2.2.0-12	dependency	no	extra
haskell-base-compat	0.14.1-2	dependency	no	extra
haskell-base-orphans	0.9.4-41	dependency	no	extra
haskell-base16-bytestring	1.0.2.0-229	dependency	no	extra
haskell-base64-bytestring	1.2.1.0-370	dependency	no	extra
haskell-basement	0.0.16-4	dependency	no	extra
haskell-bifunctors	5.6.3-46	dependency	no	extra
haskell-bitvec	1.1.6.0-17	dependency	no	extra
haskell-blaze-builder	0.4.4.1-75	dependency	no	extra
haskell-blaze-html	0.9.2.0-152	dependency	no	extra
haskell-blaze-markup	0.8.3.0-162	dependency	no	extra
haskell-byteorder	1.0.4-27	dependency	no	extra
haskell-case-insensitive	1.2.1.0-475	dependency	no	extra
haskell-cassava	0.5.4.1-87	dependency	no	extra
haskell-cborg	0.2.10.0-146	dependency	no	extra
haskell-cereal	0.5.8.3-4	dependency	no	extra
haskell-character-ps	0.1-1	dependency	no	extra
haskell-citeproc	0.13.0.1-10	dependency	no	extra
haskell-cmdargs	0.10.22-4	dependency	no	extra
haskell-colour	2.3.7-65	dependency	no	extra
haskell-commonmark	0.3-6	dependency	no	extra
haskell-commonmark-extensions	0.2.7.1-6	dependency	no	extra
haskell-commonmark-pandoc	0.3-9	dependency	no	extra
haskell-comonad	5.0.10-34	dependency	no	extra
haskell-conduit	1.3.6.1-194	dependency	no	extra
haskell-conduit-extra	1.3.8-139	dependency	no	extra
haskell-contravariant	1.5.6-1	dependency	no	extra
haskell-cookie	0.5.0-2	dependency	no	extra
haskell-crypton	1.0.5-8	dependency	no	extra
haskell-crypton-connection	0.4.5-89	dependency	no	extra
haskell-crypton-socks	0.6.2-66	dependency	no	extra
haskell-crypton-x509	1.7.7-116	dependency	no	extra
haskell-crypton-x509-store	1.6.14-7	dependency	no	extra
haskell-crypton-x509-system	1.6.8-25	dependency	no	extra
haskell-crypton-x509-validation	1.6.14-105	dependency	no	extra
haskell-data-default	0.7.1.3-111	dependency	no	extra
haskell-data-default-class	0.1.2.2-2	dependency	no	extra
haskell-data-default-instances-containers	0.1.0.3-4	dependency	no	extra
haskell-data-default-instances-dlist	0.0.1.2-214	dependency	no	extra
haskell-data-default-instances-old-locale	0.0.1.2-2	dependency	no	extra
haskell-data-fix	0.3.4-243	dependency	no	extra
haskell-diff	1.0-16	dependency	no	extra
haskell-digest	0.0.2.1-2	dependency	no	extra
haskell-distributive	0.6.3-49	dependency	no	extra
haskell-djot	0.1.4.1-7	dependency	no	extra
haskell-dlist	1.0-465	dependency	no	extra
haskell-doclayout	0.5.0.3-6	dependency	no	extra
haskell-doctemplates	0.11.0.1-141	dependency	no	extra
haskell-emojis	0.1.5-23	dependency	no	extra
haskell-erf	2.0.0.0-27	dependency	no	extra
haskell-fgl	5.8.3.1-25	dependency	no	extra
haskell-file-embed	0.0.16.0-2	dependency	no	extra
haskell-generically	0.1.1-137	dependency	no	extra
haskell-glob	0.10.2-293	dependency	no	extra
haskell-gridtables	0.1.1.0-72	dependency	no	extra
haskell-haddock-library	1.11.0-253	dependency	no	extra
haskell-half	0.3.3-116	dependency	no	extra
haskell-hashable	1.4.7.0-122	dependency	no	extra
haskell-hourglass	0.2.12-395	dependency	no	extra
haskell-http-client	0.7.19-107	dependency	no	extra
haskell-http-client-tls	0.3.6.4-203	dependency	no	extra
haskell-http-types	0.12.4-183	dependency	no	extra
haskell-indexed-traversable	0.1.5-1	dependency	no	extra
haskell-indexed-traversable-instances	0.1.2.1-37	dependency	no	extra
haskell-integer-conversion	0.1.1-103	dependency	no	extra
haskell-integer-logarithms	1.0.4-242	dependency	no	extra
haskell-iproute	1.7.15-133	dependency	no	extra
haskell-ipynb	0.2-343	dependency	no	extra
haskell-jira-wiki-markup	1.5.1-171	dependency	no	extra
haskell-juicypixels	3.3.9-142	dependency	no	extra
haskell-lexer	1.2-2	dependency	no	extra
haskell-libyaml	0.1.4-222	dependency	no	extra
haskell-memory	0.18.0-157	dependency	no	extra
haskell-mime-types	0.1.2.1-1	dependency	no	extra
haskell-mono-traversable	1.0.21.0-196	dependency	no	extra
haskell-network	3.1.4.0-170	dependency	no	extra
haskell-network-bsd	2.8.1.0-360	dependency	no	extra
haskell-network-uri	2.6.4.2-183	dependency	no	extra
haskell-old-locale	1.0.0.7-33	dependency	no	extra
haskell-old-time	1.1.1.0-28	dependency	no	extra
haskell-onetuple	0.4.3-20	dependency	no	extra
haskell-only	0.1-25	dependency	no	extra
haskell-optparse-applicative	0.18.1.0-434	dependency	no	extra
haskell-ordered-containers	0.2.4-149	dependency	no	extra
haskell-os-string	2.0.11-47	dependency	no	extra
haskell-pandoc	3.10.2-11	dependency	no	extra
haskell-pandoc-types	1.23.1.2-10	dependency	no	extra
haskell-pem	0.2.4-435	dependency	no	extra
haskell-pretty-show	1.10-20	dependency	no	extra
haskell-prettyprinter	1.7.2-22	dependency	no	extra
haskell-prettyprinter-ansi-terminal	1.1.4-98	dependency	no	extra
haskell-primitive	0.9.1.0-211	dependency	no	extra
haskell-quickcheck	2.15.0.1-235	dependency	no	extra
haskell-random	1.2.1.3-322	dependency	no	extra
haskell-regex-base	0.94.0.3-3	dependency	no	extra
haskell-regex-tdfa	1.3.2.6-10	dependency	no	extra
haskell-resourcet	1.3.0-31	dependency	no	extra
haskell-safe	0.3.21-154	dependency	no	extra
haskell-scientific	0.3.8.1-131	dependency	no	extra
haskell-semialign	1.3.1.1-31	dependency	no	extra
haskell-semigroupoids	6.0.2-52	dependency	no	extra
haskell-serialise	0.2.6.1-234	dependency	no	extra
haskell-skylighting	0.14.7-10	dependency	no	extra
haskell-skylighting-core	0.14.7-10	dependency	no	extra
haskell-skylighting-format-ansi	0.1-358	dependency	no	extra
haskell-skylighting-format-blaze-html	0.1.2.1-10	dependency	no	extra
haskell-skylighting-format-context	0.1.0.2-322	dependency	no	extra
haskell-skylighting-format-latex	0.1-357	dependency	no	extra
haskell-skylighting-format-typst	0.1-11	dependency	no	extra
haskell-split	0.2.5.1-5	dependency	no	extra
haskell-splitmix	0.1.3.1-28	dependency	no	extra
haskell-statevar	1.2.2-5	dependency	no	extra
haskell-streaming-commons	0.2.3.1-53	dependency	no	extra
haskell-strict	0.5.1-136	dependency	no	extra
haskell-syb	0.7.4-11	dependency	no	extra
haskell-tagged	0.8.10-1	dependency	no	extra
haskell-tagsoup	0.14.8-375	dependency	no	extra
haskell-tasty	1.5.4-25	dependency	no	extra
haskell-temporary	1.3-1057	dependency	no	extra
haskell-texmath	0.13.2.1-9	dependency	no	extra
haskell-text-conversions	0.3.1.1-213	dependency	no	extra
haskell-text-icu	0.8.0.5-153	dependency	no	extra
haskell-text-iso8601	0.1.1.2-5	dependency	no	extra
haskell-text-short	0.1.6.1-84	dependency	no	extra
haskell-th-abstraction	0.6.0.0-1	dependency	no	extra
haskell-th-compat	0.1.7-46	dependency	no	extra
haskell-th-lift	0.8.7-1	dependency	no	extra
haskell-th-lift-instances	0.1.20-202	dependency	no	extra
haskell-these	1.2.1-346	dependency	no	extra
haskell-time-compat	1.9.9-116	dependency	no	extra
haskell-tls	2.0.6-133	dependency	no	extra
haskell-toml-parser	2.0.2.0-36	dependency	no	extra
haskell-transformers-compat	0.7.2-4	dependency	no	extra
haskell-typed-process	0.2.13.0-280	dependency	no	extra
haskell-typst	0.11-10	dependency	no	extra
haskell-typst-symbols	0.3-1	dependency	no	extra
haskell-unicode-collation	0.1.3.7-25	dependency	no	extra
haskell-unicode-data	0.7.0-15	dependency	no	extra
haskell-unicode-transforms	0.4.0.1-229	dependency	no	extra
haskell-uniplate	1.6.13-384	dependency	no	extra
haskell-unix-time	0.4.17-118	dependency	no	extra
haskell-unliftio-core	0.2.1.0-4	dependency	no	extra
haskell-unordered-containers	0.2.21-28	dependency	no	extra
haskell-utf8-string	1.0.2-348	dependency	no	extra
haskell-uuid-types	1.0.6.1-87	dependency	no	extra
haskell-vector	0.13.2.0-544	dependency	no	extra
haskell-vector-algorithms	0.9.1.0-184	dependency	no	extra
haskell-vector-stream	0.1.0.1-4	dependency	no	extra
haskell-witherable	0.5-8	dependency	no	extra
haskell-xml	1.3.14-33	dependency	no	extra
haskell-xml-conduit	1.9.1.4-213	dependency	no	extra
haskell-xml-types	0.3.8-11	dependency	no	extra
haskell-yaml	0.11.11.2-266	dependency	no	extra
haskell-zip-archive	0.4.3.2-156	dependency	no	extra
haskell-zlib	0.7.1.1-3	dependency	no	extra
hatcloud	33.3012ad6-7	explicit	no	blackarch
hate-crack	224.821ff60-2	explicit	no	blackarch
havoc-c2	856.fb67b76-1	explicit	no	blackarch
haystack	1823.c178b5a-1	explicit	no	blackarch
hbad	1.0-2	explicit	no	blackarch
hblock	3.5.1-1	explicit	no	extra
hcraft	1.0.0-4	explicit	no	blackarch
hcxdumptool	7.1.2-1	dependency	no	extra
hcxkeys	6.2.1-3	dependency	no	extra
hcxtools	7.1.2-1	dependency	no	extra
hdcp-genkey	18.e8d342d-7	dependency	no	blackarch
hdf5	2.2.0-1	explicit	no	extra
hdmi-sniff	5.f7fbc0e-5	explicit	no	blackarch
heaptrace	2.2.8.2.r20.g06f43fc-2	explicit	no	blackarch
heartbleed-honeypot	0.1-7	explicit	no	blackarch
heartleech	1:1.0.0i.r4.g3ab1d60-1	explicit	no	blackarch
hekatomb	107.bdd53cf-5	explicit	no	blackarch
hellraiser	279.bea43e2-4	explicit	no	blackarch
help2man	1.49.3-2	dependency	no	extra
hemingway	8.9c70a13-4	explicit	no	blackarch
hercules-payload	222.2607a3a-1	explicit	no	blackarch
hetty	1:v0.7.0.r7.gf7def87-1	explicit	no	blackarch
hex2bin	2.5-2	explicit	no	blackarch
hexhttp	v2.4.r1.g3d8b5c8-2	explicit	no	blackarch
hexinject	1.6-1	explicit	no	blackarch
hexodus	72.69a96f6-3	explicit	no	blackarch
hexorbase	2:7-1	explicit	no	blackarch
hexyl	0.17.0-1	dependency	no	extra
hharp	1beta-7	explicit	no	blackarch
hicolor-icon-theme	0.18-1	dependency	no	extra
hidapi	0.15.0-1	dependency	no	extra
hidattack	0.1-6	explicit	no	blackarch
hiddeneye	1228.7a3deaf-3	explicit	no	blackarch
hiddeneye-legacy	RC1.r226.g7a3deaf-2	explicit	no	blackarch
highway	1.4.0-1	dependency	no	extra
hikpwn	8.5a7d69c-8	explicit	no	blackarch
hiredis	1.3.0-1	dependency	no	extra
hivex	1.3.24-8	dependency	no	extra
hlextend	17.be21920-3	explicit	no	blackarch
hoaxshell	150.e1bba89-3	explicit	no	blackarch
hodor	1.01be107-5	explicit	no	blackarch
holehe	434.14da70f-5	explicit	no	blackarch
hollows-hunter	0.4.1.1-1	explicit	no	blackarch
homepwn	31.0803981-8	explicit	no	blackarch
honeycreds	26.eaeb401-7	explicit	no	blackarch
honeyd	337.a0f3d64-2	explicit	no	blackarch
honeypy	600.6ca3d6e-3	explicit	no	blackarch
honggfuzz	4180.cf8b66a4-1	explicit	no	blackarch
honssh	1:1.1.2.r2.g821ce87-1	explicit	no	blackarch
hookanalyser	3.4-1	explicit	no	blackarch
hookshot	205.df30b85-5	explicit	no	blackarch
hoover	4.9bda860-8	explicit	no	blackarch
hoper	1:v0.1.1.r0.g8d5dbd9-1	explicit	no	blackarch
hopper	5.19.7-1	explicit	no	blackarch
hoppy	1.8.1-4	explicit	no	blackarch
horusec	v2.9.0.beta.2.r1.g873d4104-1	explicit	no	blackarch
host-extract	1:8.0134ad7-17	explicit	no	blackarch
hostapd	2.12-1	dependency	no	extra
hostapd-mana	2.6.5.r20.g8853d5a-1	explicit	no	blackarch
hostapd-wpe	2.11-1	explicit	no	blackarch
hostbox-ssh	0.1.1-6	explicit	no	blackarch
hosthunter	158.553f1c7-7	explicit	no	blackarch
hotpatch	90.fd2baf1-1	explicit	no	blackarch
hotspotter	0.5-2	explicit	no	blackarch
howmanypeoplearearound	123.b05e06a-9	explicit	no	blackarch
hpfeeds	414.34bf4d4-5	explicit	no	blackarch
hping	3.0.0-6	dependency	no	extra
hqlmap	38.bb6ab46-6	explicit	no	blackarch
hsecscan	67.aa5845b-1	explicit	no	blackarch
htcap	1:155.a59c592-9	explicit	no	blackarch
htexploit	1:0.8-2	explicit	no	blackarch
htop	3.5.3-1	explicit	no	extra
htpwdscan	23.e995d6f-8	explicit	no	blackarch
htrosbif	134.9dc3f86-5	explicit	no	blackarch
htshells	2:89.3216523-1	explicit	no	blackarch
http-enum	0.4-4	explicit	no	blackarch
http-fuzz	1:0.1-5	explicit	no	blackarch
http-parser	2.9.4-3	dependency	no	blackarch
http-put	1.0-2	explicit	no	blackarch
http-traceroute	0.5-5	explicit	no	blackarch
http2smugl	43.ccdf772-1	explicit	no	blackarch
httpbog	1.0.0.0-5	explicit	no	blackarch
httpforge	11.02.01-6	explicit	no	blackarch
httpgrep	4.7-1	explicit	no	blackarch
httping	4.4.0-1	dependency	no	extra
httppwnly	47.528a664-5	explicit	no	blackarch
httprecon	7.3-3	explicit	no	blackarch
httprint	301-6	explicit	no	blackarch
httprint-win32	301-5	explicit	no	blackarch
httprobe	22.5555984-2	explicit	no	blackarch
httpry	0.1.8-4	explicit	no	blackarch
httpscreenshot	70.f081c69-7	explicit	no	blackarch
httpsniff	0.4-4	explicit	no	blackarch
httpsscanner	1.2-2	explicit	no	blackarch
httptunnel	3.3-9	dependency	no	extra
httpx	1:v1.11.0.r17.gd3b9d3d-1	dependency	no	blackarch
httrack	3.50.3-1	dependency	no	extra
hubbit-sniffer	74.460ecf8-3	explicit	no	blackarch
hulk	27.ed2b11c-2	explicit	no	blackarch
hungry-interceptor	391.1aea7f3-5	explicit	no	blackarch
hunspell	1.7.3-1	dependency	no	extra
hurl-encoder	20.afca9c5-6	explicit	no	blackarch
hwdata	0.411-1	dependency	no	core
hwinfo	25.5-1	dependency	no	extra
hwk	0.4-5	explicit	no	blackarch
hwloc	2.14.0-1	dependency	no	extra
hxd	2.5.0.0-2	explicit	no	blackarch
hyde	11.ec09462-1	explicit	no	blackarch
hydra	9.7-1	dependency	no	extra
hyenae	0.36_1-3	explicit	no	blackarch
hypercorn	0.18.0-2	dependency	no	extra
hyperfox	121.1a8c26f-2	explicit	no	blackarch
hyperion-crypter	2.3.1-1	explicit	no	blackarch
hyperscan	5.4.2-3	dependency	no	extra
hyphen	2.8.9-1	dependency	no	extra
hypnotix	5.6-3	explicit	no	extra
i2c-tools	4.4-4	dependency	no	extra
i2pd	2.61.0-2	dependency	no	extra
i3-wm	4.25.1-1	dependency	no	extra
i3blocks	1.5-4	dependency	no	extra
i3lock	2.16-1	dependency	no	extra
i3status	2.15-1	dependency	no	extra
iaito	6.2.0-1	dependency	no	extra
iana-etc	20260617-1	dependency	no	core
iaxflood	3:0.2-2	explicit	no	blackarch
iaxscan	0.02-2	explicit	no	blackarch
ibrute	12.3a6a11e-4	explicit	no	blackarch
icloudbrutter	15.1f64f19-2	explicit	no	blackarch
icmpquery	1.0-5	explicit	no	blackarch
icmpsh	12.82caf34-6	explicit	no	blackarch
icmptx	1:0.2.r12.g2235866-1	explicit	no	blackarch
icu	78.3-1	dependency	no	core
id-entify	34.dd064a5-5	explicit	no	blackarch
id3lib	3.8.3-20	explicit	no	extra
ida-free	8.4.240527-1	explicit	no	blackarch
idb	2.10.3-15	explicit	no	blackarch
identywaf	208.3e535b7-1	explicit	no	blackarch
idswakeup	1.0-2	explicit	no	blackarch
ifchk	1.1.2-1	explicit	no	blackarch
ifuzz	1.0-1	explicit	no	blackarch
igraph	1.0.1-2	dependency	no	extra
iheartxor	0.01-7	explicit	no	blackarch
iio-sensor-proxy	3.9-1	dependency	no	extra
iis-shortname-scanner	5.4ad4937-2	explicit	no	blackarch
iisbruteforcer	15-1	explicit	no	blackarch
ijs	0.35-7	dependency	no	extra
ike-scan	1.9.5-3	dependency	no	blackarch
ikecrack	1.00-11	explicit	no	blackarch
ikeforce	30.575af15-4	explicit	no	blackarch
ikeprobe	2:0.1-6	explicit	no	blackarch
ikeprober	1.12-8	explicit	no	blackarch
ilo4-toolbox	47.672a5d6-4	explicit	no	blackarch
ilty	1.0-7	explicit	no	blackarch
imagegrep	8.1f14af2-1	explicit	no	blackarch
imagejs	56.a442f94-3	explicit	no	blackarch
imagemagick	7.1.2.31-2	dependency	no	extra
imagemounter	413.383b30b-8	explicit	no	blackarch
imath	3.2.3-1	dependency	no	extra
imhex	1.38.1-2	explicit	no	chaotic-aur
imlib2	1.12.7-3	dependency	no	extra
impacket-ba	0.13.0-1	dependency	no	blackarch
impulse	79.592a91b-2	explicit	no	blackarch
inception	455.7c14eb1-2	explicit	no	blackarch
indx2csv	17.129a411e-1	explicit	no	blackarch
indxcarver	5.dee36608-1	explicit	no	blackarch
indxparse	198.a977192-1	explicit	no	blackarch
inetsim	1.3.2-5	explicit	no	blackarch
inetutils	2.8-1	explicit	no	core
infection-monkey	1:v2.2.0.r3599.ga55fc8d-2	explicit	no	blackarch
infip	0.1-7	explicit	no	blackarch
infoga	3:33.79a1c03-3	explicit	no	blackarch
inguma	0.1.1-8	explicit	no	blackarch
iniparser	4.3.0-1	explicit	no	extra
injectus	12.3c01fa0-8	explicit	no	blackarch
inkscape	1.4.4-6	explicit	no	extra
innounp	0.50-1	explicit	no	blackarch
input-devices-support	1.0.3-1	explicit	no	garuda
inquisitor	1:28.12a9ec1-11	explicit	no	blackarch
insanity	117.cf51ff3-1	explicit	no	blackarch
instagramosint	21.30b5735-5	explicit	no	blackarch
instashell	1:44.8f867bd-1	explicit	no	blackarch
intel-compute-runtime	26.35.39758.10-1	explicit	no	extra
intel-gmmlib	22.10.0-1	dependency	no	extra
intel-graphics-compiler	1:2.41.5-1	explicit	no	extra
intel-media-driver	26.2.4-1	dependency	no	extra
intel-oneapi-common	2026.0.0_235-1	explicit	no	extra
intel-oneapi-compiler-dpcpp-cpp-runtime-libs	2026.0.0_947-2	explicit	no	extra
intel-oneapi-compiler-shared-runtime-libs	2026.0.0_947-1	explicit	no	extra
intel-oneapi-mkl	2026.0.0_908-1	dependency	no	extra
intel-oneapi-openmp	2026.0.0_947-1	explicit	no	extra
intel-oneapi-tbb	2023.0.0_724-1	explicit	no	extra
intel-oneapi-tcm	1.5.0_489-1	explicit	no	extra
intel-oneapi-umf	1.1.0_340-2	dependency	no	extra
intel-ucode	20260812-1	explicit	no	extra
intel-undervolt	1.7-3	explicit	no	extra
intellij-idea-community-edition	4:2026.2.3-1	explicit	no	extra
intelmq	3.5.0.r36.gbbe452a20-1	explicit	no	blackarch
intelplot	12.4dd9fc0-1	explicit	no	blackarch
intensio-obfuscator	280.f66a22b-9	explicit	no	blackarch
inter-font	4.1-1	dependency	no	extra
interactsh-client	v1.3.1.r0.g810180a-1	explicit	no	blackarch
intercepter-ng	1.0-4	explicit	no	blackarch
interlace	356.b9eb99f-2	explicit	no	blackarch
interrogate	5.eb5f071-1	explicit	no	blackarch
intersect	2.5-5	explicit	no	blackarch
intltool	0.51.0-6	dependency	no	extra
intrace	1.6-1	explicit	no	blackarch
inundator	0.5-5	explicit	no	blackarch
inurlbr	34.dbf9773-1	explicit	no	blackarch
inviteflood	2.0-6	explicit	no	blackarch
invoke-cradlecrafter	19.3ff8bac-1	explicit	no	blackarch
invoke-dosfuscation	7.6260f5b-1	explicit	no	blackarch
invoke-obfuscation	45.f20e7f8-1	explicit	no	blackarch
inxi	3.3.41.1-1	explicit	no	extra
inzider	1.2-2	explicit	no	blackarch
iodine	0.8.0-2	dependency	no	extra
iosforensic	1.0-5	explicit	no	blackarch
iotop	0.6-13	dependency	no	extra
ip-https-tools	7.170691f-4	explicit	no	blackarch
ip-tracer	92.6b9c454-1	explicit	no	blackarch
ip2clue	0.0.95-1	explicit	no	blackarch
ipaudit	1.1-2	explicit	no	blackarch
ipba2	1:95.c03bd85-5	explicit	no	blackarch
ipcalc	0.51-2	dependency	no	extra
ipcountry	2.3-1	explicit	no	blackarch
ipdecap	96.45d2a7d-2	explicit	no	blackarch
iphoneanalyzer	2.1.0-3	explicit	no	blackarch
ipmipwn	6.74a08a8-4	explicit	no	blackarch
ipmitool	1.8.19-4	dependency	no	extra
ipobfuscator	27.f005262-1	explicit	no	blackarch
ipp-usb	0.9.34-2	explicit	no	extra
iproute2	7.2.0-1	explicit	no	core
ipscan	3.10.0-1	explicit	no	chaotic-aur
ipsourcebypass	1.2.r17.gd89edb1-2	explicit	no	blackarch
iptables	1:1.8.13-1	explicit	no	core
iptodomain	18.f1afcd7-3	explicit	no	blackarch
iptv	138.ae6457b-3	explicit	no	blackarch
iputils	20250605-1	explicit	no	core
ipv4bypass	26.844d2d8-1	explicit	no	blackarch
ipv666	182.ad45ae8-2	explicit	no	blackarch
ipv6toolkit	861.9ee80b6-2	explicit	no	blackarch
ipython	9.17.1-1	dependency	no	extra
ipython2	5.10.0-4	dependency	no	blackarch
ircsnapshot	94.cb02a85-2	explicit	no	blackarch
irpas	0.11-1	explicit	no	blackarch
isf	68.5228865-4	explicit	no	blackarch
isip	2.fad1f10-5	explicit	no	blackarch
isme	0.12-11	explicit	no	blackarch
iso-codes	4.20.1-1	dependency	no	extra
isr-form	1.0-7	explicit	no	blackarch
issniff	294.79c6c2a-1	explicit	no	blackarch
itpp	4.3.1-3	dependency	no	blackarch
ivre	0.9.21.dev163-1	explicit	no	blackarch
ivre-docs	0.9.21.dev163-1	explicit	no	blackarch
ivre-web	0.9.21.dev163-1	explicit	no	blackarch
iw	6.17-1	dependency	no	core
iwd	3.12-2	explicit	no	extra
ja3	117.cb29184-10	explicit	no	blackarch
jaadas	0.1-1	explicit	no	blackarch
jack-support	1-2	explicit	no	garuda
jack_capture	0.9.73post1-1	explicit	yes	foreign
jack_capture-debug	0.9.73post1-1	explicit	yes	foreign
jack_utils	0.0.1-3	explicit	no	extra
jackdaw	417.19e38d1-2	explicit	no	blackarch
jad	1.5.8e-12	dependency	no	extra
jadx	1.5.6-1	dependency	no	extra
jaeles	234.d40305f-1	explicit	no	blackarch
jaidam	18.15e0fec-3	explicit	no	blackarch
jamesdsp	2.7.0-5.3	explicit	no	chaotic-aur
jansson	2.15.1-1	dependency	no	core
jasper	4.2.9-1	dependency	no	extra
jast	17.361ecde-9	explicit	no	blackarch
java-environment-common	3-6	explicit	no	extra
java-openjfx	28.9-2	explicit	no	chaotic-aur
java-runtime-common	3-6	explicit	no	extra
java24-openjfx-bin	24.0.2-3	dependency	no	blackarch
javasnoop	1.1-8	explicit	no	blackarch
jbe	0.1.1-1	explicit	no	blackarch
jbig2dec	0.20-2	dependency	no	extra
jbigkit	2.1-8	dependency	no	extra
jboss-autopwn	2.986085d-1	explicit	no	blackarch
jbrofuzz	2.5-3	explicit	no	blackarch
jbrute	1:0.99-5	explicit	no	blackarch
jcrack	0.3.6-1	explicit	no	blackarch
jd-cli	1.2.0-1	explicit	no	blackarch
jd-gui	1.6.6-3	explicit	no	blackarch
jdeserialize	31.20635ba-1	explicit	no	blackarch
jdk-openjdk	27.u35-1	dependency	no	extra
jdk11-openjdk	11.0.32.1.u1-1	dependency	no	extra
jdk17-openjdk	17.0.20.1.u1-1	dependency	no	extra
jdk21-openjdk	21.0.12.1.u1-1	explicit	no	extra
jdk8-openjdk	8.504.u01-1	dependency	no	extra
jeangrey	43.9bf3cf4-5	explicit	no	blackarch
jeb-android	3.7.0.201909272058-1	explicit	no	blackarch
jeb-arm	5.20.0.202411121942-1	explicit	no	blackarch
jeb-intel	1:3.7.0.201909272058-1	explicit	no	blackarch
jeb-mips	1:5.20.0.202411121942-1	explicit	no	blackarch
jeb-webasm	3.7.0.201909272058-1	explicit	no	blackarch
jefferson	v0.4.7.r7.ged97d92-1	explicit	no	blackarch
jemalloc	1:5.4.0-1	dependency	no	extra
jenkins	2.582-1	explicit	no	extra
jeopardize	5.34f1d07-9	explicit	no	blackarch
jexboss	86.338b531-3	explicit	no	blackarch
jfsutils	1.1.15-9	explicit	no	core
jhead	3.08-3	dependency	no	extra
jinjector	25.c1578da-1	explicit	no	blackarch
jira-scan	7.447d0ec-4	explicit	no	blackarch
jitsi-meet-desktop	2026.8.0-1	explicit	no	chaotic-aur
jndi-injection-exploit	10.2dc4018-1	explicit	no	blackarch
jnetmap	0.5.5-1	explicit	no	blackarch
john	1.9.0.jumbo1-13	dependency	no	extra
johnny	20120424-9	explicit	no	blackarch
jok3r	447.0761996-9	explicit	no	blackarch
jomplug	0.1-3	explicit	no	blackarch
jondo	00.20.001-1	explicit	no	blackarch
jooforce	11.43c21ad-2	explicit	no	blackarch
joomlascan	1.2-5	explicit	no	blackarch
joomlavs	254.eea7500-13	explicit	no	blackarch
joomscan	1:83.2ea8cc7-3	dependency	no	blackarch
jpegdump	0.0.7-3	explicit	no	blackarch
jpexs-decompiler	15.1.0-1	explicit	no	blackarch
jq	1.8.2-1	dependency	no	extra
jre8-openjdk	8.504.u01-1	dependency	no	extra
jre8-openjdk-headless	8.504.u01-1	dependency	no	extra
js140	140.16.0-1	explicit	no	extra
jsearch	44.87cf9c1-6	explicit	no	blackarch
jsfuck	242.6f8fdf3-1	explicit	no	blackarch
jshell	7.ee3c92d-6	explicit	no	blackarch
json-c	0.19-1	dependency	no	core
json-glib	1.10.8-1	dependency	no	extra
json-schema-validator	2.4.0-2	dependency	no	extra
jsonbee	30.c0c87fc-1	explicit	no	blackarch
jsoncpp	1.9.8-1	dependency	no	extra
jsonrpc-glib	3.44.2-1	explicit	no	extra
jsparser	31.ccd3ab6-5	explicit	no	blackarch
jsql-injection	0.115-1	explicit	no	blackarch
jstillery	65.512e9af-1	explicit	no	blackarch
judy	1.0.5-10	dependency	no	extra
juicy-potato	53.744d321-1	explicit	no	blackarch
junkie	1365.70a83d6-1	explicit	no	blackarch
jupyter-nbformat	5.11.1-1	dependency	no	extra
justdecompile	22018-2	explicit	no	blackarch
juumla	114.4c6f746-1	explicit	no	blackarch
jwscan	7.874b3a5-2	explicit	no	blackarch
jwt-cracker	23.8130879-2	explicit	no	blackarch
jwt-hack	v2.6.0.r119.g225c7c6-1	explicit	no	blackarch
jwt-key-recovery	11.094df95-6	explicit	no	blackarch
jwt-tool	1:v2.3.0.r0.g3bc7407-2	explicit	no	blackarch
jwtcat	77.f80f3d9-7	explicit	no	blackarch
jynx2	1:1.2bcbebf-1	explicit	no	blackarch
jython	2.7.4-3	dependency	no	extra
k55	86.b3c4aa9-1	explicit	no	blackarch
kacak	1.0-3	explicit	no	blackarch
kaccounts-integration	26.08.1-1	dependency	no	extra
kactivitymanagerd	6.7.5-1	dependency	no	extra
kadimus	183.ac5f438-1	explicit	no	blackarch
kalibrate-rtl	69.340003e-1	dependency	no	blackarch
kamene	0.32-8	dependency	no	extra
kamerka	1:48.1f301e8-1	explicit	no	blackarch
karchive	6.30.0-1	dependency	no	extra
katana-framework	1.0.0.1-4	explicit	no	blackarch
katana-pd	1:v1.6.1.r186.gc1de26d-1	explicit	no	blackarch
kate	26.08.1-1	explicit	no	extra
katsnoop	0.1-2	explicit	no	blackarch
kauth	6.30.0-1	dependency	no	extra
kautilya	52.1c9d5b0-13	explicit	no	blackarch
kbd	2.10.0-1	dependency	no	core
kbookmarks	6.30.0-1	dependency	no	extra
kcalendarcore	6.30.0-1	explicit	no	extra
kcalutils	26.08.1-1	explicit	no	extra
kcmutils	6.30.0-1	dependency	no	extra
kcodecs	6.30.0-1	dependency	no	extra
kcolorpicker	0.3.1-6	dependency	no	extra
kcolorscheme	6.30.0-1	dependency	no	extra
kcompletion	6.30.0-1	dependency	no	extra
kcompletion5	5.116.0-2	explicit	no	extra
kconfig	6.30.0-1	dependency	no	extra
kconfig5	5.116.0-2	explicit	no	extra
kconfigwidgets	6.30.0-1	dependency	no	extra
kcontacts	1:6.30.0-1	dependency	no	extra
kcoreaddons	6.30.0-1	dependency	no	extra
kcoreaddons5	5.116.0-2	explicit	no	extra
kcrash	6.30.0-1	dependency	no	extra
kcrash5	5.116.0-2	explicit	no	extra
kdav	1:6.30.0-1	explicit	no	extra
kdbusaddons	6.30.0-1	dependency	no	extra
kddockwidgets	2.4.1-1	explicit	no	extra
kde-cli-tools	6.7.5-1	dependency	no	extra
kde-gtk-config	6.7.5-1	explicit	no	extra
kdeclarative	6.30.0-1	dependency	no	extra
kdeconnect	26.08.1-1	explicit	no	extra
kdecoration	6.7.5-1	dependency	no	extra
kded	6.30.0-1	dependency	no	extra
kdegraphics-mobipocket	26.08.1-1	dependency	no	extra
kdegraphics-thumbnailers	26.08.1-1	explicit	no	extra
kdenlive	26.08.1-1	explicit	no	extra
kdepim-runtime	26.08.1-1	explicit	no	extra
kdeplasma-addons	6.7.5-1	explicit	no	extra
kdesu	6.30.0-1	dependency	no	extra
kdevelop	26.08.1-1	explicit	no	extra
kdialog	26.08.1-1	dependency	no	extra
kdnssd	6.30.0-1	dependency	no	extra
kdoctools	6.30.0-1	explicit	no	extra
kdsingleapplication	1.2.1-1	explicit	no	extra
kdsoap	2.3.0-1	dependency	no	extra
kdsoap-ws-discovery-client	0.4.0-3	dependency	no	extra
keepassxc	2.7.12-5	explicit	no	extra
keimpx	3:300.37190f4-8	explicit	no	blackarch
kekeo	2.2.0_20211214-1	explicit	no	blackarch
kerbcrack	1.3d3-1	explicit	no	blackarch
kerberoast	1:0.2.0.r9.g82f5bb2-6	explicit	no	blackarch
kerbrute	90.9cfb81e-2	explicit	no	blackarch
kernel-modules-hook	0.1.7-3	dependency	no	extra
kernelpop	238.b3467d3-1	explicit	no	blackarch
kexec-tools	2.0.32-1	explicit	no	extra
keye	29.d44a578-10	explicit	no	blackarch
keystone	0.9.2-8	dependency	no	extra
keyutils	1.6.3-4	dependency	no	core
kf6-servicemenus-rootactions	1.2.0-1	explicit	no	chaotic-aur
kfilemetadata	6.30.0-1	dependency	no	extra
kglobalaccel	6.30.0-1	dependency	no	extra
kglobalacceld	6.7.5-1	dependency	no	extra
kguiaddons	6.30.0-1	dependency	no	extra
kguiaddons5	5.116.0-2	explicit	no	extra
kh2hc	0.1.0.r2.g96b9e68-1	explicit	no	blackarch
khc	0.2-4	explicit	no	blackarch
kholidays	1:6.30.0-1	dependency	no	extra
ki18n	6.30.0-1	dependency	no	extra
ki18n5	5.116.0-2	explicit	no	extra
kicad	10.0.6-2	explicit	no	extra
kickthemout	212.861aea2-9	explicit	no	blackarch
kiconthemes	6.30.0-1	dependency	no	extra
kid3	3.10.1-2	explicit	no	extra
kid3-common	3.10.1-2	explicit	no	extra
kidentitymanagement	26.08.1-1	explicit	no	extra
kidletime	6.30.0-1	dependency	no	extra
killcast	30.ee81cfa-9	explicit	no	blackarch
killerbee	398.748740d-7	explicit	no	blackarch
kimageannotator	0.7.2-2	dependency	no	extra
kimageformats	6.30.0-2	explicit	no	extra
kimap	26.08.1-1	explicit	no	extra
kimi	28.e7cafda-4	explicit	no	blackarch
kinfocenter	6.7.5-1	explicit	no	extra
kio	6.30.0-1	dependency	no	extra
kio-extras	26.08.1-2	dependency	no	extra
kio-fuse	5.1.1-2	dependency	no	extra
kippo	287.b9eb06a-3	explicit	no	blackarch
kirigami	6.30.0-1	dependency	no	extra
kirigami-addons	1.14.2-1	dependency	no	extra
kismet	2025_09_R1-4	dependency	no	extra
kismet-earth	1:0.1-12	explicit	no	blackarch
kismet2earth	2.0-2	explicit	no	blackarch
kismon	1.0.3-8	explicit	no	blackarch
kissfft	131.2.0-2	dependency	no	extra
kitemmodels	6.30.0-1	dependency	no	extra
kitemviews	6.30.0-1	dependency	no	extra
kitemviews5	5.116.0-2	explicit	no	extra
kiterunner	19.7d5824c-1	explicit	no	blackarch
kitty-framework	352.cb07609-3	explicit	no	blackarch
kjobwidgets	6.30.0-1	dependency	no	extra
klar	2.4.0-1	explicit	no	blackarch
kldap	26.08.1-1	explicit	no	extra
klee	2.1-2	explicit	no	blackarch
klee-uclibc	1.4-1	dependency	no	blackarch
klogger	1.0-6	explicit	no	blackarch
kmail	26.08.1-1	explicit	no	extra
kmail-account-wizard	26.08.1-1	explicit	no	extra
kmailtransport	26.08.1-1	explicit	no	extra
kmbox	26.08.1-1	explicit	no	extra
kmenuedit	6.7.5-1	dependency	no	extra
kmime	1:6.30.0-1	explicit	no	extra
kmod	34.2-1	dependency	no	core
knewstuff	6.30.0-1	dependency	no	extra
knighttime	6.7.5-1	dependency	no	extra
knock	2:116.da43fdd-1	explicit	no	blackarch
knotifications	6.30.0-1	dependency	no	extra
knotifyconfig	6.30.0-1	dependency	no	extra
knxmap	252.6f40dd1-7	explicit	no	blackarch
koadic	2:3.457f9a3-3	explicit	no	blackarch
kodi	21.3-12	explicit	no	extra
kodi-eventclients	21.3-12	explicit	no	extra
kodi-platform	20251221.844cf3e-2	explicit	no	extra
kolkata	3.0-4	explicit	no	blackarch
kolourpaint	26.08.1-1	explicit	no	extra
konan	23.7b5ac80-1	explicit	no	blackarch
konsole	26.08.1-1	explicit	no	extra
kontactinterface	26.08.1-1	explicit	no	extra
kontainer-git	1.6.2.r0.g25e428a-1.1	explicit	no	chaotic-aur
kpackage	6.30.0-1	dependency	no	extra
kparts	6.30.0-1	dependency	no	extra
kpeople	6.30.0-1	dependency	no	extra
kpimtextedit	26.08.1-1	explicit	no	extra
kpipewire	6.7.5-1	dependency	no	extra
kpmcore	26.08.1-1	dependency	no	extra
kpty	6.30.0-1	dependency	no	extra
kquickcharts	6.30.0-1	dependency	no	extra
kquickimageeditor	0.7.0.1-1	explicit	no	extra
kraken	32.368a837-1	explicit	no	blackarch
krb5	1.22.2-1	dependency	no	core
krbjack	1.2.0-5	explicit	no	blackarch
krbrelayx	69.10b45a3-1	explicit	no	blackarch
krdp	6.7.5-1	explicit	no	extra
krfb	26.08.1-1	explicit	no	extra
krita	6.0.4-2	explicit	no	extra
krita-plugin-gmic	3.7.4.1-3	explicit	no	extra
krunner	6.30.0-1	dependency	no	extra
ksanecore	26.08.1-1	explicit	no	extra
kscan	v1.85.r55.gcf76af2-1	explicit	no	blackarch
kscreen	6.7.5-1	explicit	no	extra
kscreenlocker	6.7.5-1	dependency	no	extra
kservice	6.30.0-1	dependency	no	extra
ksmtp	26.08.1-1	explicit	no	extra
ksshaskpass	6.7.5-1	explicit	no	extra
kstatusnotifieritem	6.30.0-1	dependency	no	extra
ksvg	6.30.0-1	dependency	no	extra
ksystemstats	6.7.5-1	dependency	no	extra
ktextaddons	2.1.2-1	explicit	no	extra
ktexteditor	6.30.0-1	dependency	no	extra
ktexttemplate	6.30.0-1	explicit	no	extra
ktextwidgets	6.30.0-1	dependency	no	extra
ktnef	26.08.1-1	explicit	no	extra
kube-hunter	703.bc47f08-8	explicit	no	blackarch
kubectl	1.37.0-1	dependency	no	extra
kubesploit	86.2de2f12-1	explicit	no	blackarch
kubestriker	1:v1.2.0.r2.ge1776ea-2	explicit	no	blackarch
kubolt	28.0027239-8	explicit	no	blackarch
kunifiedpush	26.08.1-1	explicit	no	extra
kunitconversion	6.30.0-1	dependency	no	extra
kuserfeedback	6.30.0-1	dependency	no	extra
kvantum	1.1.8-1	explicit	no	extra
kwallet	6.30.0-1	dependency	no	extra
kwallet-pam	6.7.5-1	explicit	no	extra
kwave	26.08.1-1	explicit	no	extra
kwayland	6.7.5-1	dependency	no	extra
kwayland-integration	6.7.5-1	explicit	no	extra
kwayland5	5.116.0-2	dependency	no	extra
kwetza	26.0e50272-3	explicit	no	blackarch
kwidgetsaddons	6.30.0-1	dependency	no	extra
kwidgetsaddons5	5.116.0-2	explicit	no	extra
kwin	6.7.5-1	explicit	no	extra
kwin-effect-rounded-corners-git	0.10.0.r11.gc1178d9-1	explicit	no	chaotic-aur
kwin-effects-better-blur-dx	2.5.1-1.8	dependency	no	chaotic-aur
kwindowsystem	6.30.0-1	dependency	no	extra
kwindowsystem5	5.116.0-2	dependency	no	extra
kxmlgui	6.30.0-1	dependency	no	extra
l-smash	2.14.5-4	dependency	no	extra
l0l	322.1319ea7-1	explicit	no	blackarch
ladspa	1.17-7	explicit	no	extra
laf	12.7a456b3-5	explicit	no	blackarch
lame	4.0-1	dependency	no	extra
lanmap2	1:127.1197999-3	explicit	no	blackarch
lans	1:148.9f8ef2d-6	explicit	no	blackarch
lapack	3.12.1-2	dependency	no	extra
latd	1.31-2	explicit	no	blackarch
laudanum	1.0-2	explicit	no	blackarch
layer-shell-qt	6.7.5-1	dependency	no	extra
lazagne	1:v2.4.7.r6.g858ff6f-1	explicit	no	blackarch
lazydroid	25.0f559ec-1	explicit	no	blackarch
lbd	20130719-6	dependency	no	blackarch
lbmap	147.2d15ace-5	explicit	no	blackarch
lcms2	2.19.1-1	dependency	no	extra
ld-shatner	4.5c215c4-2	explicit	no	blackarch
ldap-brute	21.acc06e3-4	explicit	no	blackarch
ldapconsole	2.1.0.r12.g1b0886a-1	explicit	no	blackarch
ldapenum	1:0.1-7	explicit	no	blackarch
ldapmonitor	1.4.r13.g6f9dfcb-3	explicit	no	blackarch
ldapscripts	2.0.8-4	explicit	no	blackarch
ldapwordlistharvester	1.2.r20.g78cd116-1	explicit	no	blackarch
ldb	2:4.24.7-1	dependency	no	extra
ldeep	1:2.0.3.r8.gdaaa906-1	explicit	no	blackarch
ldns	1.9.2-1	dependency	no	core
ldsview	47.d8bfcaa-1	explicit	no	blackarch
leaklooker	5.0d2b9fc-1	explicit	no	blackarch
leancrypto	1.9.0-1	dependency	no	core
leechcore	2.22.7-1	dependency	no	blackarch
leena	2.5119f56-1	explicit	no	blackarch
legion	62.733beaa-1	explicit	no	blackarch
lensfun	1:0.3.4-6	explicit	no	extra
leo	39547.2844177134-1	explicit	no	blackarch
leptonica	1.87.0-2	dependency	no	extra
leroy-jenkins	3.bdc3965-4	explicit	no	blackarch
less	1:710-1	dependency	no	core
lethalhta	2.5602402-1	explicit	no	blackarch
letmefuckit-scanner	3.f3be22b-4	explicit	no	blackarch
level-zero-loader	1.32.0-1	explicit	no	extra
leviathan	35.a1a1d8c-4	explicit	no	blackarch
levye	1:84.5406303-1	explicit	no	blackarch
lfi-autopwn	3.0-4	explicit	no	blackarch
lfi-exploiter	1.1-7	explicit	no	blackarch
lfi-fuzzploit	1.1-6	explicit	no	blackarch
lfi-image-helper	0.8-8	explicit	no	blackarch
lfi-scanner	4.0-8	explicit	no	blackarch
lfi-sploiter	1.0-6	explicit	no	blackarch
lfifreak	22.86b97dd-1	explicit	no	blackarch
lfimap	1:286.ac1f29c-2	explicit	no	blackarch
lfisuite	85.470e01f-3	explicit	no	blackarch
lfle	24.f28592c-6	explicit	no	blackarch
lft	1:3.91-1	explicit	no	blackarch
lhasa	0.5.0-1	explicit	no	extra
lhf	40.51568ee-4	explicit	no	blackarch
lib2geom	1.4-3	explicit	no	extra
lib32-alsa-lib	1.2.16.1-1	dependency	no	multilib
lib32-at-spi2-core	2.60.7-1	dependency	no	multilib
lib32-brotli	1.2.0-2	dependency	no	multilib
lib32-bzip2	1.0.8-4	dependency	no	multilib
lib32-cairo	1.18.4-1	dependency	no	multilib
lib32-curl	8.22.0-1	dependency	no	multilib
lib32-dbus	1.16.2-1	dependency	no	multilib
lib32-e2fsprogs	1.47.4-1	dependency	no	multilib
lib32-expat	2.8.5-1	dependency	no	multilib
lib32-fontconfig	2:2.18.3-1	dependency	no	multilib
lib32-freetype2	2.14.3-1	dependency	no	multilib
lib32-fribidi	1.0.16-2	dependency	no	multilib
lib32-gcc-libs	16.2.1+r23+gd564253eb6c8-1	dependency	no	core
lib32-gdk-pixbuf2	2.44.7-1	dependency	no	multilib
lib32-glib2	2.88.3-1	dependency	no	multilib
lib32-glibc	2.44+r24+g16be1518495f-1	dependency	no	core
lib32-gmp	6.3.0-2	dependency	no	multilib
lib32-gnutls	3.8.13-3	dependency	no	multilib
lib32-gtk2	2.24.33-5	explicit	yes	foreign
lib32-harfbuzz	14.5.0-1	dependency	no	multilib
lib32-icu	78.3-1	dependency	no	multilib
lib32-json-c	0.19-1	dependency	no	multilib
lib32-keyutils	1.6.3-4	dependency	no	multilib
lib32-krb5	1.22.2-1	dependency	no	multilib
lib32-libcups	2.4.19-2	dependency	no	multilib
lib32-libcurl-gnutls	8.22.0-1	dependency	no	multilib
lib32-libdatrie	0.2.14-1	dependency	no	multilib
lib32-libdisplay-info	0.3.0-1	dependency	no	multilib
lib32-libdrm	2.4.134-1	dependency	no	multilib
lib32-libelf	0.196-2	dependency	no	multilib
lib32-libffi	3.8.0-1	dependency	no	multilib
lib32-libgcrypt	1.12.4-1	dependency	no	multilib
lib32-libglvnd	1.7.0-1	dependency	no	multilib
lib32-libgpg-error	1.61-1	dependency	no	multilib
lib32-libidn2	2.3.8-1	dependency	no	multilib
lib32-libjpeg-turbo	3.2.0-1	dependency	no	multilib
lib32-libldap	2.7.1-1	dependency	no	multilib
lib32-libnghttp2	1.70.0-1	dependency	no	multilib
lib32-libnghttp3	1.18.0-1	dependency	no	multilib
lib32-libngtcp2	1.25.0-1	dependency	no	multilib
lib32-libpciaccess	0.19-1	dependency	no	multilib
lib32-libpipewire	1:1.6.9-1	dependency	no	multilib
lib32-libpng	1.6.58-2	dependency	no	multilib
lib32-libpsl	0.21.5-1	dependency	no	multilib
lib32-librsvg	2:2.62.3-1	dependency	no	multilib
lib32-libssh2	1.11.1-5	dependency	no	multilib
lib32-libtasn1	4.21.0-1	dependency	no	multilib
lib32-libthai	0.1.30-1	dependency	no	multilib
lib32-libtiff	4.7.2-1	dependency	no	multilib
lib32-libunistring	1.4.2-1	dependency	no	multilib
lib32-libva	2.24.1-1	dependency	no	multilib
lib32-libva-intel-driver	2.4.5-1	dependency	no	multilib
lib32-libx11	1.8.13-1	dependency	no	multilib
lib32-libxau	1.0.12-1	dependency	no	multilib
lib32-libxcb	1.17.0-1	dependency	no	multilib
lib32-libxcomposite	0.4.7-1	dependency	no	multilib
lib32-libxcrypt	4.5.2-1	dependency	no	multilib
lib32-libxcrypt-compat	4.5.2-1	dependency	no	multilib
lib32-libxcursor	1.2.3-1	dependency	no	multilib
lib32-libxdamage	1.1.7-1	dependency	no	multilib
lib32-libxdmcp	1.1.5-1	dependency	no	multilib
lib32-libxext	1.3.7-1	dependency	no	multilib
lib32-libxfixes	6.0.2-1	dependency	no	multilib
lib32-libxft	2.3.9-1	dependency	no	multilib
lib32-libxi	1.8.3-1	dependency	no	multilib
lib32-libxinerama	1.1.6-1	dependency	no	multilib
lib32-libxml2	2.15.4-1	dependency	no	multilib
lib32-libxrandr	1.5.5-1	dependency	no	multilib
lib32-libxrender	0.9.12-1	dependency	no	multilib
lib32-libxshmfence	1.3.3-1	dependency	no	multilib
lib32-libxtst	1.2.5-2	dependency	no	multilib
lib32-libxxf86vm	1.1.7-1	dependency	no	multilib
lib32-llvm-libs	1:22.1.8-1	dependency	no	multilib
lib32-lm_sensors	1:3.6.2-2	dependency	no	multilib
lib32-mesa	1:26.2.3-1	dependency	no	multilib
lib32-ncurses	6.6-2	dependency	no	multilib
lib32-nettle	4.0-2	dependency	no	multilib
lib32-nvidia-utils	615.71.09-1	explicit	no	multilib
lib32-opencl-nvidia	615.71.09-1	explicit	no	multilib
lib32-openssl	1:3.6.4-1	dependency	no	multilib
lib32-openssl-1.0	1.0.2.u-3	dependency	no	blackarch
lib32-opus	1.6.1-1	dependency	no	multilib
lib32-p11-kit	0.26.5-1	dependency	no	multilib
lib32-pango	1:1.58.2-1	dependency	no	multilib
lib32-pcre2	10.48-1	dependency	no	multilib
lib32-pipewire	1:1.6.9-1	dependency	no	multilib
lib32-pipewire-jack	1:1.6.9-1	explicit	no	multilib
lib32-pixman	0.46.4-1	dependency	no	multilib
lib32-spirv-tools	1:1.4.357.0-1	dependency	no	multilib
lib32-systemd	262-1	dependency	no	multilib
lib32-util-linux	2.42.4-1	dependency	no	multilib
lib32-vulkan-icd-loader	1.4.357.0-1	dependency	no	multilib
lib32-vulkan-intel	1:26.2.3-1	dependency	no	multilib
lib32-vulkan-mesa-implicit-layers	1:26.2.3-1	dependency	no	multilib
lib32-vulkan-mesa-layers	1:26.2.3-1	dependency	no	multilib
lib32-vulkan-radeon	1:26.2.3-1	dependency	no	multilib
lib32-wayland	1.26.0-1	dependency	no	multilib
lib32-xcb-util-keysyms	0.4.1-2	dependency	no	multilib
lib32-xz	5.8.4-1	dependency	no	multilib
lib32-zlib	1.3.2-1	dependency	no	multilib
lib32-zstd	1.5.7-2	dependency	no	multilib
libabw	0.1.4-1	explicit	no	extra
libaccounts-glib	1.27-3	dependency	no	extra
libaccounts-qt	1.17-2	dependency	no	extra
libad9361	0.3-2	dependency	no	extra
libadwaita	1:1.9.4-1	explicit	no	extra
libaec	1.1.7-1	explicit	no	extra
libaemu	0.1.2-5	explicit	no	extra
libaio	0.3.113-5	dependency	no	core
libao	1.2.2-7	explicit	no	extra
libappindicator	12.10.1-2	explicit	no	extra
libarchive	3.8.9-1	dependency	no	core
libasan	16.2.1+r23+gd564253eb6c8-1	dependency	no	core
libass	0.17.5-1	dependency	no	extra
libassuan	3.0.0-1	dependency	no	core
libasyncns	1:0.8+r3+g68cd5af-3	dependency	no	extra
libatasmart	0.19-8	dependency	no	extra
libatomic	16.2.1+r23+gd564253eb6c8-1	dependency	no	core
libatomic_ops	7.8.2-2	explicit	no	extra
libavc1394	0.5.4-7	dependency	no	extra
libavif	1.4.2-1	dependency	no	extra
libavtp	0.2.0-3	dependency	no	extra
libayatana-appindicator	0.6.0-2	explicit	no	extra
libayatana-indicator	0.9.5-1	explicit	no	extra
libb2	0.98.1-3	dependency	no	extra
libbde	1:20260903.r6.g5624c45-1	explicit	no	blackarch
libblake3	1.8.7-1	dependency	no	extra
libblockdev	3.5.0-2	dependency	no	extra
libblockdev-crypto	3.5.0-2	dependency	no	extra
libblockdev-fs	3.5.0-2	dependency	no	extra
libblockdev-loop	3.5.0-2	dependency	no	extra
libblockdev-mdraid	3.5.0-2	dependency	no	extra
libblockdev-nvme	3.5.0-2	dependency	no	extra
libblockdev-part	3.5.0-2	dependency	no	extra
libblockdev-smart	3.5.0-2	dependency	no	extra
libblockdev-swap	3.5.0-2	dependency	no	extra
libbluray	1.5.1-1	dependency	no	extra
libbpf	1.7.0-1	dependency	no	core
libbs2b	3.1.0-10	dependency	no	extra
libbsd	0.12.2-2	dependency	no	extra
libbtbb	2020.12.R1.r7.gf0fe176-1	dependency	no	blackarch
libburn	1.5.8-1	explicit	no	extra
libbytesize	2.12-3	dependency	no	extra
libc-database	45.69815cd-1	explicit	no	blackarch
libcaca	0.99.beta20-7	dependency	no	extra
libcacard	2.8.1-1	explicit	no	extra
libcanberra	1:0.30+r2+gc0620e4-6	dependency	no	extra
libcap	2.78-1	dependency	no	core
libcap-ng	0.9.6-1	dependency	no	core
libcbor	0.14.0-1	dependency	no	extra
libcddb	1.3.2-9	explicit	no	extra
libcdio	2.4.0-1	dependency	no	extra
libcdio-paranoia	10.2+2.0.2-3	explicit	no	extra
libcdr	0.1.9-1	explicit	no	extra
libcec	8.1.7-1	explicit	no	extra
libcerf	1:3.8-1	dependency	no	extra
libcgif	0.5.4-1	dependency	no	extra
libcli	1.10.7-2	dependency	no	extra
libcloudproviders	0.4.1-1	dependency	no	extra
libcmis	0.6.3-2	explicit	no	extra
libcolord	1.4.8-1	dependency	no	extra
libconfig	1.8.2-2	dependency	no	extra
libcue	2.3.0-2	explicit	no	extra
libcups	2:2.4.19-1	dependency	no	extra
libcupsfilters	2.2.1-2	dependency	no	extra
libcurl-gnutls	8.22.0-1	dependency	no	core
libdaemon	0.14-6	dependency	no	extra
libdaq	2.0.7-1	dependency	no	blackarch
libdatachannel	0.24.5-2	explicit	no	extra
libdatrie	0.2.14-1	dependency	no	extra
libdbusmenu-glib	18.10.20180917-2	dependency	no	extra
libdbusmenu-gtk3	18.10.20180917-2	dependency	no	extra
libdc1394	2.2.7-2	dependency	no	extra
libdca	0.0.7-3	dependency	no	extra
libde265	1.1.3-1	dependency	no	extra
libdecor	0.2.5-1	dependency	no	extra
libdeflate	1.26-1	dependency	no	extra
libdex	1.1.0-1	explicit	no	extra
libdisasm	0.23-2	explicit	no	blackarch
libdispatch	6.2.2-1	explicit	no	extra
libdisplay-info	0.3.0-1	dependency	no	extra
libdmtx	0.7.8-1	dependency	no	extra
libdnet	1.18.2-1	dependency	no	extra
libdovi	3.4.0-1	dependency	no	extra
libdrm	2.4.134-1	dependency	no	extra
libdv	1.0.0-12	dependency	no	extra
libdvdcss	1.6.0-1	explicit	no	extra
libdvdnav	7.0.0-1	dependency	no	extra
libdvdread	7.1.1-1	dependency	no	extra
libdwarf	1:2.3.2-1	dependency	no	extra
libe-book	0.1.4-1	explicit	no	extra
libebml	1.4.7-1	dependency	no	extra
libebur128	1.2.6-2	dependency	no	extra
libedit	20260512_3.1-1	dependency	no	core
libee	0.4.1-4	dependency	no	blackarch
libei	1.6.0-1	dependency	no	extra
libelf	0.196-1	dependency	no	core
libemu	584.bf443cb-1	dependency	no	blackarch
libepoxy	1.5.10-3	dependency	no	extra
libepubgen	0.1.1-6	explicit	no	extra
libesmtp	1.1.0-3	dependency	no	extra
libestr	0.1.11-1.1	dependency	no	chaotic-aur
libetonyek	0.1.13-3	explicit	no	extra
libetpan	1.10.1-1	explicit	no	extra
libev	4.33-5	explicit	no	extra
libevdev	1.13.7-1	dependency	no	extra
libevent	2.1.13-2	dependency	no	core
libewf	20140816-1	dependency	no	extra
libexif	0.6.26-1	explicit	no	extra
libexsid	2.1-1	dependency	no	extra
libexttextcat	3.4.8-1	explicit	no	extra
libfabric	2.6.0-1	explicit	no	extra
libfakekey	0.3-4	dependency	no	extra
libfastjson	1.2304.0-1.1	dependency	no	chaotic-aur
libfbclient	5.0.4-1	dependency	no	extra
libfdk-aac	2.0.3-2	dependency	no	extra
libffado	2.5.0-1	explicit	no	extra
libffi	3.8.0-1	dependency	no	core
libfido2	1.17.0-1	dependency	no	extra
libfilezilla	1:0.57.0-1	explicit	no	extra
libfixbuf	3.0.0.alpha2-1	dependency	no	blackarch
libfm	1.4.1-1	dependency	no	extra
libfm-extra	1.4.1-1	dependency	no	extra
libfm-gtk3	1.4.1-1	dependency	no	extra
libfontenc	1.1.9-1	dependency	no	extra
libforensic1394	0.2-14	dependency	no	extra
libfprint	1.94.100-1	explicit	no	extra
libfreeaptx	0.2.2-1	dependency	no	extra
libfreehand	0.1.4-1	explicit	no	extra
libftdi	1.5-10	dependency	no	extra
libfvde	218.502edfc-1	explicit	no	blackarch
libfyaml	0.9.6-3	dependency	no	extra
libgcc	16.2.1+r23+gd564253eb6c8-1	dependency	no	core
libgccjit	16.2.1+r23+gd564253eb6c8-1	explicit	no	core
libgcrypt	1.12.4-1	dependency	no	core
libgdiplus	6.2-1	dependency	no	extra
libgee	0.20.8-1	explicit	no	extra
libgexiv2	0.14.7-1	explicit	no	extra
libgfortran	16.2.1+r23+gd564253eb6c8-1	dependency	no	core
libghthash	v0.6.2.r1.g1ce70bb-1	dependency	no	blackarch
libgig	4.6.0-1	explicit	no	extra
libgirepository	1.86.0-2	dependency	no	extra
libgit2	1:1.9.7-1	dependency	no	extra
libgit2-glib	1.2.1-2	explicit	no	extra
libgksu	2.0.12-9	dependency	no	blackarch
libglade	2.6.4-8	dependency	no	blackarch
libglvnd	1.7.0-3	dependency	no	extra
libgme	0.6.5-1	dependency	no	extra
libgnome-keyring	1:3.12.0.r14.g23438cc-2	dependency	no	blackarch
libgnomekbd	1:3.28.1-2	explicit	no	extra
libgoa	3.58.1-1	explicit	no	extra
libgomp	16.2.1+r23+gd564253eb6c8-1	dependency	no	core
libgovirt	2:0.3.11-1	explicit	no	extra
libgpg-error	1.61-1	dependency	no	core
libgphoto2	2.5.34-1	explicit	no	extra
libgpiod	2.3.1-1	dependency	no	extra
libgpod	0.8.3-20	explicit	no	extra
libgravatar	26.08.1-1	explicit	no	extra
libgsf	1.14.58-1	explicit	no	extra
libgssglue	0.9-2	dependency	no	extra
libgtop	2.41.3-2	dependency	no	extra
libgudev	238-3	dependency	no	extra
libgusb	0.4.9-2	dependency	no	extra
libgweather-4	4.6.0-1	explicit	no	extra
libhandy	1.8.3-2	explicit	no	extra
libharu	2.4.6-1	explicit	no	extra
libheif	1.23.5-1	explicit	no	extra
libhwasan	16.2.1+r23+gd564253eb6c8-1	dependency	no	core
libical	4.0.5-1	explicit	no	extra
libice	1.1.2-1	dependency	no	extra
libid3tag	0.16.4-1	explicit	no	extra
libidn	1.44-1	dependency	no	extra
libidn11	1.33-4	dependency	no	blackarch
libidn2	2.3.8-1	dependency	no	core
libiec61883	1.2.0-9	dependency	no	extra
libieee1284	0.2.11-19	explicit	no	extra
libiio	0.26-5	dependency	no	extra
libimagequant	4.4.1-2	explicit	no	extra
libimobiledevice	1.4.0-2	dependency	no	extra
libimobiledevice-glue	1.3.2-1	dependency	no	extra
libindi	2.2.4.2-1	dependency	no	extra
libinih	62-2	dependency	no	core
libinput	1.32.0-1	dependency	no	extra
libinput-gestures	2.81-1.1	dependency	no	chaotic-aur
libinput-gestures-qt	0.4-2.1	explicit	no	chaotic-aur
libinput-tools	1.32.0-1	dependency	no	extra
libiscsi	1.20.3-1	dependency	no	extra
libisl	0.28-1	dependency	no	core
libisoburn	1.5.8.2-1	explicit	no	extra
libisofs	1.5.8.2-1	explicit	no	extra
libixion	0.20.0-9	explicit	no	extra
libjcat	0.2.6-1	dependency	no	extra
libjodycode	4.1.2-3	dependency	no	extra
libjpeg-turbo	3.2.0-2	dependency	no	extra
libjuice	1.7.3-1	explicit	no	extra
libjxl	0.12.0-1	dependency	no	extra
libkdcraw	26.08.1-1	dependency	no	extra
libkdcraw5	25.12.3-2	explicit	yes	foreign
libkdepim	26.08.1-1	explicit	no	extra
libkexiv2	26.08.1-1	dependency	no	extra
libkeybinder3	0.3.2-5	dependency	no	extra
libkeyfinder	2.2.8-2	explicit	no	extra
libkgapi	26.08.1-1	explicit	no	extra
libkleo	26.08.1-1	explicit	no	extra
libkolabxml	1.3.1-9	explicit	yes	foreign
libkomparediff2	26.08.1-1	explicit	no	extra
libksane	26.08.1-1	explicit	no	extra
libksba	1.8.1-1	dependency	no	core
libkscreen	6.7.5-1	dependency	no	extra
libksieve	26.08.1-1	explicit	no	extra
libksysguard	6.7.5-1	dependency	no	extra
liblangtag	0.6.8-1	explicit	no	extra
liblc3	1.1.3-2	dependency	no	extra
libldac	2.0.2.6-1	dependency	no	extra
libldap	2.7.1-1	dependency	no	core
liblo	1:0.36-1	explicit	no	extra
liblognorm	2.0.6-3	dependency	no	blackarch
liblouis	3.39.0-1	dependency	no	extra
liblphobos	3:1.43.0-1	dependency	no	extra
liblqr	0.4.3-1	dependency	no	extra
liblrdf	0.6.1-5	dependency	no	extra
liblsan	16.2.1+r23+gd564253eb6c8-1	dependency	no	core
libltc	1.3.2-2	dependency	no	extra
liblzf	3.6-5	explicit	no	extra
libmad	0.15.1b-10	explicit	no	extra
libmakepkg-dropins	20-2	dependency	no	core
libmalcontent	0.14.0-4	explicit	no	extra
libmanette	0.2.13-2	dependency	no	extra
libmatio	1.5.30-1	dependency	no	extra
libmatroska	1.7.2-2	dependency	no	extra
libmaxminddb	1.14.1-1	dependency	no	extra
libmbim	1.34.0-1	dependency	no	extra
libmcrypt	2.5.8-7	dependency	no	extra
libmd	1.2.0-1	dependency	no	extra
libmediainfo	26.05-2	explicit	no	extra
libmemcached-awesome	1.1.4-4	dependency	no	extra
libmicrodns	0.2.0-2	dependency	no	extra
libmicrohttpd	1.0.10-1	explicit	no	core
libmm-glib	1.24.2-1	dependency	no	extra
libmms	0.6.4-6	explicit	no	extra
libmng	2.0.3-4	dependency	no	extra
libmnl	1.0.5-2	dependency	no	core
libmodplug	0.8.9.0-7	dependency	no	extra
libmp4v2	1:2.1.3-3	explicit	no	extra
libmpc	1.4.1-1	dependency	no	core
libmpcdec	1:0.1+r475-6	dependency	no	extra
libmpd	11.8.17-7	dependency	no	extra
libmpeg2	0.5.1-11	dependency	no	extra
libmspack	1:1.11-2	explicit	no	extra
libmspub	0.1.5-1	explicit	no	extra
libmtp	1.1.23-1	dependency	no	extra
libmwaw	0.3.23-1	explicit	no	extra
libmypaint	1.6.1-2	explicit	no	extra
libmysofa	1.3.5-1	dependency	no	extra
libmythes	1:1.2.6-1	explicit	no	extra
libnbd	1.24.3-1	explicit	no	extra
libndp	1.9-1	dependency	no	extra
libnet	2:1.3-2	explicit	no	extra
libnetfilter_conntrack	1.1.1-1	dependency	no	core
libnetfilter_log	1.0.2-2	dependency	no	extra
libnetfilter_queue	1.0.5-2	dependency	no	extra
libnewt	0.52.25-2	dependency	no	extra
libnfc	1.8.0-3	dependency	no	extra
libnfnetlink	1.0.2-2	dependency	no	core
libnfs	7.0.2-2	explicit	no	extra
libnftnl	1.3.2-1	dependency	no	core
libnghttp2	1.70.0-1	dependency	no	core
libnghttp3	1.18.0-1	dependency	no	core
libngtcp2	1.25.0-1	dependency	no	core
libnice	0.1.24-1	dependency	no	extra
libnids	1.26-6	dependency	no	extra
libnl	3.12.0-1	dependency	no	core
libnl1	1.1.4-4	dependency	no	blackarch
libnm	1.58.1-1	dependency	no	extra
libnma	1.10.6-3	dependency	no	extra
libnma-common	1.10.6-3	dependency	no	extra
libnma-gtk4	1.10.6-3	dependency	no	extra
libnotify	0.8.8-1	dependency	no	extra
libnova	0.16-3	dependency	no	extra
libnsl	2.0.1-2	dependency	no	core
libntfs-3g	2026.7.7-1	dependency	no	extra
libnumbertext	1.0.11-3	explicit	no	extra
libnvme	1.16.2-2	dependency	no	extra
libobjc	16.2.1+r23+gd564253eb6c8-1	dependency	no	core
libodfgen	0.1.8-5	explicit	no	extra
libogg	1.3.6-1	dependency	no	extra
libolm	3.2.16-6	explicit	no	extra
libopenmpt	0.8.9-1	dependency	no	extra
libopusenc	0.3-1	explicit	no	extra
liborcus	0.21.0-8	explicit	no	extra
libosinfo	1.12.0-3	explicit	no	extra
libosip2	5.3.1-1	dependency	no	blackarch
libosmocore	2:1.14.0-1	dependency	no	blackarch
libosmosdr	0.1.r10.gba4fd96-4	dependency	no	extra
libotf	0.9.16-6	explicit	no	extra
libp11	0.4.21-1	explicit	no	extra
libp11-kit	0.26.5-1	dependency	no	core
libpackagekit-glib	1.4.0-1	explicit	no	extra
libpagemaker	0.0.4-5	explicit	no	extra
libpanel	1.10.4-1	explicit	no	extra
libpaper	2.2.8-1	dependency	no	extra
libparistraceroute	380.455f5ef-1	explicit	no	blackarch
libpathrs	0.2.6-1	dependency	no	extra
libpcap	1.11.0-1	dependency	no	core
libpciaccess	0.19-1	dependency	no	extra
libpeas	1.38.1-2	explicit	no	extra
libpeas-2	2.2.1-1	explicit	no	extra
libpfm4	4.11.0-2	dependency	no	blackarch
libpfring	2:7.6.0.r48.gb5d63335-1	dependency	no	blackarch
libpgm	5.3.128-4	dependency	no	extra
libphonenumber	1:9.0.40-1	explicit	no	extra
libpipeline	1.5.8-1	dependency	no	core
libpipewire	1:1.6.9-1	dependency	no	extra
libplacebo	7.360.1-6	dependency	no	extra
libplasma	6.7.5-1	dependency	no	extra
libplist	2.7.0-3	dependency	no	extra
libpng	1.6.58-2	dependency	no	extra
libportal	0.11.0-1	explicit	no	extra
libportal-gtk3	0.11.0-1	explicit	no	extra
libportal-gtk4	0.11.0-1	explicit	no	extra
libppd	2.1.1-2	dependency	no	extra
libpqxx	8.0.2-1	dependency	no	extra
libproxy	0.5.12-1	dependency	no	extra
libpsl	0.21.5-2	dependency	no	core
libpst	0.6.76-10	explicit	no	extra
libptytty	2.0-6	dependency	no	extra
libpulse	17.0+r98+gb096704c0-1	dependency	no	extra
libpwquality	1.4.5-7	explicit	no	extra
libqaccessibilityclient-qt6	0.6.0-4	dependency	no	extra
libqalculate	5.12.0-1	dependency	no	extra
libqmi	1.38.0-1	dependency	no	extra
libqrtr-glib	1.4.0-1	dependency	no	extra
libquadmath	16.2.1+r23+gd564253eb6c8-1	dependency	no	core
libquotient	0.9.6.1-2	explicit	no	extra
libqxp	0.0.3-1	explicit	no	extra
libraqm	0.11.0-1	dependency	no	extra
libraw	0.22.2-1	dependency	no	extra
libraw1394	2.1.2-4	dependency	no	extra
librecad	2.2.1.5-3	explicit	no	extra
libreoffice-fresh	26.8.0-2	explicit	no	extra
libresidfp	1.2.2-1	dependency	no	extra
librest	0.10.2-1	explicit	no	extra
librevenge	0.0.6-1	explicit	no	extra
librewolf	156.0.0_1-1	explicit	no	extra
librsvg	2:2.62.3-1	dependency	no	extra
libsamplerate	0.2.2-3	dependency	no	extra
libsasl	2.1.28-5	dependency	no	core
libsass	3.6.6-2	dependency	no	extra
libsbsms	2.3.0-6	explicit	no	extra
libscanmem	0.17-11	dependency	no	extra
libsdrplay	3.15.2-5	dependency	no	chaotic-aur
libseccomp	2.6.0-1	dependency	no	core
libsecret	0.21.8.2-1	dependency	no	core
libserialport	0.1.2-1	dependency	no	extra
libshout	1:2.4.6-5	dependency	no	extra
libshumate	1.6.3-1	explicit	no	extra
libsidplayfp	3.1.1-1	explicit	no	extra
libsigc++	2.12.2-1	explicit	no	extra
libsigsegv	2.15-1	dependency	no	extra
libsixel	1.10.5-1	explicit	no	extra
libslirp	4.9.5-1	explicit	no	extra
libsm	1.2.6-1	dependency	no	extra
libsndfile	1.2.2-4	dependency	no	extra
libsodium	1.0.22-1	dependency	no	extra
libsonic	0.2.0-2	dependency	no	extra
libsoup	2.74.3-5	explicit	no	blackarch
libsoup3	3.6.6-2	dependency	no	extra
libsoxr	0.1.3-5	dependency	no	extra
libspectre	0.2.12-2	dependency	no	extra
libspeechd	0.12.1-3	explicit	no	extra
libspelling	0.4.10-1	explicit	no	extra
libspiro	1:20240903-1	explicit	no	extra
libspnav	1.2-1	explicit	no	extra
libsrtp	1:2.8.0-1	dependency	no	extra
libssc	0.4.4-1	dependency	no	extra
libssh	0.12.2-1	dependency	no	extra
libssh2	1.11.1-7	dependency	no	core
libstaroffice	0.0.8-1	explicit	no	extra
libstdc++	16.2.1+r23+gd564253eb6c8-1	dependency	no	core
libstemmer	3.1.1-1	dependency	no	extra
libsynctex	2026.0-2	dependency	no	extra
libsysprof-capture	50.0-6	dependency	no	extra
libtasn1	4.21.0-1	dependency	no	core
libtatsu	1.0.5-1	dependency	no	extra
libteam	1.32-3	dependency	no	extra
libthai	0.1.30-1	dependency	no	extra
libtheora	1.2.0-1	dependency	no	extra
libtiff	4.7.2-1	dependency	no	extra
libtins	1308.3111a90-1	explicit	no	blackarch
libtirpc	1.3.8-1	dependency	no	core
libtirpc-compat	0.1-4	dependency	no	blackarch
libtlsrpt	0.5.1-1	dependency	no	extra
libtomcrypt	1.18.2-1	dependency	no	extra
libtommath	1.3.0-2	dependency	no	extra
libtool	2.6.2-5	dependency	no	core
libtorrent	0.16.24-1	explicit	no	extra
libtorrent-rasterbar	1:2.1.1-2	explicit	no	extra
libtpms	0.10.2-1	explicit	no	extra
libtraceevent	1:1.9.0-1	explicit	no	extra
libtracefs	1.8.3-1	explicit	no	extra
libtsan	16.2.1+r23+gd564253eb6c8-1	dependency	no	core
libubsan	16.2.1+r23+gd564253eb6c8-1	dependency	no	core
libuhd	4.9.0.1-8	dependency	no	extra
libunibreak	7.0-1	dependency	no	extra
libuninameslist	20260107-1	explicit	no	extra
libunistring	1.4.2-1	dependency	no	core
libunwind	1.8.3-1	dependency	no	extra
liburcu	0.15.7-1	dependency	no	extra
liburing	2.15-1	dependency	no	extra
libusb	1.0.30-1	dependency	no	core
libusb-compat	0.1.9-1	dependency	no	extra
libusbmuxd	2.1.1-2	dependency	no	extra
libutempter	1.2.3-1	dependency	no	extra
libutf8proc	2.11.3-1	dependency	no	extra
libuv	1.52.1-2	dependency	no	extra
libva	2.24.1-1	dependency	no	extra
libva-intel-driver	2.4.5-1	dependency	no	extra
libvdpau	1.5-4	dependency	no	extra
libverto	0.3.2-6	dependency	no	core
libvips	8.18.6-2	dependency	no	extra
libvirt	1:12.7.0-1	explicit	no	extra
libvirt-dbus	1.4.1-4	explicit	no	extra
libvirt-glib	5.0.0-3	explicit	no	extra
libvirt-python	1:12.7.0-1	explicit	no	extra
libvisio	0.1.11-1	explicit	no	extra
libvlc	3.0.23_2-16	dependency	no	extra
libvncserver	0.9.15-1	explicit	no	extra
libvolk	2:3.3.0-1	dependency	no	extra
libvorbis	1.3.7-4	dependency	no	extra
libvpl	2.17.0-1	dependency	no	extra
libvpx	1.17.0-1	dependency	no	extra
libwacom	2.20.0-1	dependency	no	extra
libwbclient	2:4.24.7-1	dependency	no	extra
libwebp	1.6.0-2	dependency	no	extra
libwebsockets	4.5.8-3	explicit	no	extra
libwireplumber	0.5.17-2	dependency	no	extra
libwmf	0.2.16-1	explicit	no	extra
libwnck3	43.3-1	dependency	no	extra
libwpd	0.10.3-6	explicit	no	extra
libwpg	0.3.4-3	explicit	no	extra
libwps	0.4.14-4	explicit	no	extra
libx11	1.8.13-1	dependency	no	extra
libx86emu	3.7-2	dependency	no	extra
libxau	1.0.12-1	dependency	no	extra
libxaw	1.0.16-2	dependency	no	extra
libxcb	1.17.0-1	dependency	no	extra
libxcomposite	0.4.7-1	dependency	no	extra
libxcrypt	4.5.2-1	dependency	no	core
libxcrypt-compat	4.5.2-1	explicit	no	core
libxcursor	1.2.3-1	dependency	no	extra
libxcvt	0.1.3-1	dependency	no	extra
libxdamage	1.1.7-1	dependency	no	extra
libxdg-basedir	1.2.3-3	dependency	no	extra
libxdmcp	1.1.5-2	dependency	no	extra
libxdp	1.6.3-2	explicit	no	extra
libxext	1.3.7-1	dependency	no	extra
libxfce4ui	4.20.2-1	dependency	no	extra
libxfce4util	4.20.1-1	dependency	no	extra
libxfce4windowing	4.20.7-1	dependency	no	extra
libxfixes	6.0.2-1	dependency	no	extra
libxfont2	2.0.9-1	dependency	no	extra
libxft	2.3.9-1	dependency	no	extra
libxi	1.8.3-1	dependency	no	extra
libxinerama	1.1.6-1	dependency	no	extra
libxisf	0.2.13-2	dependency	no	extra
libxkbcommon	1.13.2-1	dependency	no	extra
libxkbcommon-x11	1.13.2-1	dependency	no	extra
libxkbfile	1.2.0-1	dependency	no	extra
libxklavier	5.4-7	explicit	no	extra
libxml++	3.2.6-1	dependency	no	extra
libxml++2.6	2.42.4-1	explicit	no	extra
libxml-perl	0.08-9	dependency	no	extra
libxml2	2.15.4-1	dependency	no	core
libxmlb	0.3.29-1	dependency	no	extra
libxmlbird	1.2.15-2	explicit	no	extra
libxmu	1.3.1-1	dependency	no	extra
libxnvctrl	615.71.09-1	explicit	no	extra
libxpm	3.5.19-1	dependency	no	extra
libxpresent	1.0.2-1	explicit	no	extra
libxrandr	1.5.5-1	dependency	no	extra
libxrender	0.9.12-1	dependency	no	extra
libxres	1.2.3-1	dependency	no	extra
libxshmfence	1.3.3-1	dependency	no	extra
libxslt	1.1.45-2	dependency	no	extra
libxss	1.2.5-1	dependency	no	extra
libxt	1.3.1-1	dependency	no	extra
libxtst	1.2.5-1	dependency	no	extra
libxv	1.0.13-1	dependency	no	extra
libxxf86vm	1.1.7-1	dependency	no	extra
libyaml	0.2.5-3	dependency	no	extra
libytnef	1:2.1.2-2	explicit	no	extra
libyuv	r2921+644251f25-1	dependency	no	extra
libzen	0.4.41-3	explicit	no	extra
libzip	1.11.4-1	dependency	no	extra
libzmf	0.0.2-20	explicit	no	extra
licenses	20240728-1	explicit	no	core
lief	0.17.3-1	explicit	no	blackarch
liffy	1:46.b990d6a-2	explicit	no	blackarch
lightblue	0.4-4	dependency	no	blackarch
lightbulb	88.9e8d6f3-5	explicit	no	blackarch
lighttpd	1.4.85-1	dependency	no	extra
ligolo-mp	v2.2.1.r2.g7da8994-1	explicit	no	blackarch
ligolo-ng	v0.9.1.r0.gbec34a6-1	explicit	no	blackarch
lilv	0.28.0-1	dependency	no	extra
limeaide	1:v2.0.0.r3.gce3c9b7-1	explicit	no	blackarch
limelighter	17.d119dc7-1	explicit	no	blackarch
limesuite	23.11.0-9	dependency	no	extra
linenoise-ng	1.0.1-3	explicit	no	extra
linenum	75.c47f9b2-1	explicit	no	blackarch
linikatz	54.b06ec5f-1	explicit	no	blackarch
linkedin2username	2:0.29.r4.g8889f30-1	explicit	no	blackarch
linkedint	1.1.FIX.r8.g89ab1d3-2	explicit	no	blackarch
linkfinder	168.1debac5-7	explicit	no	blackarch
linset	9.8746b1f-4	explicit	no	blackarch
linux	7.2.6.arch2-1	dependency	no	core
linux-api-headers	7.2-1	dependency	no	core
linux-exploit-suggester	32.9db2f5a-6	explicit	no	blackarch
linux-exploit-suggester.sh	183.937cf95-1	explicit	no	blackarch
linux-firmware	20260916-1	explicit	no	core
linux-firmware-amd	20260916-1	explicit	no	core
linux-firmware-amdgpu	20260916-1	dependency	no	core
linux-firmware-atheros	20260916-1	dependency	no	core
linux-firmware-broadcom	20260916-1	dependency	no	core
linux-firmware-cirrus	20260916-1	dependency	no	core
linux-firmware-intel	20260916-1	dependency	no	core
linux-firmware-mediatek	20260916-1	dependency	no	core
linux-firmware-nvidia	20260916-1	dependency	no	core
linux-firmware-other	20260916-1	dependency	no	core
linux-firmware-radeon	20260916-1	dependency	no	core
linux-firmware-realtek	20260916-1	dependency	no	core
linux-firmware-ti	20260916-1	explicit	no	core
linux-firmware-whence	20260916-1	dependency	no	core
linux-hardened	7.2.7.hardened1-1	explicit	no	extra
linux-hardened-headers	7.2.7.hardened1-1	explicit	no	extra
linux-headers	7.2.6.arch2-1	dependency	no	core
linux-inject	100.268d4e4-1	explicit	no	blackarch
linux-mainline	7.3rc4-1	explicit	no	chaotic-aur
linux-mainline-headers	7.3rc4-1	explicit	no	chaotic-aur
linux-smart-enumeration	300.b83a26f-1	explicit	no	blackarch
linux-wifi-hotspot	5.0.0-1	explicit	no	chaotic-aur
linux-zen	7.2.6.zen2-1	explicit	no	extra
linux-zen-headers	7.2.6.zen2-1	explicit	no	extra
linuxconsole	1.8.1-3	dependency	no	extra
liquid-dsp	1.7.0-1	dependency	no	extra
lirc	1:0.10.2-6	dependency	no	extra
lisa.py	61.2d1f81a-1	explicit	no	blackarch
list-urls	0.1-5	explicit	no	blackarch
litehtml	0.10-1	explicit	no	extra
litehtml0.9	0.9-2	dependency	yes	foreign
littleblackbox	0.1.3-2	explicit	no	blackarch
littlebrother	112.338cf82-8	explicit	no	blackarch
lksctp-tools	1.0.21-1	dependency	no	extra
llama-cpp	0.4.1-1	explicit	no	extra
lld	22.1.8-1	dependency	no	extra
lldb	22.1.8-1	dependency	no	extra
llhttp	9.3.1-1	dependency	no	extra
llvm	22.1.8-2	explicit	no	extra
llvm-libs	22.1.8-2	dependency	no	extra
lm_sensors	1:3.6.2-1	dependency	no	extra
lmdb	0.9.35-1	dependency	no	extra
lmms	1.2.2-29	explicit	no	extra
loadlibrary	104.c40033b-1	explicit	no	blackarch
local-php-security-checker	v2.1.3.r1.g1d1fdac-1	explicit	no	blackarch
locasploit	117.fa48151-4	explicit	no	blackarch
lodowep	1.2.1-5	explicit	no	blackarch
log-file-parser	60.c7a0ae7e-2	explicit	no	blackarch
log4cplus	2.2.0.1-1	explicit	no	extra
log4cpp	1.1.6-1.1	dependency	no	chaotic-aur
log4j-bypass	33.f5c92f9-7	explicit	no	blackarch
log4j-scan	88.07f7e32-7	explicit	no	blackarch
logkeys	97.98aac72-2	explicit	no	blackarch
logmepwn	24.f257a8f-1	explicit	no	blackarch
logrotate	3.22.0-1	explicit	no	core
loic	2.9.9.99-1	explicit	no	blackarch
loki-scanner	1258.7688421-1	explicit	no	blackarch
lolbas	192.d148d27-1	explicit	no	blackarch
lollypop	1.4.45-2	explicit	no	extra
loot	51.656fb85-1	explicit	no	blackarch
lorcon-old	1:1.0825ec0-1	dependency	no	blackarch
lorg	98.aa4f1a3-1	explicit	no	blackarch
lorsrf	1:v2.1.r3.g5c69453-1	explicit	no	blackarch
lotophagi	0.1-8	explicit	no	blackarch
lpsolve	5.5.2.14-1	explicit	no	extra
lrzip	0.660-1	explicit	no	extra
lsb-release	2.0.r55.a25a4fc-1	explicit	no	extra
lshw	B.02.20-3	dependency	no	extra
lsof	4.99.7-1	explicit	no	extra
lsp-plugins-lv2	1.2.35-1	explicit	no	extra
lsrtunnel	0.2-4	explicit	no	blackarch
lte-cell-scanner	1:26.e7f71cb-1	explicit	no	blackarch
ltrace	0.8.1-1	dependency	no	extra
lua	5.5.1-1	dependency	no	extra
lua51	5.1.5-13	dependency	no	extra
lua53	5.3.6-4	dependency	no	extra
lua53-lgi	0.9.2-14	dependency	no	extra
lua54	5.4.9-1	dependency	no	extra
luajit	2.1.1788856981+c6ffc14-1	explicit	no	extra
luit	20260907-1	dependency	no	extra
luksipc	0.01-2	explicit	no	blackarch
lulzbuster	2.0.1-1	explicit	no	blackarch
luminancehdr	2.6.1.1-14	explicit	no	extra
lunar	1279.cc174e4d-1	explicit	no	blackarch
luyten	0.5.4-1	explicit	no	blackarch
lv2	1.18.10-2	dependency	no	extra
lvm2	2.03.42-1	explicit	no	core
lxc	1:7.0.0-2	dependency	no	extra
lxdm	0.5.3-10	dependency	no	extra
lxmenu-data	0.1.7-1	dependency	no	extra
lxpanel	0.11.1-4	explicit	no	extra
lynis	3.1.7-1	dependency	no	extra
lynx	2.9.3-1	dependency	no	extra
lyricpass	45.fd31d07-6	explicit	no	blackarch
lz4	1:1.10.0-2	dependency	no	core
lzip	1.26-1	explicit	no	extra
lzo	2.10-5	dependency	no	core
lzop	1.04-4	explicit	no	extra
m17n-db	1.8.14-1	explicit	no	extra
m17n-lib	1.8.6-1	explicit	no	extra
m3-gen	7.7c656cc-4	explicit	no	blackarch
m4	1.4.21-2	dependency	no	core
mac-robber	1.02-2	explicit	no	blackarch
macchanger	1.7.0-6	dependency	no	extra
machinae	200.d5deae8-1	explicit	no	blackarch
maclookup	1:0.4-2	explicit	no	blackarch
magescan	1.12.9-1	explicit	no	blackarch
magicrescue	1:v1.1.10.r8.gd9a5793-1	explicit	no	blackarch
magictree	1.3-9	explicit	no	blackarch
maigret	2:0.6.5-1	explicit	no	blackarch
mail-crawl	0.1-3	explicit	no	blackarch
mailcap	2.1.54-3	dependency	no	extra
mailcommon	26.08.1-1	explicit	no	extra
mailimporter	26.08.1-1	explicit	no	extra
mailsend-go	150.fd086ac-1	explicit	no	blackarch
mailspring	1.24.1-1	explicit	no	chaotic-aur
make	4.4.1-3	dependency	no	core
make-pdf	0.1.7-4	explicit	no	blackarch
maketh	0.2.0-3	explicit	no	blackarch
malboxes	449.f9f310e-7	explicit	no	blackarch
malcom	708.02e55b9-6	explicit	no	blackarch
malheur	0.5.4-2	explicit	no	blackarch
malice	0.3.28-2	explicit	no	blackarch
malicious-pdf	1:v1.0.1.r4.g79eea63-1	explicit	no	blackarch
maligno	2.5-6	explicit	no	blackarch
mallory	134.47094fb-2	explicit	no	blackarch
malmon	0.3-5	explicit	no	blackarch
malscan	5.773505a-3	explicit	no	blackarch
maltego	4.12.1-1	explicit	no	blackarch
maltrail	2:3.4.r38.g77cfb06-1	explicit	no	blackarch
maltrieve	342.b9e7560-2	explicit	no	blackarch
malware-check-tool	1.2-5	explicit	no	blackarch
malwareanalyser	3.3-5	explicit	no	blackarch
malwaredetect	0.1-4	explicit	no	blackarch
malwasm	0.2-5	explicit	yes	foreign
malybuzz	1.0-4	explicit	no	blackarch
man-db	2.13.1-2	explicit	no	core
man-pages	6.19-1	explicit	no	core
mana	68.56bcfcd-1	explicit	no	blackarch
mando.me	9.8b34f1a-11	explicit	no	blackarch
manifold	3.4.1-1	explicit	no	extra
manspider	124.d373b05-1	explicit	no	blackarch
manticore	1:0.3.7.r88.gcdf6c4b-1	explicit	no	blackarch
mantra	1:v3.1.r5.g6026816-1	explicit	no	blackarch
manul	197.f525df9-9	explicit	no	blackarch
mapcidr	2:v1.1.97.r201.gfcffb13-1	explicit	no	blackarch
mara-framework	176.ac4ac88-3	explicit	no	blackarch
marc4dasm	6.f11860f-5	explicit	no	blackarch
mariadb	13.0.2-2	explicit	no	extra
mariadb-clients	13.0.2-2	explicit	no	extra
mariadb-libs	13.0.2-2	explicit	no	extra
marshalsec	10.2dc4018-1	explicit	no	blackarch
maryam	3:v.2.5.3.r0.g2bb4ea2-5	explicit	no	blackarch
maskprocessor	0.73-2	explicit	no	blackarch
massbleed	20.44b7e85-6	explicit	no	blackarch
masscan	1.3.2-2	dependency	no	extra
masscan-automation	26.a170abc-3	explicit	no	blackarch
massdns	316.6bfa471-1	explicit	no	blackarch
massexpconsole	1:v2.3.5.r1.g530c880-7	explicit	no	blackarch
mat	0.6.1-7	explicit	no	blackarch
mat2	0.15.0-1	dependency	no	extra
matahari	0.1.30-4	explicit	no	blackarch
materialx	1.39.5-1	explicit	no	extra
matroschka	58.2f026a4-5	explicit	no	blackarch
mausezahn	0.40-3	explicit	no	blackarch
mbedtls	4.2.0-1	explicit	no	extra
mbedtls3	3.6.7-1	dependency	no	extra
mbelib	1.3.0-3	dependency	no	extra
mbenum	1.5.0-5	explicit	no	blackarch
mbox-importer	26.08.1-1	explicit	no	extra
mboxgrep	0.7.9-5	explicit	no	blackarch
md4c	0.5.3-1	dependency	no	extra
mdadm	4.6-2	explicit	no	core
mdbtools	738.823b32f-1	explicit	no	blackarch
mdcrack	1.2-7	explicit	no	blackarch
mdk3	v6-10	dependency	no	blackarch
mdk4	4.2-2	dependency	no	extra
mdns-recon	11.69b864e-3	explicit	no	blackarch
meanalyzer	1.273.0-7	explicit	no	blackarch
med	5.0.0-4	explicit	no	extra
media-player-info	26-1	dependency	no	extra
mediaelch	2.12.0-3	explicit	no	extra
medusa	2.2-13	dependency	no	extra
meg	87.9daab00-2	explicit	no	blackarch
meld	3.24.0-2	explicit	no	extra
melkor	1.0-2	explicit	no	blackarch
memdump	1.01-7	explicit	no	blackarch
memfetch	1.02-1	explicit	no	blackarch
memimager	1.0-1	explicit	no	blackarch
memtest86+	7.20-2	explicit	no	extra
mentalist	1:v2.0.0.r1.g8223d8e-1	explicit	no	blackarch
menu-cache	1.1.1-2	dependency	no	extra
mercury	1:2.16.1.r0.g0d7fbce-1	explicit	no	blackarch
merlin-server	1.3.0-1	explicit	no	blackarch
mesa	1:26.2.3-1	dependency	no	extra
mesa-utils	9.0.0-7	dependency	no	extra
meson	1.12.1-1	explicit	no	extra
messagelib	26.08.1-1	explicit	no	extra
metabigor	79.c0a3ecf-1	explicit	no	blackarch
metacoretex	0.8.0-4	explicit	no	blackarch
metafinder	v1.2.r2.g30c8475-6	explicit	no	blackarch
metaforge	115.7b32693-9	explicit	no	blackarch
metagoofil	93.8d50624-2	explicit	no	blackarch
metame	14.8d583a0-10	explicit	no	blackarch
metasploit	6.5.0-1	dependency	no	extra
metasploit-autopwn	12.09320cc-1	explicit	no	blackarch
meterssh	18.9a5ed19-3	explicit	no	blackarch
metoscan	05-5	explicit	no	blackarch
mfcuk	0.3.8-9	explicit	no	blackarch
mfoc	0.10.7+38+gba072f1-2	dependency	no	extra
mfsniffer	0.1-5	explicit	no	blackarch
mft2csv	40.164eb224-2	explicit	no	blackarch
mftcarver	9.7bfcc0a2-1	explicit	no	blackarch
mftrcrd	16.35c3ac2f-1	explicit	no	blackarch
mftref2name	6.7df9eebb-1	explicit	no	blackarch
mhash	0.9.9.9-7	dependency	no	extra
mibble	2.10.1-1	explicit	no	blackarch
micro	2.0.15-3	explicit	no	extra
microsploit	9.441e132-1	explicit	no	blackarch
middler	1.0-5	explicit	no	blackarch
mikrotik-npk	11.d54e97c-4	explicit	no	blackarch
mildew	11.df49c23-1	explicit	no	blackarch
milou	6.7.5-1	dependency	no	extra
mimikatz	2.2.0_20220919-1	explicit	no	blackarch
mimipenguin	153.ecb2ffc-2	explicit	no	blackarch
mingsweeper	1.00-2	explicit	no	blackarch
mingw-w64-binutils	2.47-1	dependency	no	extra
mingw-w64-crt	14.0.0-1	dependency	no	extra
mingw-w64-gcc	16.2.0-2	dependency	no	extra
mingw-w64-headers	14.0.0-1	dependency	no	extra
mingw-w64-winpthreads	14.0.0-1	dependency	no	extra
minimodem	353.bb2f34c-2	explicit	no	blackarch
minimysqlator	0.5-5	explicit	no	blackarch
miniupnpc	2.3.3-3	dependency	no	extra
minizip	1:1.3.2-3	dependency	no	core
minizip-ng	4.2.2-1	explicit	no	extra
miranda-upnp	1.4-2	explicit	no	blackarch
missidentify	1.0-6	explicit	no	blackarch
missionplanner	1.3.83-1	explicit	no	blackarch
mitm	8.bd2b351-8	explicit	no	blackarch
mitm-relay	41.2d168b2-1	explicit	no	blackarch
mitm6	33.8e75884-7	explicit	no	blackarch
mitmap	89.b590f9a-9	explicit	no	blackarch
mitmap-old	1:0.1-3	explicit	no	blackarch
mitmer	22.b01c7fe-5	explicit	no	blackarch
mitmf	1:v0.9.8.r73.g0458300-1	explicit	no	blackarch
mitmproxy	12.2.3-1	dependency	no	extra
mixxx	2.5.6-7	explicit	no	extra
mjpegtools	2.2.1-4	dependency	no	extra
mkbrutus	27.ddd5f8e-5	explicit	no	blackarch
mkyara	3.8147f91-11	explicit	no	blackarch
mlt	7.40.0-3	explicit	no	extra
mnxdom	3.0.1-1	dependency	no	extra
mobile-broadband-provider-info	20251101-1	dependency	no	extra
mobiusft	1.12-1	explicit	no	blackarch
mobsf	2:v4.5.2.r2.g533c3ec-1	explicit	no	blackarch
modemmanager	1.24.2-1	dependency	no	extra
modemmanager-qt	6.30.0-1	dependency	no	extra
modifycerttemplate	7.4c35708-6	explicit	no	blackarch
modlishka	v.1.1.1.r11.g214dd6c-1	explicit	no	blackarch
modscan	0.1-6	explicit	no	blackarch
moloch	0.11.3-1	explicit	no	blackarch
mongo-c-driver	2.4.0-1	dependency	no	extra
mongoaudit	222.70b83e8-10	explicit	no	blackarch
mongodb	8.2.6-1	explicit	no	chaotic-aur
mono	6.12.0.206-1	dependency	no	extra
mono-msbuild	16.10.1.xamarinxplat.2021.05.26.14.00-5	dependency	no	extra
mono-tools	4.2-6	dependency	no	blackarch
monocle	1.0-5	explicit	no	blackarch
monsoon	261.f4f9852-2	explicit	no	blackarch
moonwalk	v1.0.0.r18.g68d5be1-1	explicit	no	blackarch
mooscan	1:10.82963b0-10	explicit	no	blackarch
morbid	0.8.7.3-6	dependency	no	blackarch
morpheus	165.5d81c9e-1	explicit	yes	foreign
morxbook	1.0-8	explicit	no	blackarch
morxbrute	1.01-10	explicit	no	blackarch
morxbtcrack	1.0-4	explicit	no	blackarch
morxcoinpwn	1.0-3	explicit	no	blackarch
morxcrack	1.2-4	explicit	no	blackarch
morxkeyfmt	1.0-1	dependency	no	blackarch
morxtraversal	1.0-7	explicit	no	blackarch
morxtunel	1.0-3	explicit	no	blackarch
mosca	130.a7e725d-1	explicit	no	blackarch
mosquito	39.fe54831-3	explicit	no	blackarch
mosquitto	2.1.2-2	dependency	no	extra
mots	5.34017ca-6	explicit	no	blackarch
motsa-dns-spoofing	2.6ac6980-5	explicit	no	blackarch
mousejack	5.58b69c1-4	explicit	no	blackarch
mousepad	0.7.0-1	explicit	no	extra
movit	1.7.2-2	explicit	no	extra
mp3nema	0.4-3	explicit	no	blackarch
mpdecimal	4.0.1-3	dependency	no	core
mpfr	4.2.2-1	dependency	no	core
mpg123	1.33.7-1	dependency	no	extra
mptcp	1.9.0-2	explicit	no	blackarch
mptcp-abuse	6.b0eeb27-4	explicit	no	blackarch
mpv	1:0.41.0-6	explicit	no	extra
mqtt-pwn	43.40368e5-8	explicit	no	blackarch
mrkaplan	1:1.1.1-1	explicit	no	blackarch
mrsip	110.bdd98ad-1	explicit	no	blackarch
mrtparse	522.13cde30-3	explicit	no	blackarch
ms-sys	2.8.0-1	explicit	no	blackarch
msf-mpc	35.8007ef2-1	explicit	no	blackarch
msfdb	16.09c603b-1	explicit	no	blackarch
msfenum	36.6c6b77e-3	explicit	no	blackarch
msmailprobe	1.c01c8bf-1	explicit	no	blackarch
mssqlrelay	12.1e03c96-1	explicit	no	blackarch
mssqlscan	0.8.4-3	explicit	no	blackarch
msvpwn	1:65.328921b-1	explicit	no	blackarch
mtdev	1.1.7-1	dependency	no	extra
mtools	1:4.0.49-1	explicit	no	extra
mtr	0.96-1	dependency	no	extra
mtscan	176.dd44f0e-1	explicit	no	blackarch
mubeng	254.a77f2d5-1	explicit	no	blackarch
mujs	1.3.10-1	explicit	no	extra
multiinjector	0.4-3	explicit	no	blackarch
multimac	1.0.3-4	explicit	no	blackarch
multimon-ng	1.4.1-1	dependency	no	extra
multipath-tools	0.15.1-1	dependency	no	extra
multiscanner	1559.86e0145-2	explicit	no	blackarch
multitun	1:1.319a134-2	explicit	no	blackarch
mumble	1.5.915-5	explicit	no	extra
munin-hashchecker	253.be2599a-1	explicit	no	blackarch
muparser	2.3.5-2	explicit	no	extra
muraena	230.9a535ba-1	explicit	no	blackarch
musescore	4.7.5-1	explicit	no	extra
mutator	1:v0.2.2.r2.g164132d-1	explicit	no	blackarch
mwebfp	16.a800b98-9	explicit	no	blackarch
mxtract	90.0b34376-1	explicit	no	blackarch
mybff	99.ba4de8d-1	explicit	no	blackarch
myjwt	1:2.1.0.r1.gd2f4c8a-2	explicit	no	blackarch
mylg	659.faba867-2	explicit	no	blackarch
mypaint	2.0.1-8	explicit	no	extra
mypaint-brushes	2.0.2-2	explicit	no	extra
mypaint-brushes1	1.3.1-2	explicit	no	extra
mypy	2.1.0-2	dependency	no	extra
myrescue	0.9.8-1	explicit	no	blackarch
mysql-python	1.2.5-7	dependency	no	blackarch
mysql2sqlite	1:14.e5b2c31-1	explicit	no	blackarch
mystiq	25.04.17+1513-1.2	explicit	no	chaotic-aur
n1qlmap	2.5365444-8	explicit	no	blackarch
naabu	1:v2.3.4.r392.g3016149-1	explicit	no	blackarch
nacker	23.b67bb39-5	explicit	no	blackarch
naft	0.0.9-4	explicit	no	blackarch
nano	9.2-1	explicit	no	core
nanobind	3.0.1-1	explicit	no	extra
nanomsg	1.2.5-1	dependency	no	extra
narthex	v1.2.r7.g8b78746-1	explicit	no	blackarch
nasm	3.02-1	dependency	no	extra
nasnum	5.df5df19-2	explicit	no	blackarch
navgix	3.6f25c98-1	explicit	no	blackarch
nbname	1.0-3	explicit	no	blackarch
nbnspoof	1.0-9	explicit	no	blackarch
nbtenum	3.3-7	explicit	no	blackarch
nbtool	1:2.bf90c76-2	explicit	no	blackarch
nbtscan	1.7.2-2	dependency	no	extra
ncftp	3.3.0-1	dependency	no	extra
ncpfs	2.2.6-11	explicit	no	blackarch
ncrack	0.7-3	dependency	no	extra
ncurses	6.6-2	dependency	no	core
ncurses5-compat-libs	6.6-2	dependency	no	chaotic-aur
ndctl	85-1	explicit	no	extra
ndpi	1:4.14-1	dependency	no	blackarch
necromant	4.53930c2-3	explicit	no	blackarch
needle	579.891b660-3	explicit	no	blackarch
neglected	1:8.68d02b3-1	explicit	no	blackarch
neighbor-cache-fingerprinter	83.f1e596f-3	explicit	no	blackarch
nemesis	331.5aee868-2	explicit	no	blackarch
neo-regeorg	1:v5.3.0.r3.g5357264-1	explicit	no	blackarch
neo4j-community	5.26.0-1	dependency	no	blackarch
neochat	26.08.1-1	explicit	no	extra
neon	0.37.1-1	dependency	no	extra
net-creds	87.07a25e1-3	explicit	no	blackarch
net-snmp	5.9.5.2-1	explicit	no	extra
net-tools	2.10-3	explicit	no	core
netactview	0.6.4-7	explicit	no	blackarch
netattack	2:24.230b856-4	explicit	no	blackarch
netavark	2.1.0-3	explicit	no	extra
netbeans	30-1	explicit	no	extra
netbios-share-scanner	1.0-2	explicit	no	blackarch
netbus	1.6-4	explicit	no	blackarch
netcommander	1.3-6	explicit	no	blackarch
netcon	0.1-2	explicit	no	blackarch
netdiscover	257.42648f9-1	explicit	no	blackarch
netexec	v1.5.1.r816.g81e53ec-1	explicit	no	blackarch
netexec-pingcastle	9.16340d2-1	explicit	no	blackarch
netkit-bsd-finger	0.17-1	dependency	no	blackarch
netkit-rusers	0.17-1	explicit	no	blackarch
netkit-rwho	0.17-2	explicit	no	blackarch
netmap	0.1.3-5	explicit	no	blackarch
netmask	2.4.4-1	explicit	no	blackarch
netpbm	10.86.50-2	explicit	no	extra
netreconn	1.78-2	explicit	no	blackarch
netripper	84.c763bd0-1	explicit	no	blackarch
netscan	1.0-2	explicit	no	blackarch
netscan2	1:60.3d02ba1-3	explicit	no	blackarch
netscout	37.2f409df-1	explicit	no	blackarch
netsed	1.3-1	explicit	no	blackarch
netsniff-ng	0.6.9-2	dependency	no	extra
netspionage	99.c24f995-5	explicit	no	blackarch
netstumbler	0.4.0-2	explicit	no	blackarch
nettacker	0.4.1.r11.gac88d66-1	explicit	no	blackarch
nettle	4.0-1	dependency	no	core
nettle3	3.10.2-2	dependency	no	extra
network-app-stress-tester	19.df75391-2	explicit	no	blackarch
network-manager-sstp	1.3.2-6	dependency	no	extra
networkmanager	1.58.1-1	dependency	no	extra
networkmanager-l2tp	1.52.4-1	dependency	no	extra
networkmanager-openconnect	1.2.10-4	dependency	no	extra
networkmanager-openvpn	1.12.5-1	dependency	no	extra
networkmanager-pptp	1.2.12-8	dependency	no	extra
networkmanager-qt	6.30.0-1	dependency	no	extra
networkmanager-strongswan	1.6.4-1	dependency	no	extra
networkmanager-support	1-7	explicit	no	garuda
networkmanager-vpn-plugin-l2tp	1.52.4-1	dependency	no	extra
networkmanager-vpn-plugin-openconnect	1.2.10-4	dependency	no	extra
networkmanager-vpn-plugin-openvpn	1.12.5-1	dependency	no	extra
networkmanager-vpn-plugin-pptp	1.2.12-8	dependency	no	extra
networkmanager-vpn-plugin-sstp	1.3.2-6	dependency	no	extra
networkmanager-vpn-plugin-vpnc	1.4.0-2	dependency	no	extra
networkmanager-vpnc	1.4.0-2	dependency	no	extra
networkmap	58.f5faf17-4	explicit	no	blackarch
networkminer	3.1-1	explicit	no	blackarch
netz	v0.1.0.r8.g3754e56-1	explicit	no	blackarch
netzob	1.0.2-13	explicit	no	blackarch
nexfil	43.4d93c57-1	explicit	no	blackarch
nextcloud-client	2:34.0.4-1	explicit	no	extra
nextnet	3.c8dc7a6-2	explicit	no	blackarch
nfcutils	61.49aa178-1	explicit	no	blackarch
nfdump	1.6.23-1	explicit	no	blackarch
nfex	2.5-4	explicit	no	blackarch
nfs-utils	3.1.1-1	explicit	no	core
nfsidmap	3.1.1-1	dependency	no	core
nfspy	1.0-8	explicit	no	blackarch
nfsshell	19980519-6	explicit	no	blackarch
nftables	1:1.1.7-3	dependency	no	extra
nginx	1.30.5-1	dependency	no	extra
ngrep	1.49.0-1	dependency	no	extra
ngrok	3.39.11-1	explicit	no	chaotic-aur
ngspice	47-1	explicit	no	extra
nield	38.0c0848d-1	explicit	no	blackarch
nikto	2.6.0-2	dependency	no	extra
nilfs-utils	2.3.1-1	explicit	no	core
nili	1:0.1.1.r4.g285220a-1	explicit	no	blackarch
nimbostratus	54.c7c206f-5	explicit	no	blackarch
ninja	1.13.2-3	explicit	no	extra
nipe	302.9e628df-1	explicit	no	blackarch
nipper	0.11.7-4	explicit	no	blackarch
nirsoft	1.30.23-1	explicit	no	blackarch
nishang	0.7.6-3	explicit	no	blackarch
nitroshare	0.3.4-7	explicit	yes	foreign
njsscan	0.3.1-8	explicit	no	blackarch
nkiller2	2.0-4	explicit	no	blackarch
nlohmann-json	3.12.0-2	dependency	no	extra
nltk-data	3.10.0-1	dependency	no	extra
nm-cloud-setup	1.58.1-1	dependency	no	extra
nmap	7.991-1	explicit	no	extra
nmap-parse-output	26.a8e31b3-1	explicit	no	blackarch
nmbscan	1.2.6-4	explicit	no	blackarch
nng	1.12.4-1	explicit	no	extra
node-ar-drone	281.11667d4-2	dependency	no	blackarch
node-gyp	13.0.2-1	explicit	no	extra
nodejs	26.10.0-1	explicit	no	extra
nodejs-nopt	10.0.1-1	explicit	no	extra
nohidy	67.22c1283-3	explicit	no	blackarch
nomorexor	2.84489f9-4	explicit	no	blackarch
noriben	1:2.0.r18.ga5de47d-1	explicit	no	blackarch
nosqlattack	98.a5b0329-3	explicit	no	blackarch
nosqli	37.6fce3eb-1	explicit	no	blackarch
nosqli-user-pass-enum	18.1b3713a-11	explicit	no	blackarch
nosqlmap	304.5a6dc7a-1	explicit	no	blackarch
noto-color-emoji-fontconfig	1.0.0-2	dependency	no	chaotic-aur
noto-fonts	1:2026.09.01-1	explicit	no	extra
noto-fonts-cjk	20240730-1	explicit	no	extra
noto-fonts-emoji	1:2.051-1	explicit	no	extra
notspikefile	1:0.1-5	explicit	no	blackarch
novahot	23.69857bb-1	explicit	no	blackarch
npm	12.1.0-1	explicit	no	extra
npth	1.8-1	dependency	no	core
nray	99.f5eeb37-1	explicit	no	blackarch
nsdtool	0.1-7	explicit	no	blackarch
nsearch	353.bd8205b-3	explicit	no	blackarch
nsec3map	1:v0.8.2.r0.gd145b13-2	explicit	no	blackarch
nsec3walker	20101223-6	explicit	no	blackarch
nsntrace	82.ed3532e-1	explicit	no	blackarch
nsoq	1.9.5-1	explicit	no	blackarch
nspr	4.40-1	dependency	no	core
nss	3.129-1	dependency	no	core
nss-mdns	0.15.1-2	explicit	no	extra
ntds-decode	0.1-6	explicit	no	blackarch
ntdsxtract	34.7fa1c8c-3	explicit	no	blackarch
ntfs-3g	2026.7.7-1	explicit	no	extra
ntfs-file-extractor	6.f2b23d72-1	explicit	no	blackarch
ntfs-log-tracker	1:1.6-1	explicit	no	blackarch
ntfsprogs	2026.7.7-1	dependency	no	extra
ntlm-challenger	8.bd61ef6-8	explicit	no	blackarch
ntlm-scanner	6.4b29329-6	explicit	no	blackarch
ntlm-theft	37.7ef7fb5-1	explicit	no	blackarch
ntlmrecon	81.64d7f9d-2	explicit	no	blackarch
ntlmv1-multi	115.c17f17d-1	explicit	no	blackarch
ntp-fingerprint	0.1-1	explicit	no	blackarch
ntp-ip-enum	0.1-5	explicit	no	blackarch
ntpdos	1:4.3fe389b-1	explicit	no	blackarch
ntsync-autoload	1-1	dependency	no	extra
nuclei	2:v3.11.1.r87.ga04aba1-1	explicit	no	blackarch
nuclei-templates	1:v10.4.8.r635.g0cb51d4-1	dependency	no	blackarch
nullinux	124.9f8727a-5	explicit	no	blackarch
nullscan	1.0.1-8	explicit	no	blackarch
numactl	2.0.19-1	explicit	no	extra
nvidia-open-dkms	615.71.09-1	explicit	no	extra
nvidia-prime	1.0-6	explicit	no	extra
nvidia-settings	615.71.09-1	explicit	no	extra
nvidia-utils	615.71.09-1	explicit	no	extra
nxcrypt	32.6ae06b5-6	explicit	no	blackarch
nzyme	1.2.2-1	explicit	no	blackarch
o-saft	7173.376413e2-1	explicit	no	blackarch
o365enum	19.522a54c-5	explicit	no	blackarch
o365spray	160.28d8d1b-5	explicit	no	blackarch
oat	1.3.1-3	explicit	no	blackarch
oath-toolkit	2.6.14-4	dependency	no	extra
obevilion	409.29fbe9d-6	explicit	no	blackarch
obexftp	0.24.2-14	dependency	no	blackarch
obexstress	0.1-7	explicit	no	blackarch
obfs4proxy	0.0.14-2	explicit	no	chaotic-aur
objdump2shellcode	28.c2d6120-1	explicit	no	blackarch
objection	1.12.5-1	explicit	no	blackarch
obs-studio	32.2.2-1	explicit	no	extra
obsidian	1.13.7-2	explicit	no	extra
ocean-sound-theme	6.7.5-1	dependency	no	extra
ocl-icd	2.3.5-1	dependency	no	extra
oclhashcat	1:2.01-2	explicit	no	blackarch
ocs	0.2-6	explicit	no	blackarch
octopi	0.19.0-2.2	explicit	no	chaotic-aur
octopwnweb	14.e0f83ee-2	explicit	no	blackarch
odt2txt	0.5-6	dependency	no	extra
office-dde-payloads	34.53291f9-8	explicit	no	blackarch
ofp-sniffer	1:1.0.0.r89.g0d907da-2	explicit	no	blackarch
ohrwurm	1.7a1182a-1	explicit	no	blackarch
okadminfinder	122.a165681-1	explicit	no	blackarch
okular	26.08.1-1	explicit	no	extra
oledump	0.0.81-2	explicit	no	blackarch
ollama	0.34.4-1	dependency	no	extra
ollydbg	201g-8	explicit	no	blackarch
omen	19.10aa99e-1	explicit	no	blackarch
omnibus	129.88dbf5d-5	explicit	no	blackarch
omnihash	70.870e9ae-7	explicit	no	blackarch
one-lin3r	66.711a040-3	explicit	no	blackarch
onesixtyone	0.7-5	explicit	no	blackarch
onetbb	2023.1.0-1	dependency	no	extra
onetwopunch	v1.0.0.r2.gd4ab4e8-1	explicit	no	blackarch
oniguruma	6.9.10-1	dependency	no	extra
onioff	84.34dc309-10	explicit	no	blackarch
oniongrok	v1.1.11.r0.gcbae9e7-1	explicit	no	blackarch
onionscan	130.da42865-3	explicit	no	blackarch
onionsearch	44.fc9d62c-6	explicit	no	blackarch
onionshare	2.6.3-4	dependency	no	extra
open-iscsi	2.1.13-1	dependency	no	extra
open-isns	0.103-1	dependency	no	extra
openai-codex	0.156.1-1	explicit	no	extra
openal	1.25.2-2	dependency	no	extra
openbox	3.6.1-14	dependency	no	extra
openbsd-netcat	1.238_1-1	explicit	no	extra
opencascade	1:7.9.3-3	explicit	no	extra
opencl-headers	2:2026.05.29-1	dependency	no	extra
opencl-nvidia	615.71.09-1	dependency	no	extra
opencode	2.0.15-1	explicit	no	extra
opencolorio	2.5.1-2	explicit	no	extra
openconnect	1:9.21-1	dependency	no	extra
opencore-amr	0.1.6-2	dependency	no	extra
opencv	5.0.0-12	dependency	no	extra
opendht-c	1:v4.4.0.r0.gbe210e27-1	dependency	no	blackarch
opendoor	3:5.13.2-1	explicit	no	blackarch
openexr	3.5.0-2	dependency	no	extra
openh264	2.6.0-2	explicit	no	extra
openimagedenoise	2.4.1-2	explicit	no	extra
openimageio	3.1.12.1-7	explicit	no	extra
openjpeg2	2.5.4-1	dependency	no	extra
openjph	0.32.0-1	dependency	no	extra
openldap	2.7.1-1	dependency	no	core
openmp	22.1.8-1	explicit	no	extra
openmpi	5.0.11-1	explicit	no	extra
openobex	1.7.2-5	dependency	no	blackarch
openpgl	0.7.1-1	explicit	no	extra
openpmix	5.0.11-1	explicit	no	extra
openpuff	4.01-3	explicit	no	blackarch
openresolv	3.17.4-1	dependency	no	extra
openrisk	v0.0.1.r22.gb536ea0-1	explicit	no	blackarch
openscap	1.4.4.r128.g3181f3e6c-1	dependency	no	extra
openshadinglanguage	1.15.3.0-1	explicit	no	extra
opensnitch	1.7.2-4	explicit	no	extra
openssh	10.5p1-1	dependency	no	core
openssh-askpass	2.1.0-4	dependency	no	blackarch
openssl	3.6.4-1	dependency	no	core
openssl-1.0	1.0.2.u-6	dependency	no	blackarch
openssl-1.1	1.1.1.w-4	dependency	no	blackarch
openstego	0.8.6-1	explicit	no	chaotic-aur
opensubdiv	3.7.0-1	explicit	no	extra
opensvp	65.df54ed8-4	explicit	no	blackarch
opentimelineio	0.18.1-3	explicit	no	extra
opentoonz	1.8.0-3	explicit	no	extra
openucx	1.20.1-3	explicit	no	extra
openvas	20250606-1	explicit	no	blackarch
openvas-scanner	23.13.1-1	dependency	no	blackarch
openvdb	13.0.0-3	explicit	no	extra
openvpn	2.7.7-1	dependency	no	extra
openwebrx	1.2.2.r389.g640c5b0-5	explicit	no	blackarch
openxr	1.1.60-2	dependency	no	extra
operative	1:148.163acdf-1	explicit	no	blackarch
ophcrack	3.8.0-6	explicit	no	blackarch
opus	1.6.1-1	dependency	no	extra
opus-tools	0.2-7	explicit	no	extra
opusfile	0.12-4	explicit	no	extra
orakelcrackert	1.00-5	explicit	no	blackarch
orbited	0.7.10-8	dependency	no	blackarch
orc	0.4.44-1	dependency	no	extra
origami	2.1.0-14	explicit	no	blackarch
orjail	1.1-2.3	explicit	no	chaotic-aur
os-prober-btrfs	1.84-1	explicit	no	chaotic-aur
oscanner	1.0.6-7	dependency	no	blackarch
osert	100.4eef9b9-1	explicit	no	blackarch
osfooler-ng	2.c0b20d6-4	explicit	no	blackarch
osi.ig	101.4debaa2-7	explicit	no	blackarch
osinfo-db	20260812-1	explicit	no	extra
osint-spy	1:v2.0.r11.g03dcf48-1	explicit	no	blackarch
osinterator	3.8447f58-1	explicit	no	blackarch
osintgram	1.3.r14.gc8ba1f0-2	explicit	no	blackarch
osm-gps-map	1.2.0-3	explicit	no	extra
ospd-openvas	22.7.1-6	dependency	no	blackarch
osslsigncode	744.20b9766-1	explicit	no	blackarch
ostinato	0.9-4	explicit	no	blackarch
ostree	2026.4-1	explicit	no	extra
osueta	82.2ee8068-5	explicit	no	blackarch
otori	0.3-5	explicit	no	blackarch
outguess	0.4-1	explicit	no	blackarch
outlook-webapp-brute	1.61d7177-4	explicit	no	blackarch
owabf	1.3-5	explicit	no	blackarch
owasp-bywaf	26.e730d1b-1	explicit	no	blackarch
owasp-zsc	316.f763dea-3	explicit	no	blackarch
owrx_connector	0.6.2.r26.g03d5b97-1	dependency	no	blackarch
owtf	1:v2.7.0.r0.g2c1c29d-1	explicit	no	blackarch
p0f	3.09b-3	dependency	no	extra
p11-kit	0.26.5-1	dependency	no	core
p8-platform	2.1.0.1-5	explicit	no	extra
pacaur	4.8.6-3	explicit	yes	foreign
pack	0.0.4-8	explicit	no	blackarch
packagekit	1.4.0-1	explicit	no	extra
packagekit-qt6	1.1.4-2	explicit	no	extra
packer	1.16.1-1	dependency	no	extra
packerid	16.bc54e6d-5	explicit	no	blackarch
packet-o-matic	351-3	explicit	no	blackarch
packeth	3.0-2	dependency	no	extra
packetq	311.9ebf537-1	explicit	no	blackarch
packetsender	1326.9714b2e-1	explicit	no	blackarch
packit	2.0-1	explicit	no	blackarch
pacman	7.1.0.r9.g54d9411-2	explicit	no	core
pacman-contrib	1.13.1-1	explicit	no	extra
pacman-mirrorlist	20260610-1	dependency	no	core
pacu	1:v1.6.2.r1.g575a4b6-1	explicit	no	blackarch
pacumen	1.92a0884-7	explicit	no	blackarch
pacutils	0.15.0-2	dependency	no	extra
padbuster	11.50e4a3e-6	explicit	no	blackarch
padoracle	0.1.1.r30.g535ae89-1	explicit	no	blackarch
padre	v2.2.0.r15.g9a2e1f2-1	explicit	no	blackarch
pafish	193.b497899-1	explicit	no	blackarch
pagodo	163.33c4c0f-2	explicit	no	blackarch
paho-mqtt-c	1.3.14-2	dependency	no	blackarch
pahole	1:1.32-1	dependency	no	extra
paketto	3.0-1	explicit	no	blackarch
pam	1.7.2-2	dependency	no	core
pamac	11.7.5-1	explicit	no	chaotic-aur
pambase	20260616-1	dependency	no	core
pango	1:1.58.2-1	dependency	no	extra
pango-perl	1.227-19	dependency	no	extra
pangomm	2.46.5-1	explicit	no	extra
panhunt	63.ec87e88-3	explicit	no	blackarch
panoptic	253.c47ef9f-1	explicit	no	blackarch
pappy-proxy	77.e1bb049-4	explicit	no	blackarch
parameth	56.8da6f27-4	explicit	no	blackarch
parampampam	45.9171018-7	explicit	no	blackarch
paramspider	v1.0.1.r3.gc44bdaa-1	explicit	no	blackarch
paranoic	1.7-9	explicit	no	blackarch
parole	4.20.0-1	explicit	no	extra
paros	3.2.13-9	explicit	no	blackarch
parse-evtx	3.a4b02b9-1	explicit	no	blackarch
parsero	81.e5b585a-10	explicit	no	blackarch
parted	3.8-1	dependency	no	extra
partitionmanager	26.08.1-1	explicit	no	extra
paru	2.1.0-2.1	explicit	no	chaotic-aur
pasco	20040505_1-6	explicit	no	blackarch
pass-station	v3.0.0.r31.g1ef81cf-1	explicit	no	blackarch
passdetective	1.0.6.r4.g458f12e-1	explicit	no	blackarch
passe-partout	0.1-2	explicit	no	blackarch
passgan	38.5927158-6	explicit	no	blackarch
passhunt	5.332f374-4	explicit	no	blackarch
passim	0.1.12-1	dependency	no	extra
passivedns	297.be48a8e-1	explicit	no	blackarch
passt	2026_07_28.f8df3f1-1	explicit	no	extra
pastejacker	12.ed9f153-10	explicit	no	blackarch
pastemonitor	12.bc5d326-2	explicit	no	blackarch
pasv-agrsv	57.6bb54f7-3	explicit	no	blackarch
patator	2:1.1.0.r4.g964e87c-1	explicit	no	blackarch
patch	2.8-1	dependency	no	core
patchkit	37.95dc699-3	explicit	no	blackarch
pathzuzu	64.4f4533c-2	explicit	no	blackarch
pax-oracle	v0.2.2.r1.g38ac0d8-1	explicit	no	blackarch
payloadmask	17.58e0525-1	explicit	no	blackarch
payloadsallthethings	1:4.2.r116.g3ac2790-1	explicit	no	blackarch
pblind	1.0-5	explicit	no	blackarch
pbscan	10.566c3d7-1	explicit	no	blackarch
pcapfex	60.c51055a-3	explicit	no	blackarch
pcapfix	1.1.7-1	explicit	no	blackarch
pcapsipdump	0.2-3	explicit	no	blackarch
pcapteller	1.1-6	explicit	no	blackarch
pcapxray	2:v5.2.r1.ga454d12-1	explicit	no	blackarch
pcaudiolib	1.3-1	dependency	no	extra
pcileech	4.19.5-1	explicit	no	blackarch
pciutils	3.15.0-1	explicit	no	core
pcode2code	6.65ae983-9	explicit	no	blackarch
pcre	8.45-5	dependency	no	core
pcre2	10.48-1	dependency	no	core
pcredz	108.a07051d-1	explicit	no	blackarch
pcsc-perl	1.4.16-3	dependency	no	extra
pcsc-tools	1.7.5-1	dependency	no	extra
pcsclite	2.5.2-1	dependency	no	extra
pdblaster	4.fc8abb3-9	explicit	no	blackarch
pdf-parser	0.7.12-2	explicit	no	blackarch
pdfbook-analyzer	1:2-6	explicit	no	blackarch
pdfcrack	0.21-1	dependency	no	extra
pdfgrab	15.1327508-10	explicit	no	blackarch
pdfid	0.2.10-2	explicit	no	blackarch
pdfio	1.6.5-1	dependency	no	extra
pdfresurrect	0.12-3	explicit	no	blackarch
pdfwalker	1:7.64c17f0-7	explicit	no	blackarch
pdgmail	1.0-7	explicit	no	blackarch
pe-bear	0.7.2-1	explicit	no	blackarch
pe-sieve	0.4.1.1-1	explicit	no	blackarch
peach	3.0.202-4	explicit	no	blackarch
peach-fuzz	55.404e8ee-7	explicit	no	blackarch
peass	20260908.dffb9496.r2.gca2f0f1-1	explicit	no	blackarch
peda	1.2-7	dependency	no	extra
peepdf	0.4.2-11	explicit	no	blackarch
peepingtom	1:56.bc6f4d8-4	explicit	no	blackarch
peframe	135.70683b6-10	explicit	no	blackarch
pemcrack	12.66e02b8-2	explicit	no	blackarch
pemcracker	9.a741c93-1	explicit	no	blackarch
penbox	81.3b77c69-11	explicit	no	blackarch
pencil2d	0.7.2-1	explicit	no	extra
pencode	39.07e33ef-1	explicit	no	blackarch
pentbox	1.8-8	explicit	no	blackarch
pentestgpt	v0.14.0.r21.ge8b1bb7-1	explicit	no	blackarch
pentestly	1798.93d1b39-5	explicit	no	blackarch
pentmenu	220.0cd7b58-1	explicit	no	blackarch
pepe	13.b81889b-10	explicit	no	blackarch
pepper	18.9dfcade-8	explicit	no	blackarch
periscope	3.2-2	explicit	no	blackarch
perl	5.42.2-2	dependency	no	core
perl-algorithm-generatesequence	0.02-13	dependency	no	blackarch
perl-algorithm-permute	0.16-9	dependency	no	blackarch
perl-alien-base-modulebuild	1.17-7	dependency	no	extra
perl-alien-build	2.88-1	dependency	no	extra
perl-alien-gmp	1.16-7	dependency	no	blackarch
perl-alien-libxml2	0.20-5	dependency	no	extra
perl-archive-extract	0.90-1	dependency	no	extra
perl-b-hooks-endofscope	0.28-4	dependency	no	extra
perl-bit-vector	7.4-18	dependency	no	extra
perl-bytes-random-secure	0.29-15	dependency	no	extra
perl-cache-lru	0.04-11	dependency	no	blackarch
perl-capture-tiny	0.50-4	dependency	no	extra
perl-carp-clan	6.08-11	dependency	no	extra
perl-cgi	4.72-1	dependency	no	extra
perl-cisco-copyconfig	1.4-13	dependency	no	blackarch
perl-class-accessor-lite	0.08-11	dependency	no	blackarch
perl-class-errorhandler	0.04-13	dependency	no	blackarch
perl-class-gomor	1.03-13	dependency	no	blackarch
perl-class-inspector	1.36-10	dependency	no	extra
perl-class-load	0.25-4	dependency	no	extra
perl-class-load-xs	0.10-14	dependency	no	extra
perl-class-loader	2.03-16	dependency	no	blackarch
perl-class-method-modifiers	2.15-6	dependency	no	extra
perl-clone	0.50-1	dependency	no	extra
perl-color-output	1.05-13	dependency	no	blackarch
perl-common-sense	3.75-11	dependency	no	extra
perl-config-simple	4.59-20	dependency	no	extra
perl-convert-ascii-armour	1.4-16	dependency	no	blackarch
perl-convert-asn1	0.34-6	dependency	no	extra
perl-convert-pem	0.08-16	dependency	no	blackarch
perl-crypt-blowfish	2.14-17	dependency	no	extra
perl-crypt-cbc	3.07-1	dependency	no	extra
perl-crypt-des	2.09-1	dependency	no	extra
perl-crypt-des_ede3	0.01-16	dependency	no	blackarch
perl-crypt-dh	0.07-18	dependency	no	blackarch
perl-crypt-dsa	1.17-17	dependency	no	blackarch
perl-crypt-idea	1.10-16	dependency	no	blackarch
perl-crypt-primes	0.50-16	dependency	no	blackarch
perl-crypt-random	1.52-8	dependency	no	blackarch
perl-crypt-random-seed	0.03-13	dependency	no	extra
perl-crypt-rsa	1.99-17	dependency	no	blackarch
perl-crypt-ssleay	0.73_06-8	dependency	no	blackarch
perl-cryptx	0.091-1	dependency	no	extra
perl-data-buffer	0.04-17	dependency	no	blackarch
perl-data-dump	1.25-8	dependency	no	extra
perl-data-optlist	0.115-1	dependency	no	extra
perl-data-validate-ip	0.31-3	dependency	no	blackarch
perl-dbd-mysql	4.055-1	dependency	no	extra
perl-dbd-sqlite	1.78-1	dependency	no	extra
perl-dbi	1.653-1	dependency	no	extra
perl-devel-checklib	1.16-6	dependency	no	extra
perl-devel-globaldestruction	0.14-13	dependency	no	extra
perl-devel-overloadinfo	0.008-1	dependency	no	extra
perl-devel-stacktrace	2.05-4	dependency	no	extra
perl-digest-bubblebabble	0.02-13	dependency	no	extra
perl-digest-crc	0.23-5	dependency	no	blackarch
perl-digest-hmac	1.05-3	dependency	no	extra
perl-digest-md2	2.04-17	dependency	no	blackarch
perl-digest-md4	1.9-13	dependency	no	blackarch
perl-digest-perl-md5	1.9-6	dependency	no	blackarch
perl-digest-sha1	2.13-22	dependency	no	extra
perl-dist-checkconflicts	0.11-13	dependency	no	extra
perl-email-date-format	1.008-6	dependency	no	extra
perl-encode-locale	1.05-15	dependency	no	extra
perl-encoding-ber	1.02-6	dependency	no	blackarch
perl-error	0.17030-3	dependency	no	extra
perl-eval-closure	0.14-13	dependency	no	extra
perl-expect	1.38-1.6	dependency	no	chaotic-aur
perl-exporter-tiny	1.006003-1	dependency	no	extra
perl-ffi-checklib	0.31-8	dependency	no	extra
perl-file-basedir	0.09-7	dependency	no	extra
perl-file-chdir	0.1011-6	dependency	no	extra
perl-file-copy-recursive	0.45-10	dependency	no	extra
perl-file-desktopentry	0.23-1	dependency	no	extra
perl-file-find-rule	0.35-3	dependency	no	extra
perl-file-listing	6.16-6	dependency	no	extra
perl-file-mimeinfo	0.37-1	explicit	no	extra
perl-file-remove	1.61-3	dependency	no	extra
perl-file-sharedir	1.118-8	dependency	no	extra
perl-file-slurp	9999.32-5	dependency	no	extra
perl-file-which	1.27-8	dependency	no	extra
perl-furl	3.14-5	dependency	no	blackarch
perl-future	0.47-5	dependency	no	blackarch
perl-gd	2.91-1	dependency	no	extra
perl-geography-countries	2009041301-6	dependency	no	blackarch
perl-html-element-extended	1.18-15	dependency	no	extra
perl-html-form	6.13-2	dependency	no	extra
perl-html-linkextractor	0.13-15	dependency	no	blackarch
perl-html-parser	3.86-1	dependency	no	extra
perl-html-tableextract	2.15-11	dependency	no	extra
perl-html-tagparser	0.20-13	dependency	no	blackarch
perl-html-tagset	3.24-4	dependency	no	extra
perl-html-tree	5.07-4	dependency	no	extra
perl-http-cookiejar	0.014-5	dependency	no	extra
perl-http-cookies	6.12-1	dependency	no	extra
perl-http-daemon	6.17-1	dependency	no	extra
perl-http-date	6.08-1	dependency	no	extra
perl-http-dav	0.49-8	dependency	no	blackarch
perl-http-lite	2.44-6	dependency	no	extra
perl-http-message	7.04-1	dependency	no	extra
perl-http-negotiate	6.01-16	dependency	no	extra
perl-http-parser-xs	0.17-12	dependency	no	blackarch
perl-image-exiftool	13.55-1	explicit	no	extra
perl-import-into	1.002005-14	dependency	no	extra
perl-inc-latest	0.500-15	dependency	no	extra
perl-io-async	0.78-5	dependency	no	blackarch
perl-io-html	1.004-8	dependency	no	extra
perl-io-socket	1.45-5	dependency	no	blackarch
perl-io-socket-inet6	2.73-7	dependency	no	extra
perl-io-socket-portstate	0.03-14	dependency	no	blackarch
perl-io-socket-socks	0.74-9	dependency	no	blackarch
perl-io-socket-socks-wrapper	0.17-9	dependency	no	blackarch
perl-io-socket-ssl	2.099-1	dependency	no	extra
perl-io-tty	1.31-1	dependency	no	extra
perl-ip-country	2.28-11	dependency	no	blackarch
perl-ipc-shareable	1.19-1	dependency	no	extra
perl-ipc-system-simple	1.30-9	dependency	no	extra
perl-json	4.11-1	dependency	no	extra
perl-json-xs	4.04-1	dependency	no	extra
perl-ldap	0.68-8	dependency	no	extra
perl-libwhisker2	2.5-10	dependency	no	blackarch
perl-libwww	6.83-1	dependency	no	extra
perl-list-moreutils	0.430-8	dependency	no	extra
perl-list-moreutils-xs	0.430-7	dependency	no	extra
perl-locale-gettext	1.07-16	dependency	no	extra
perl-log-message	0.08-13	dependency	no	extra
perl-log-message-simple	0.10-13	dependency	no	extra
perl-lwp-mediatypes	6.05-1	dependency	no	extra
perl-lwp-protocol-https	6.17-1	dependency	no	extra
perl-lwp-useragent-proxyany	1.02-14	dependency	no	blackarch
perl-mailtools	2.22-3	dependency	no	extra
perl-math-bigint-gmp	1.6007-7	dependency	no	blackarch
perl-math-gmp	2.20-9	dependency	no	blackarch
perl-math-pari	4:2.030528-2	dependency	no	blackarch
perl-math-random-isaac	1.004-14	dependency	no	extra
perl-md5	2.03-11	dependency	no	blackarch
perl-mime-base32	1.303-13	dependency	no	extra
perl-mime-lite	3.038-1	dependency	no	extra
perl-mime-types	2.30-1	dependency	no	extra
perl-modern-perl	1.20200211-6	dependency	no	blackarch
perl-module-build	0.4234-6	dependency	no	extra
perl-module-implementation	0.09-13	dependency	no	extra
perl-module-install	1.21-6	dependency	no	extra
perl-module-runtime	0.018-1	dependency	no	extra
perl-module-runtime-conflicts	0.003-1	dependency	no	extra
perl-module-scandeps	1.37-3	dependency	no	extra
perl-moo	2.005005-6	dependency	no	extra
perl-moose	2.4000-1	dependency	no	extra
perl-mozilla-ca	20260813-1	dependency	no	extra
perl-mro-compat	0.15-6	dependency	no	extra
perl-namespace-autoclean	0.31-3	dependency	no	extra
perl-namespace-clean	0.27-13	dependency	no	extra
perl-net-cidr	0.21-5	dependency	no	blackarch
perl-net-cidr-lite	0.24-1	dependency	no	extra
perl-net-dbus	1.2.0-8	dependency	no	extra
perl-net-dhcp	1:0.7_007-13	dependency	no	blackarch
perl-net-dns	1.57-1	dependency	no	extra
perl-net-dns-lite	0.12-11	dependency	no	blackarch
perl-net-frame	1.21-7	dependency	no	blackarch
perl-net-frame-device	1.12-12	dependency	no	blackarch
perl-net-frame-dump	1.18-7	dependency	no	blackarch
perl-net-frame-layer-icmp6	1.11-7	dependency	no	blackarch
perl-net-frame-layer-ipv6	1.08-11	dependency	no	blackarch
perl-net-frame-layer-sinfp3	1.01-14	dependency	no	blackarch
perl-net-frame-simple	1.09-9	dependency	no	blackarch
perl-net-http	6.24-2	dependency	no	extra
perl-net-ip	1.26-16	dependency	no	extra
perl-net-ipv4addr	0.10-19	dependency	no	extra
perl-net-ipv6addr	1.02-6	dependency	no	extra
perl-net-libdnet	0.99-8	dependency	no	blackarch
perl-net-libdnet6	0.28-6	dependency	no	blackarch
perl-net-netmask	2.0003-1	dependency	no	blackarch
perl-net-nslookup	2.04-13	dependency	no	blackarch
perl-net-packet	3.28-13	dependency	no	blackarch
perl-net-pcap	0.21-2	dependency	no	blackarch
perl-net-pcaputils	0.01-12	dependency	no	blackarch
perl-net-rawip	0.25-16	dependency	no	blackarch
perl-net-server	2.018-1	dependency	no	extra
perl-net-snmp	6.0.1-15	dependency	no	extra
perl-net-socks	0.03-13	dependency	no	blackarch
perl-net-ssh-perl	2.14-13	dependency	no	blackarch
perl-net-ssh2	0.72-5	dependency	no	blackarch
perl-net-ssleay	1.96-1	dependency	no	extra
perl-net-subnet	1.03-13	dependency	no	blackarch
perl-net-telnet	3.05-8	dependency	no	extra
perl-net-tftp	0.1901-11	dependency	no	blackarch
perl-net-whois-ip	1.19-11	dependency	no	blackarch
perl-net-write	1.10-14	dependency	no	blackarch
perl-net-write-fast	0.18-8	dependency	no	blackarch
perl-netaddr-ip	4.079-17	dependency	no	extra
perl-netpacket	1.7.2-6	dependency	no	blackarch
perl-number-bytes-human	0.11-11	dependency	no	extra
perl-number-compare	0.03-17	dependency	no	extra
perl-number-range	0.12-13	dependency	no	blackarch
perl-object-multitype	0.05-18	dependency	no	extra
perl-package-deprecationmanager	0.18-6	dependency	no	extra
perl-package-stash	0.40-7	dependency	no	extra
perl-package-stash-xs	0.30-5	dependency	no	extra
perl-par-dist	0.53-4	dependency	no	extra
perl-parallel-forkmanager	2.04-2	dependency	no	extra
perl-params-someutil	1.12-1	dependency	no	extra
perl-params-util	1.102-7	dependency	no	extra
perl-parse-registry	1.1-3	dependency	no	blackarch
perl-path-class	0.37-13	dependency	no	extra
perl-path-tiny	0.150-2	dependency	no	extra
perl-ppi	1.291-1	dependency	no	extra
perl-role-tiny	2.002005-1	dependency	no	extra
perl-rpc-xml	0.82-5	dependency	no	blackarch
perl-safe-isa	1.000010-3	dependency	no	extra
perl-shell-config-generate	0.35-1	dependency	no	extra
perl-shell-guess	0.10-3	dependency	no	extra
perl-socket6	0.29-11	dependency	no	extra
perl-sort-versions	1.62-13	dependency	no	extra
perl-string-crc32	2.100-5	dependency	no	extra
perl-string-random	0.31-5	dependency	no	blackarch
perl-struct-dumb	0.12-6	dependency	no	blackarch
perl-sub-exporter	0.992-1	dependency	no	extra
perl-sub-exporter-progressive	0.001013-13	dependency	no	extra
perl-sub-install	0.929-4	dependency	no	extra
perl-sub-quote	1:2.006009-2	dependency	no	extra
perl-sub-uplevel	0.2800-5	dependency	no	extra
perl-switch	2.17-13	dependency	no	extra
perl-task-weaken	1.06-10	dependency	no	extra
perl-term-menu	0.10-13	dependency	no	blackarch
perl-term-readkey	2.38-11	dependency	no	extra
perl-term-readline-gnu	1.47-2	dependency	no	extra
perl-term-ui	0.50-7	dependency	no	extra
perl-test-deep	1.205-1	dependency	no	extra
perl-test-exception	0.43-13	dependency	no	extra
perl-test-fatal	0.019-1	dependency	no	extra
perl-test-nowarnings	1.06-4	dependency	no	extra
perl-text-glob	0.11-14	dependency	no	extra
perl-text-iconv	1.7-26	dependency	no	extra
perl-text-soundex	3.05-14	dependency	no	extra
perl-tftp	1.0b3-16	dependency	no	blackarch
perl-tie-encryptedhash	1.24-16	dependency	no	blackarch
perl-tie-hash-indexed	0.08-5	dependency	no	extra
perl-time-interval	1.234-9	dependency	no	blackarch
perl-timedate	2.35-1	dependency	no	extra
perl-tk	804.036-8	dependency	no	extra
perl-try-tiny	0.32-4	dependency	no	extra
perl-types-serialiser	1.01-6	dependency	no	extra
perl-uniq	0.01-13	dependency	no	blackarch
perl-uri	5.37-1	dependency	no	extra
perl-uri-fetch	0.15-5	dependency	no	blackarch
perl-variable-magic	0.65-1	dependency	no	extra
perl-www-mechanize	2.22-1	dependency	no	extra
perl-www-robotrules	6.03-1	dependency	no	extra
perl-xml-dom	1.46-10	dependency	no	blackarch
perl-xml-filter-buffertext	1.01-10	dependency	no	extra
perl-xml-libxml	2.0213-1	dependency	no	extra
perl-xml-namespacesupport	1.12-6	dependency	no	extra
perl-xml-parser	2.59-1	dependency	no	extra
perl-xml-regexp	0.04-6	dependency	no	extra
perl-xml-sax	1.02-2	dependency	no	extra
perl-xml-sax-base	1.09-6	dependency	no	extra
perl-xml-sax-expat	0.51-8	dependency	no	extra
perl-xml-sax-writer	0.57-3	dependency	no	extra
perl-xml-simple	2.25-12	dependency	no	extra
perl-xml-smart	1.79-14	dependency	no	extra
perl-xml-twig	3.54-3	dependency	no	extra
perl-xml-writer	0.900-6	dependency	no	extra
perl-xml-xpath	1.49-1	dependency	no	extra
perl-yaml	1.321-1	dependency	no	extra
perl-yaml-libyaml	0.910.0-1	dependency	no	extra
perl-yaml-pp	0.41.0-1	dependency	no	extra
perl-yaml-syck	1.47-1	dependency	no	extra
perl-yaml-tiny	1.76-3	dependency	no	extra
persistencesniper	v1.17.1.r0.g13006aa-1	explicit	no	blackarch
petools	1.9.762-3	explicit	no	blackarch
pev	0.81-6	explicit	no	blackarch
pex	626.4a98b60-1	dependency	no	blackarch
pextractor	0.18b-5	explicit	no	blackarch
pfring-dkms	2:7.4.0.r2152.g31831bd-1	dependency	no	blackarch
pftriage	79.d7ad183-3	explicit	no	blackarch
pg-gvm	22.6.9-2	dependency	no	blackarch
pgdbf	113.4e84775-1	explicit	no	blackarch
phantap	65.e8d10ea-1	explicit	no	blackarch
phantom-evasion	103.2cd0673-7	explicit	no	blackarch
phantomcollect	1.0.0-2	explicit	no	blackarch
phantomjs	2.1.1-10	dependency	no	blackarch
phemail	28.302b24d-3	explicit	no	blackarch
phishery	14.5743953-2	explicit	no	blackarch
phishingkithunter	20.ac9bd1e-9	explicit	no	blackarch
phodav	3.0-4	explicit	no	extra
phoneinfoga	v2.11.0.r6.g55807b0-1	explicit	no	blackarch
phonesploit	51.0193f9e-3	explicit	no	blackarch
phonia	593.8ae14ff-1	explicit	no	blackarch
phonon-qt6	4.12.0-6	dependency	no	extra
phonon-qt6-vlc	0.12.0-6	dependency	no	extra
phoss	0.1.13-7	explicit	no	blackarch
photon	1:v1.2.2.r49.g635c25a-1	dependency	no	blackarch
php	8.5.11-1	dependency	no	extra
php-apache	8.5.11-1	dependency	no	extra
php-cgi	8.5.11-1	dependency	no	extra
php-findsock-shell	2.b8a984f-1	explicit	no	blackarch
php-fpm	8.5.11-1	dependency	no	extra
php-malware-finder	0.3.4.r82.g87b6d7f-1	explicit	no	blackarch
php-mt-seed	4.0-1	explicit	no	blackarch
php-pear	1:1.10.1-3	dependency	no	blackarch
php-rfi-payload-decoder	30.bd42caa-2	explicit	no	blackarch
php-sqlite	8.5.11-1	dependency	no	extra
php-vulnerability-hunter	1.4.0.20-3	explicit	no	blackarch
phpggc	725.f8aebde-1	explicit	no	blackarch
phpsploit	1021.aea961d-6	explicit	no	blackarch
phpstan	15284.455ae30f1-1	explicit	no	blackarch
phpstress	5.f987a7e-2	explicit	no	blackarch
phrasendrescher	1:1.2.2c-1	explicit	no	blackarch
pidense	29.ef26704-3	explicit	no	blackarch
pikaur-git	1.34.r4.g892c5a5e-1	explicit	no	chaotic-aur
pim-data-exporter	26.08.1-1	explicit	no	extra
pim-sieve-editor	26.08.1-1	explicit	no	extra
pimcommon	26.08.1-1	explicit	no	extra
pin	3.28.r98749-1	explicit	no	blackarch
pinentry	1.3.3-1	dependency	no	core
pingcastle	3.4.1.38-1	explicit	no	blackarch
pinkerton	1.7.r13.g6deb355-1	explicit	no	blackarch
pintool	24.d538a79-3	explicit	no	blackarch
pintool2	5.1c1af91-4	explicit	no	blackarch
pip3line	2:92.5e27195-3	explicit	no	blackarch
pipal	3.4.0.r9.g392f0aa-4	explicit	no	blackarch
pipeline	19.f4935c9-1	explicit	no	blackarch
pipewire	1:1.6.9-1	dependency	no	extra
pipewire-alsa	1:1.6.9-1	dependency	no	extra
pipewire-audio	1:1.6.9-1	dependency	no	extra
pipewire-jack	1:1.6.9-1	explicit	no	extra
pipewire-pulse	1:1.6.9-1	dependency	no	extra
pipewire-support	1-16	explicit	no	garuda
pipewire-v4l2	1:1.6.9-1	dependency	no	extra
pipewire-x11-bell	1:1.6.9-1	dependency	no	extra
pipewire-zeroconf	1:1.6.9-1	dependency	no	extra
pirana	0.3.1-9	explicit	no	blackarch
pivotsuite	20.5640666-6	explicit	no	blackarch
pixd	9.f49add4-1	explicit	no	blackarch
pixiewps	1.4.2-4	dependency	no	extra
pixload	87.a8f58a7-4	explicit	no	blackarch
pixman	0.46.4-1	dependency	no	extra
pkcrack	1.2.3-1	explicit	no	blackarch
pkcs11-helper	1.31.0-1	dependency	no	extra
pkgconf	3.0.7-1	dependency	no	core
pkgfile	26-1	dependency	no	extra
pkinittools	13.0f0cfa5-2	explicit	no	blackarch
pkt2flow	69.868a2e8-1	explicit	no	blackarch
plasma-activities	6.7.5-1	dependency	no	extra
plasma-activities-stats	6.7.5-1	dependency	no	extra
plasma-applet-window-buttons	0.14.0-4.1	explicit	no	garuda
plasma-browser-integration	6.7.5-1	explicit	no	extra
plasma-desktop	6.7.5-1	explicit	no	extra
plasma-disasm	922.ec7df9b-9	explicit	no	blackarch
plasma-firewall	6.7.5-1	explicit	no	extra
plasma-integration	6.7.5-1	dependency	no	extra
plasma-login-manager	6.7.5-1	dependency	no	extra
plasma-nm	6.7.5-1	explicit	no	extra
plasma-pa	6.7.5-1	explicit	no	extra
plasma-systemmonitor	6.7.5-1	explicit	no	extra
plasma-thunderbolt	6.7.5-1	explicit	no	extra
plasma-wayland-protocols	1.23.0-1	explicit	no	extra
plasma-workspace	6.7.5-1	dependency	no	extra
plasma5support	6.7.5-1	dependency	no	extra
plasma6-applets-panel-colorizer	8.0.0-1	dependency	no	chaotic-aur
plasma6-applets-window-title	0.9.0-2	explicit	no	chaotic-aur
plasma6-wallpapers-blurredwallpaper	3.6.0-1	explicit	no	chaotic-aur
platypus	v1.5.1.r204.g0cb1673-2	explicit	no	blackarch
plcscan	0.1-6	explicit	no	blackarch
plecost	104.4895e34-7	explicit	no	blackarch
plfit	1.0.1-1	dependency	no	extra
plocate	1.1.25-1	explicit	no	extra
plotutils	2.6-12	dependency	no	extra
plown	13.ccf998c-4	explicit	no	blackarch
plumber.py	18.3f1be68-6	explicit	no	blackarch
plutil	1.6-5	explicit	no	blackarch
pmacct	1:v1.7.6.r1545.g5824ef3-1	explicit	no	blackarch
pmap	1.10-4	explicit	no	blackarch
pmapper	82.91d2e60-7	explicit	no	blackarch
pmcma	1.00-3	explicit	no	blackarch
pmdump	1.2-2	explicit	no	blackarch
pngcheck	3.0.3-1	explicit	no	blackarch
pnscan	1.14.1-1	explicit	no	blackarch
poco	1.15.4-1	explicit	no	extra
pocsuite	430.877d1b1-4	explicit	no	blackarch
podman	6.1.2-1	explicit	no	extra
podman-compose	1.6.0-1	explicit	no	extra
podman-desktop	1.29.3-1	explicit	no	extra
podman-docker	6.1.2-1	explicit	no	extra
poison	1.5.41-1	explicit	no	blackarch
polenum	23.b07ca35-1	dependency	no	blackarch
polkit	127-3	dependency	no	extra
polkit-gnome	0.105-12	dependency	no	extra
polkit-kde-agent	6.7.5-1	dependency	no	extra
polkit-qt6	0.201.1-1	dependency	no	extra
poly	52.4e6f189-4	explicit	no	blackarch
polyswarm	3.19.0-1	explicit	no	blackarch
pompem	141.3ebe768-9	explicit	no	blackarch
poppler	26.08.0-1	dependency	no	extra
poppler-data	0.4.12-2	dependency	no	extra
poppler-glib	26.08.0-1	explicit	no	extra
poppler-qt6	26.08.0-1	dependency	no	extra
popt	1.19-2	dependency	no	core
poracle	68.dcc00b0-9	explicit	no	blackarch
portaudio	1:19.7.0-4	dependency	no	extra
portia	39.2e6e608-5	explicit	no	blackarch
portmanteau	1.0-3	explicit	no	blackarch
portmidi	1:2.0.8-1	explicit	no	extra
portsmf	234-3	explicit	no	extra
portspoof	152.89d5ecc-1	explicit	no	blackarch
postenum	126.f91ba1c-1	explicit	no	blackarch
postfix	3.11.7-1	dependency	no	extra
postfix-lmdb	3.11.7-1	dependency	no	extra
postgresql	18.6-1	dependency	no	extra
postgresql-libs	18.6-1	dependency	no	extra
postman-bin	12.29.1-1	explicit	no	chaotic-aur
posttester	0.1-3	explicit	no	blackarch
potrace	1.16-5	explicit	no	extra
power-profiles-daemon	0.30-1	explicit	no	extra
powercloud	21.0928303-1	explicit	no	blackarch
powerdevil	6.7.5-2	explicit	no	extra
powerfuzzer	1_beta-8	explicit	no	blackarch
powerlessshell	117.b168ccb-1	explicit	no	blackarch
powermft	5.76574543-1	explicit	no	blackarch
powerops	32.13fe55b-1	explicit	no	blackarch
powershdll	72.62cfa17-1	explicit	no	blackarch
powersploit	591.d943001-1	explicit	no	blackarch
powerstager	14.0149dc9-9	explicit	no	blackarch
powertop	2.16-1	explicit	no	extra
pown	332.0e32edf-1	explicit	no	blackarch
ppee	1.12-1	explicit	no	blackarch
ppfuzz	31.80982ec-1	explicit	no	blackarch
ppmap	v1.2.0.r15.g9426af6-1	explicit	no	blackarch
ppp	2.5.3-1	dependency	no	core
pps-tools	1.0.3-2	dependency	no	extra
ppscan	0.3-2	explicit	no	blackarch
pptpclient	1.10.0-3	dependency	no	core
pr0cks	1:20.bcfcf2d-1	explicit	no	blackarch
prads	1132.e631f4f-3	explicit	no	blackarch
praeda	49.b0b17d3-3	explicit	no	blackarch
pre-commit	4.6.2-1	dependency	no	extra
pre2k	24.ff51b3b-2	explicit	no	blackarch
preeny	110.aaef77f-1	explicit	no	blackarch
pret	108.a04bd04-6	explicit	no	blackarch
princeprocessor	1:132.bffda8c-1	explicit	no	blackarch
printer-support	1-6	explicit	no	garuda
prison	6.30.0-1	dependency	no	extra
privatebin-cli	2.2.1-4	dependency	no	chaotic-aur
procdump	1:3.5.1.r0.g5c01514-1	explicit	no	blackarch
procps-ng	4.0.7-1	explicit	no	core
proctal	482.67bf7e8-1	explicit	no	blackarch
procyon	0.6-1	explicit	no	blackarch
profuzz	9.aa6dded-4	explicit	no	blackarch
proj	9.8.1-1	dependency	no	extra
prometheus	3.14.0-1	explicit	no	extra
prometheus-firewall	176.a316d66-10	explicit	no	blackarch
promiscdetect	1.0-2	explicit	no	blackarch
protobuf	36.1-1	dependency	no	extra
protobuf-c	1.5.2-15	dependency	no	extra
protos-sip	2-4	explicit	no	blackarch
protosint	35.34e570a-1	explicit	no	blackarch
prowler	1:9167.282fe5b46b-1	explicit	no	blackarch
proxenet	712.67fc6b5-5	explicit	no	blackarch
proxify	904.cb35116-1	explicit	no	blackarch
proxmark3	4.20142-2	dependency	no	extra
proxybroker2	662.44742c6-1	explicit	no	blackarch
proxychains-ng	4.17-3	dependency	no	extra
proxycheck	0.1-7	explicit	no	blackarch
proxyp	2013-7	explicit	no	blackarch
proxyscan	0.3-7	explicit	no	blackarch
proxytunnel	1.13.0-1	dependency	no	extra
prrte	3.0.14-1	explicit	no	extra
ps1encode	41.68d7778-8	explicit	no	blackarch
pscan	1.3-4	explicit	no	blackarch
pshitt	23.dae7931-2	explicit	no	blackarch
psmisc	23.7-2	explicit	no	core
pspy	159.2312eed-4	explicit	no	blackarch
pstoreview	1.0-6	explicit	no	blackarch
psutils	3.3.17-1	explicit	no	extra
ptex	2.5.4-1	explicit	no	extra
ptf	1517.74f58d6-5	explicit	no	blackarch
pth-toolkit	7.3641cdc-2	explicit	no	blackarch
ptunnel	0.72-7	dependency	no	extra
publicsuffix-list	20260507.2070.ee780bcf-1	dependency	no	extra
pugixml	1.16-1	explicit	no	extra
pulledpork	397.5ccf5c5-5	explicit	no	blackarch
pulsar	55.3c61178-8	explicit	yes	foreign
pulse-native-provider	1:1.6.9-1	dependency	no	extra
pulseaudio-alsa	1:1.2.12-6	explicit	no	extra
pulseaudio-qt	1.9.0-1	dependency	no	extra
punk	9.c2bc420-6	explicit	no	blackarch
punter	45.97b7bed-4	explicit	no	blackarch
puppet	8.10.0-6	explicit	no	extra
pupy	2988.4b78dc58-1	explicit	no	blackarch
pureblood	37.2c5ce07-1	explicit	no	blackarch
puredns	v2.1.1.r4.g46bd4c9-1	explicit	no	blackarch
purpose	6.30.0-1	dependency	no	extra
putty	0.85-1	explicit	no	extra
pwcrack	368.b6fba8a-4	explicit	no	blackarch
pwd-hash	2.0-2	explicit	no	blackarch
pwdlogy	14.8b92bcf-6	explicit	no	blackarch
pwdlyser	136.483b9bc-2	explicit	no	blackarch
pwdump	7.1-6	explicit	no	blackarch
pwfuzz-rs	v0.2.0.r1.gac56f42-1	explicit	no	blackarch
pwnat	14.d3c2b05-1	explicit	no	blackarch
pwncat	0.1.2-6	explicit	no	blackarch
pwncat-caleb	v0.5.4.r11.g37f04d4-7	explicit	no	blackarch
pwndbg	2026.07.29-1	dependency	no	extra
pwndora	1:1.ba7f6e6-2	explicit	no	blackarch
pwndrop	18.385ba70-2	explicit	no	blackarch
pwned	3063.b6554f1-1	explicit	no	blackarch
pwned-search	40.04c1439-8	explicit	no	blackarch
pwnedornot	152.c388d26-1	explicit	no	blackarch
pwnedpasswords	3.0.0.r7.ge33d4bb-3	explicit	no	blackarch
pwnloris	14.7ad1486-3	explicit	no	blackarch
pyadrecon	0.10.2-1	explicit	no	blackarch
pyalpm	0.12.0-1	dependency	no	extra
pyaxmlparser	v0.3.31.r13.g446bf7c-2	explicit	no	blackarch
pybind11	3.1.0-1	explicit	no	extra
pybozocrack	87.ceb0cd9-9	explicit	no	blackarch
pycharm-community-edition	2026.2.3-1	explicit	no	extra
pydictor	100.4a77f0a-3	explicit	no	blackarch
pyersinia	49.73f4056-14	explicit	no	blackarch
pyew	109.8eb3e49-4	explicit	no	blackarch
pyexfil	81.2ef1b8c-1	explicit	no	blackarch
pyfiscan	3008.597ac0e-1	explicit	no	blackarch
pyfuscation	17.6d8d53f-6	explicit	no	blackarch
pygoocanvas	0.14.1-1	dependency	no	blackarch
pygpoabuse	51.c18e1de-1	explicit	no	blackarch
pygtk	2.24.0-10	dependency	no	blackarch
pygtksourceview2	2.10.1-7	dependency	no	blackarch
pyinstaller	2:6.22.3-1	dependency	no	blackarch
pyinstaller-hooks-contrib	2026.7-1	dependency	no	blackarch
pyinstxtractor	2026.07.r0.g815d31c-1	explicit	no	blackarch
pyjfuzz	159.578d44c-1	explicit	no	blackarch
pykek	12.651b9ba-1	explicit	no	blackarch
pymeta	1:1.0.4.r25.gdb8a80b-1	explicit	no	blackarch
pyminifakedns	0.1-8	explicit	no	blackarch
pymssql	2.1.5-1	dependency	no	blackarch
pyqt3	3.18.1-1	dependency	no	blackarch
pyqt4-common	4.12.3-13	dependency	no	blackarch
pyrasite	2.0-3	explicit	no	blackarch
pyrdp	2107.b610809-1	explicit	no	blackarch
pyrit	0.5.0-9	explicit	no	blackarch
pyside6	6.11.2-1	explicit	no	extra
pyssltest	9.d7703f0-5	explicit	no	blackarch
pystring	1.2.0-1	explicit	no	extra
pytacle	alpha2-7	explicit	no	blackarch
pytbull	19.3d82a54-7	explicit	no	blackarch
pythem	454.e4fcb8a-5	explicit	no	blackarch
python	3.14.7-1	dependency	no	core
python-aaf2	1.7.1-4	explicit	no	extra
python-about-time	4.2.2-1	dependency	no	blackarch
python-absl	2.5.0-1	dependency	no	extra
python-adal	1.2.7-8	dependency	no	extra
python-adblock	0.6.0-5	explicit	no	extra
python-adblockparser	0.7-7	dependency	no	blackarch
python-aenum	3.1.16-2	dependency	no	blackarch
python-aesedb	0.1.8-2	dependency	no	blackarch
python-ahocorasick	1:v2.3.1.r0.g4e28d29-1	dependency	no	blackarch
python-ailment	9.2.158-2	dependency	no	extra
python-aiocache	0.12.3-2	dependency	no	blackarch
python-aiocmd	0.1.5-8	dependency	no	blackarch
python-aiodns	4.0.4-1	dependency	no	extra
python-aiofiles	25.1.0-2	dependency	no	extra
python-aiohappyeyeballs	2.7.1-1	dependency	no	extra
python-aiohttp	3.13.5-1	dependency	no	extra
python-aiohttp-jinja2	1.6-4	dependency	no	blackarch
python-aiohttp-socks	0.11.0-2	dependency	no	extra
python-aiohttp-xmlrpc	1.5.0-6	dependency	no	blackarch
python-aiomultiprocess	0.9.1-4	dependency	no	blackarch
python-aioquic	1.3.0-1	dependency	no	extra
python-aiorun	2025.1.1-2	dependency	no	blackarch
python-aiosignal	1.4.0-3	dependency	no	extra
python-aiosmb	0.4.14-2	dependency	no	blackarch
python-aiosqlite	0.22.1-1	dependency	no	extra
python-aiowinreg	0.0.13-2	dependency	no	blackarch
python-ajpy	0.0.5-8	dependency	no	blackarch
python-alembic	1.20.0-1	dependency	no	extra
python-alive-progress	3.3.0-2	dependency	no	blackarch
python-altgraph	0.17.5-2	dependency	no	blackarch
python-amqp	5.3.1-3	dependency	no	blackarch
python-ana	0.06-6	dependency	no	extra
python-aniso8601	10.0.1-2	dependency	no	extra
python-annotated-doc	0.0.5-1	dependency	no	extra
python-annotated-types	0.8.0-1	dependency	no	extra
python-ansi2html	1.9.5-1	dependency	no	extra
python-anthropic	0.109.1-1	dependency	no	blackarch
python-antlerinator	4.9.2-8	dependency	no	blackarch
python-antlr4	4.13.2-3	dependency	no	extra
python-anyascii	0.3.3-2	dependency	no	blackarch
python-anyio	4.15.1-1	dependency	no	extra
python-api-dnsdumpster	1:v0.11.r0.g7c60722-1	explicit	no	blackarch
python-apispec	6.10.0-1	dependency	no	extra
python-apispec-webframeworks	1.2.0-2	dependency	no	extra
python-apng	0.3.4-8	dependency	no	blackarch
python-appdirs	1.4.4-12	explicit	no	extra
python-apscheduler	3.11.2-2	dependency	no	blackarch
python-arabic-reshaper	3.0.0-5	dependency	no	blackarch
python-archinfo	9.2.221-1	dependency	no	extra
python-argcomplete	3.7.2-1	dependency	no	extra
python-argon2-cffi	25.1.0-2	dependency	no	extra
python-argon2-cffi-bindings	25.1.0-2	dependency	no	extra
python-argparse	1.4.0-17	dependency	no	blackarch
python-arpreq	0.3.4-4	dependency	no	blackarch
python-arpspoof	1.1.2-6	dependency	no	blackarch
python-arpy	2.3.0-6	dependency	no	extra
python-arrow	1.4.0-2	dependency	no	extra
python-asciistuff	1.3.3-2	dependency	no	blackarch
python-asciitree	0.3.3-8	dependency	no	blackarch
python-asgiref	3.12.1-1	dependency	no	extra
python-asn1crypto	1.5.1-6	dependency	no	extra
python-ast-serialize	0.3.0-2	dependency	no	extra
python-astor	0.8.1-10	dependency	no	extra
python-astroid	4.2.0-1	dependency	no	extra
python-asttokens	3.0.2-1	dependency	no	extra
python-astunparse	1.6.3-10	dependency	no	extra
python-asyauth	0.0.23-2	dependency	no	blackarch
python-async-timeout	5.0.1-1	dependency	no	blackarch
python-asyncio	4.0.0-1	dependency	no	blackarch
python-asysocks	0.2.18-2	dependency	no	blackarch
python-attrs	26.1.0-1	explicit	no	extra
python-augmentor	0.2.12-4	dependency	no	blackarch
python-autobahn	26.7.1-2	dependency	no	extra
python-autocommand	2.2.2-9	explicit	no	extra
python-automat	25.4.16-2	explicit	no	extra
python-autoslot	2025.11.1-2	dependency	no	blackarch
python-babel	2.18.0-1	explicit	no	extra
python-backoff	2.2.1-5	dependency	no	blackarch
python-backports.csv	1.0.7-11	dependency	no	blackarch
python-badges	102.5fdc197-1	dependency	no	blackarch
python-banal	1.0.6-7	dependency	no	blackarch
python-base58	2.1.1-3	dependency	no	extra
python-basemap	2.0.0-3	dependency	no	extra
python-basemap-common	2.0.0-3	dependency	no	extra
python-bcrypt	5.0.0-2	explicit	no	extra
python-beautifulsoup4	4.15.0-1	explicit	no	extra
python-beautifultable	1.1.0-5	dependency	no	blackarch
python-bidict	0.23.1-5	dependency	no	extra
python-billiard	4.2.4-2	dependency	no	blackarch
python-binaryornot	0.6.0-1	dependency	no	extra
python-bintrees	2.2.0-7	dependency	no	blackarch
python-bitarray	3.8.1-1	dependency	no	extra
python-bitstring	4.4.0-1	dependency	no	extra
python-black	26.5.1-1	dependency	no	extra
python-bleach	6.4.0-1	dependency	no	extra
python-blessed	1.49-1	dependency	no	extra
python-blessings	1.7-15	dependency	no	blackarch
python-blinker	1.9.0-4	dependency	no	extra
python-bluepy	1.3.0-12	dependency	no	extra
python-boto3	1.43.64-2	dependency	no	extra
python-botocore	1.43.64-1	dependency	no	extra
python-bottle	0.13.4-1	dependency	no	extra
python-brotli	1.2.0-1	dependency	no	core
python-brotlicffi	1.2.0.2-1	dependency	no	extra
python-brotlipy	0.7.0-15	dependency	no	blackarch
python-browser-cookie3	0.20.1-1	dependency	no	blackarch
python-bs4	0.0.2-1	dependency	no	blackarch
python-btrees	6.5-1	dependency	no	extra
python-build	1.6.0-1	dependency	no	extra
python-builtwith	1.3.4-8	dependency	no	blackarch
python-cachecontrol	1:0.14.4-3	explicit	no	extra
python-cached-property	2.0.1-1	dependency	no	blackarch
python-cachelib	0.13.0-4	dependency	no	extra
python-cachetools	7.2.0-1	dependency	no	extra
python-cachy	0.3.0-12	dependency	no	extra
python-cairo	1.29.1-1	explicit	no	extra
python-can	4.6.1-2	dependency	no	extra
python-capng	0.9.6-1	dependency	no	core
python-capstone	5.0.9-1	dependency	no	extra
python-capstone6pwndbg	6.0.0Alpha9-1	dependency	no	extra
python-case	1.5.3-12	dependency	no	blackarch
python-cattrs	26.2.0-1	dependency	no	extra
python-cbor2	6.1.4-1	dependency	no	extra
python-cchardet	2.1.7-9	dependency	no	blackarch
python-celery	5.6.3-1	dependency	no	blackarch
python-cement	1:2.10.12-12	dependency	no	blackarch
python-censys	1:2.2.19-1	dependency	no	blackarch
python-cerberus	1.3.8-2	dependency	no	extra
python-certifi	2026.07.22-1	explicit	no	extra
python-cffi	2.1.1-1	explicit	no	extra
python-cfgv	3.5.0-1	dependency	no	extra
python-cfscrape	1:2.1.1-7	dependency	no	blackarch
python-chardet	6.0.0.post1-1	explicit	no	extra
python-charset-normalizer	3.5.1-1	explicit	no	extra
python-checksumdir	1.3.0-1	dependency	no	blackarch
python-cheroot	11.1.2-2	dependency	no	extra
python-cherrypy	18.10.0-3	dependency	no	extra
python-cherrypy-cors	1.7.0-5	dependency	no	blackarch
python-chromedriver-autoinstaller	0.6.4-4	dependency	no	blackarch
python-cinemagoer	2023.05.01-1.3	explicit	no	chaotic-aur
python-claripy	9.2.221-1	dependency	no	extra
python-cle	9.2.160-2	dependency	no	extra
python-clearbit	0.1.7-12	dependency	no	blackarch
python-cleo	1:2.1.0-2	dependency	no	extra
python-cli-helpers	2.15.0-1	dependency	no	blackarch
python-click	8.3.3-1	explicit	no	extra
python-click-config-file	0.6.0-6	dependency	no	blackarch
python-click-didyoumean	0.3.1-4	dependency	no	extra
python-click-log	0.4.0-6	dependency	no	extra
python-click-option-group	0.5.9-1.1	dependency	no	chaotic-aur
python-click-plugins	1.1.1-14	dependency	no	blackarch
python-click-repl	0.3.0-5	dependency	no	blackarch
python-click-shell	2.1-6	dependency	no	blackarch
python-clickclick	20.10.2-11	dependency	no	blackarch
python-clint	0.5.1-17	dependency	no	blackarch
python-cloudpickle	3.1.2-3	dependency	no	extra
python-cloudscraper	3.0.0-2	dependency	no	chaotic-aur
python-cmd2	4.2.4-1	dependency	no	extra
python-colorama	0.4.6-6	explicit	no	extra
python-colorclass	2.2.2-5	dependency	no	extra
python-colored	2.3.1-1	dependency	no	blackarch
python-colored-traceback	0.4.2-2	dependency	no	extra
python-coloredlogs	15.0.1-8	dependency	no	extra
python-colorlog	6.10.0-1	dependency	no	extra
python-colorscript	37.b98ec07-4	dependency	no	blackarch
python-colour	0.1.5-16	dependency	no	extra
python-columnar	1.4.1-6	dependency	no	blackarch
python-comment-parser	1.2.5-2	dependency	no	blackarch
python-commonmark	0.9.2-1	dependency	no	extra
python-config	0.5.1-6	dependency	no	blackarch
python-configargparse	1.7.7-1	dependency	no	extra
python-configobj	5.0.9-6	explicit	no	extra
python-configupdater	3.2-3	dependency	no	extra
python-connexion	2.14.2-5	dependency	no	blackarch
python-console-menu	0.8.0-6	dependency	no	blackarch
python-constantly	23.10.4-3	explicit	no	extra
python-construct	2.10.70-6	dependency	no	extra
python-contourpy	1.4.0-1	explicit	no	extra
python-cookiecutter	2.7.1-1	dependency	no	extra
python-cooldict	1.04-5	dependency	no	extra
python-couchdb	1.2-11	dependency	no	blackarch
python-coverage	7.16.1-1	dependency	no	extra
python-cowpy	1.1.5-5	dependency	no	blackarch
python-cppheaderparser	2.7.4-10	dependency	no	extra
python-cpppo	5.2.5-1	dependency	no	blackarch
python-cprint	1.2.2-7	dependency	no	blackarch
python-crashtest	0.4.1-5	dependency	no	extra
python-crayons	0.4.0-8	dependency	no	extra
python-crc16	0.1.1-8	dependency	no	blackarch
python-crccheck	1.3.1-1	dependency	no	blackarch
python-crcelk	1.3-7	dependency	no	blackarch
python-crcmod	1.7-9	dependency	no	extra
python-crossplane	0.5.8-6	dependency	no	blackarch
python-cryptography	50.0.1-1	explicit	no	extra
python-crysp	1.2-8	dependency	no	blackarch
python-crytic-compile	0.3.11-1	dependency	no	blackarch
python-cssselect	1.5.0-1	explicit	no	extra
python-cssselect2	0.10.1-1	dependency	no	extra
python-cssutils	2.15.0-1	dependency	no	blackarch
python-cstruct	v6.2.r10.gfde9641-1	dependency	no	blackarch
python-curl_cffi	0.16.3-1	explicit	no	extra
python-cvss	3.6-2	dependency	no	blackarch
python-cx_oracle	8.3.0-2	dependency	no	blackarch
python-cxxfilt	0.3.0-6	dependency	no	blackarch
python-cxxheaderparser	2.0.0-1	dependency	no	extra
python-cybox	1:2.1.0.21-6	dependency	no	blackarch
python-cycler	0.12.1-4	explicit	no	extra
python-cymruwhois	1.6-11	explicit	no	blackarch
python-cytoolz	1.1.0-2	dependency	no	extra
python-daemon	3.1.2-6	dependency	no	extra
python-dataset	1.6.2-5	dependency	no	blackarch
python-dateutil	2.9.0-8	explicit	no	extra
python-dbus	1.4.0-2	dependency	no	extra
python-decorator	5.3.1-1	dependency	no	extra
python-defang	0.5.3-9	dependency	no	blackarch
python-defusedcsv	3.0.0-2	dependency	no	blackarch
python-defusedxml	0.7.1-8	dependency	no	extra
python-delegator.py	0.1.1-9	dependency	no	blackarch
python-demjson	2.2.4-12	dependency	no	blackarch
python-deprecated	1.3.1-2	dependency	no	extra
python-deprecation	2.1.0-12	dependency	no	extra
python-dhcplib	0.1.1-8	dependency	no	blackarch
python-dicttoxml	1.7.16-4	dependency	no	blackarch
python-dill	0.4.1-1	dependency	no	extra
python-discord-webhook	1.4.1-2	dependency	no	blackarch
python-diskcache	5.6.3-5	dependency	no	blackarch
python-dissect.cstruct	4.7-2	dependency	no	extra
python-distlib	0.4.3-1	dependency	no	extra
python-distro	1.9.0-4	explicit	no	extra
python-distutils-extra	2.39-15	dependency	no	extra
python-django	5.2.13-1	dependency	no	extra
python-django-extensions	4.1-2	dependency	no	extra
python-django-rest-framework	3.17.1-1	dependency	no	extra
python-django-tables2	3.0.0-1	dependency	no	blackarch
python-dlib	20.0.1-1	dependency	no	blackarch
python-dm-tree	0.1.9-2	dependency	no	blackarch
python-dnsimple	8.0.0-1	dependency	no	blackarch
python-dnslib	0.9.26-3	dependency	no	extra
python-dnspython	1:2.8.0-3	dependency	no	extra
python-docker	7.1.0-4	dependency	no	extra
python-docopt	0.6.2-15	dependency	no	extra
python-docstring-parser	0.18.0-1	dependency	no	extra
python-docutils	1:0.23-1	explicit	no	extra
python-docx2txt	0.9-2.1	dependency	no	chaotic-aur
python-dominate	2.9.1-4	dependency	no	extra
python-dotenv	1.2.3-1	explicit	no	extra
python-dpath	2.2.0-2	dependency	no	blackarch
python-dpkt	1.9.8-5	dependency	no	extra
python-dploot	3.2.2-1	dependency	no	blackarch
python-ds-store	1.3.2-2	dependency	no	blackarch
python-dsinternals	1.2.5-1	dependency	no	blackarch
python-dukpy	0.3-13	dependency	no	blackarch
python-dulwich	1.2.14-1	dependency	no	extra
python-durationpy	0.10-2	dependency	no	extra
python-easydict	1.13.r0.g6df258e-2	dependency	no	blackarch
python-easygui	0.98.3-4	dependency	no	extra
python-easyinject	0.3-10	dependency	no	blackarch
python-easyprocess	1.1-7	dependency	no	extra
python-ebooklib	0.20-1	dependency	no	extra
python-ecdsa	0.19.2-1	dependency	no	extra
python-editdistance	0.8.1-4	dependency	no	blackarch
python-editor	1.0.4-13	dependency	no	extra
python-editorconfig	0.17.1-1	dependency	no	extra
python-egcd	3.0.0-2	dependency	no	blackarch
python-egg-timer	1.3.0-4	dependency	no	blackarch
python-elastic-transport	9.2.1-1	dependency	no	extra
python-elasticsearch	9.3.0-1	dependency	no	extra
python-email-validator	2.3.0-2	dependency	no	extra
python-emailprotectionslib	0.8.3-10	dependency	no	blackarch
python-engineio	4.13.3-1	dependency	no	extra
python-enhancements	0.4.0-6	dependency	no	blackarch
python-enlighten	1.14.1-3	dependency	no	extra
python-entrypoints	0.4-7	dependency	no	extra
python-enum-compat	0.0.3-9	dependency	no	blackarch
python-environs	15.0.1-1	dependency	no	blackarch
python-esprima	4.0.1-9	dependency	no	blackarch
python-et-xmlfile	2.0.0-3	dependency	no	extra
python-eth-hash	0.8.0-1	dependency	no	extra
python-eth-typing	6.0.0-1	dependency	no	blackarch
python-eth-utils	6.0.0-1	dependency	no	blackarch
python-evdev	2.0.0-1	dependency	no	extra
python-event-bus	1.0.2-9	dependency	no	blackarch
python-eventlet	0.41.0-1	dependency	no	extra
python-exchangelib	5.6.0-2	dependency	no	blackarch
python-executing	2.2.1-3	dependency	no	extra
python-exifread	3.5.1-1.1	dependency	no	chaotic-aur
python-exiv2	0.12.0-4	dependency	no	blackarch
python-face-recognition	1.3.0-8	dependency	no	blackarch
python-face-recognition-models	0.3.0-10	dependency	no	blackarch
python-facebook-sdk	3.1.0-10	dependency	no	blackarch
python-fake-useragent	2.2.0-1	dependency	no	blackarch
python-faraday-plugins	1.28.0-1	dependency	no	blackarch
python-fastapi	0.141.1-1	dependency	no	extra
python-fastecdsa	3.0.1-2	dependency	no	blackarch
python-fastjsonschema	2.21.2-2	dependency	no	extra
python-feedparser	6.0.14-1	dependency	no	extra
python-feedparser-sgmllib	2.1.0-1	dependency	no	extra
python-filebytes	0.10.2-10	dependency	no	extra
python-filedepot	0.11.0-3	dependency	no	blackarch
python-filelock	3.31.2-1	explicit	no	extra
python-filemagic	1.6-14	dependency	no	blackarch
python-filequeue	0.4.1-7	dependency	no	blackarch
python-filteralchemy-fork	0.1.0-8	dependency	no	blackarch
python-findpython	0.8.0-1	dependency	no	extra
python-fire	0.7.1-2	dependency	no	extra
python-firewall	2.5.2-1	dependency	no	extra
python-first	2.0.2-11	dependency	no	blackarch
python-fixtures	4.3.2-1	dependency	no	extra
python-flake8	1:7.4.1-1	dependency	no	extra
python-flasgger	0.9.7.1-8	dependency	no	blackarch
python-flask	3.1.3-1	dependency	no	extra
python-flask-api	3.1-5	dependency	no	blackarch
python-flask-apscheduler	1.13.1-4	dependency	no	blackarch
python-flask-babel	4.0.0-5	dependency	no	extra
python-flask-babelex	0.9.4-11	dependency	no	blackarch
python-flask-basicauth	0.2.0-8	dependency	no	blackarch
python-flask-caching	2.4.0-1	dependency	no	extra
python-flask-classful	0.16.0-4	dependency	no	blackarch
python-flask-classy	0.6.10-8	dependency	no	blackarch
python-flask-compress	1.24-1	dependency	no	extra
python-flask-cors	6.0.2-2	dependency	no	extra
python-flask-httpauth	4.8.1-1	dependency	no	chaotic-aur
python-flask-jwt-extended	4.7.4-1	dependency	no	blackarch
python-flask-kvsession-fork	0.6.4-6	dependency	no	blackarch
python-flask-login	0.6.3-8	dependency	no	extra
python-flask-mail	0.10.0-2	dependency	no	extra
python-flask-marshmallow	1.5.0-1	dependency	no	extra
python-flask-mongoengine	1.0.0-9	dependency	no	blackarch
python-flask-negotiation	0.1.9-8	dependency	no	blackarch
python-flask-principal	0.4.0-15	dependency	no	extra
python-flask-pymongo	3.0.1-1	dependency	no	blackarch
python-flask-restful	0.3.10-7	dependency	no	blackarch
python-flask-restless	1:0.17.0-12	dependency	no	blackarch
python-flask-restplus	0.13.0-8	dependency	no	blackarch
python-flask-rich	0.4.1-2	dependency	no	blackarch
python-flask-security	3.0.0-11	dependency	no	blackarch
python-flask-socketio	5.6.1-1	dependency	no	extra
python-flask-sqlalchemy	3.1.1-6	dependency	no	extra
python-flask-wtf	1.3.0-1	dependency	no	extra
python-flatbencode	0.2.1-8	dependency	no	blackarch
python-flatbuffers	25.12.19-4	dependency	no	extra
python-flit-core	4.1.0-1	dependency	no	extra
python-flow.record	3.21.r16.ge6b58fd-1	explicit	no	blackarch
python-fluidity	0.2.1-8	explicit	no	extra
python-fonttools	4.66.0-1	explicit	no	extra
python-freezegun	1.5.5-2	dependency	no	extra
python-frida	17.7.3-1	dependency	no	blackarch
python-frida-tools	14.10.4-1	explicit	no	blackarch
python-frozendict	1:2.4.7-1	dependency	no	extra
python-frozenlist	1.8.0-2	dependency	no	extra
python-fs	2.4.16-6	dependency	no	extra
python-fsspec	2026.9.0-1	dependency	no	extra
python-fullcontactpy	0.0.6-11	dependency	no	blackarch
python-funcy	2.0-7	dependency	no	blackarch
python-furl	2.1.4-2	dependency	no	extra
python-future	1.0.0-3	dependency	no	blackarch
python-future-annotations	1.0.0-6	dependency	no	blackarch
python-fuzzywuzzy	0.18.0-11	dependency	no	blackarch
python-galeodes	0.7-6	dependency	no	blackarch
python-gast	0.7.0-3	dependency	no	extra
python-geographiclib	2.1-3	dependency	no	extra
python-geoip	1.3.2-19	explicit	no	extra
python-geoip2	5.3.0-1	dependency	no	extra
python-geopy	2.5.0-1	dependency	no	extra
python-get-mac	0.9.2-5	dependency	no	blackarch
python-gevent	26.9.0-1	dependency	no	extra
python-gevent-websocket	0.10.1-13	dependency	no	extra
python-gitdb	1:4.0.12-2	dependency	no	extra
python-github3.py	4.0.1-4	dependency	no	blackarch
python-gitignore-parser	v0.1.12.r1.g1db5f1b-2	dependency	no	blackarch
python-gitpython	3.1.62-1	dependency	no	extra
python-gmpy2	2.3.1-1	dependency	no	extra
python-gnupg	0.5.6-2	dependency	no	extra
python-gnuradio	3.10.12.0-18	dependency	no	extra
python-gnureadline	8.3.3-2	dependency	no	blackarch
python-gobject	3.56.3-1	dependency	no	extra
python-google	3.0.0-9	dependency	no	blackarch
python-google-api-core	2.38.0-1	dependency	no	extra
python-google-api-python-client	2.200.0-1	dependency	no	extra
python-google-auth	2.58.0-1	dependency	no	extra
python-google-auth-httplib2	0.4.2-1	dependency	no	extra
python-google-cloud-core	2.6.0-1	dependency	no	blackarch
python-google-cloud-storage	3.12.0-1	dependency	no	blackarch
python-google-crc32c	1.8.0-1	dependency	no	blackarch
python-google-genai	2.8.0-1	dependency	no	blackarch
python-google-resumable-media	2.10.1-1	dependency	no	blackarch
python-google-search-api	1.1.14-12	dependency	no	blackarch
python-google-streetview	1.2.9-10	explicit	no	blackarch
python-googleapis-common-protos	1.75.3-1	dependency	no	extra
python-googletransx	2.4.2-9	dependency	no	blackarch
python-gpgme	2.0.0-2	explicit	no	extra
python-gpsoauth	2.0.0-2	dependency	no	blackarch
python-grandalf	0.8-5	dependency	no	extra
python-grapheme	0.6.0-6	dependency	no	blackarch
python-graphillion	1.11-2	dependency	no	blackarch
python-graphviz	0.21-2	dependency	no	extra
python-greenlet	3.5.6-1	explicit	no	extra
python-grequests	0.7.0-4	dependency	no	extra
python-grpcio	1.84.0-1	explicit	no	extra
python-grpcio-tools	1.84.0-1	explicit	no	extra
python-gssapi	1.11.1-1	dependency	no	extra
python-h11	0.16.0-2	explicit	no	extra
python-h2	4.4.1-1	dependency	no	extra
python-h3	4.4.2-1	dependency	no	blackarch
python-h5py	3.16.0-1	dependency	no	extra
python-halo	0.0.31-11	dependency	no	extra
python-hammertime-http	0.11.1-3	dependency	no	blackarch
python-helpdev	0.7.1-10	dependency	no	extra
python-hexdump	3.3-11	dependency	no	extra
python-hpack	4.2.0-1	dependency	no	extra
python-html2text	2025.4.15-2	dependency	no	extra
python-html5lib	1.1-18	dependency	no	extra
python-htmlentities	0.3.0-10	dependency	no	blackarch
python-htmlparser	0.0.2-10	dependency	no	blackarch
python-httpagentparser	1.9.5-6	dependency	no	blackarch
python-httpcap	0.7.9-8	dependency	no	blackarch
python-httpcore	1.0.9-3	dependency	no	extra
python-httplib2	0.32.0-1	explicit	no	extra
python-httpretty	1.1.4-14	dependency	no	extra
python-httptools	0.8.0-1	dependency	no	extra
python-httpx	0.28.1-7	dependency	no	extra
python-httpx-ntlm	1.4.0-2	dependency	no	blackarch
python-httpx-socks	0.11.0-1	dependency	no	blackarch
python-huepy	1.2.1-10	dependency	no	blackarch
python-humanfriendly	10.0-10	dependency	no	extra
python-humanize	4.16.0-1	dependency	no	extra
python-hurry-filesize	0.9-9	dependency	no	blackarch
python-hyper	0.7.0-10	dependency	no	blackarch
python-hyperframe	6.1.0-2	dependency	no	extra
python-hyperlink	21.0.0-8	explicit	no	extra
python-hypothesis	6.168.0-1	dependency	no	extra
python-icmplib	3.0.4-5	dependency	no	extra
python-id	1.6.1-1	dependency	no	extra
python-idalink	0.12-11	dependency	no	blackarch
python-identify	2.6.19-1	dependency	no	extra
python-idna	3.20-1	explicit	no	extra
python-idna_ssl	1.1.0-12	dependency	no	blackarch
python-ifaddr	0.2.0-7	explicit	no	extra
python-igraph	1.0.0-2	dependency	no	extra
python-imagehash	4.3.2-2	dependency	no	blackarch
python-imageio	2.37.4-1	dependency	no	extra
python-imageio-ffmpeg	0.6.0-2.1	dependency	no	chaotic-aur
python-imagesize	2.0.1-1	explicit	no	extra
python-imgcat	0.6.0-2	dependency	no	blackarch
python-importlib-metadata	9.0.1-1	explicit	no	extra
python-incremental	24.11.0-1	explicit	no	extra
python-infinity	1.5-9	dependency	no	extra
python-inflect	7.5.0-2	dependency	no	extra
python-inflection	0.5.1-10	dependency	no	extra
python-influxdb	5.3.2-2	dependency	no	blackarch
python-iniconfig	2.3.0-1	dependency	no	extra
python-inline-snapshot	0.32.6-1	dependency	no	extra
python-inquirer	3.4.1-2	dependency	no	blackarch
python-inspect2	0.1.2-7	dependency	no	blackarch
python-instagram-private-api	1.6.0.0-6	dependency	no	blackarch
python-installer	1.0.1-1	dependency	no	extra
python-intervals	0.9.2-7	dependency	no	extra
python-intervaltree	3.2.1-1	dependency	no	extra
python-invoke	3.0.3-1	explicit	no	extra
python-ipaddr	2.2.0-10	dependency	no	blackarch
python-ipapi	1.0.4-8	dependency	no	blackarch
python-ipdb	0.13.13-8	dependency	no	blackarch
python-ipgetter	1.1.10-7	dependency	no	blackarch
python-ipparser	1.0.2-4	dependency	no	blackarch
python-iptools	0.7.0-9	dependency	no	blackarch
python-ipwhois	1.3.0-1	dependency	no	blackarch
python-ipy	1.01-9	dependency	no	blackarch
python-ipython-pygments-lexers	1.1.1-3	dependency	no	extra
python-isc_dhcp_leases	0.10.0-4	dependency	no	blackarch
python-iso3166	2.1.1-6	dependency	no	blackarch
python-isodate	0.7.2-3	explicit	no	extra
python-isort	9.0.0b2-1	dependency	no	extra
python-itanium-demangler	1.1-6	dependency	no	extra
python-itemadapter	0.13.1-1	dependency	no	extra
python-itemloaders	1.4.0-1	dependency	no	extra
python-itsdangerous	2.2.0-2	dependency	no	extra
python-ivre	0.9.21.dev163-1	explicit	no	blackarch
python-jaraco.classes	3.4.0-3	dependency	no	extra
python-jaraco.collections	5.1.0-3	explicit	no	extra
python-jaraco.context	6.1.2-1	explicit	no	extra
python-jaraco.functools	4.1.0-3	explicit	no	extra
python-jaraco.text	4.0.0-4	explicit	no	extra
python-jedi	0.20.0-1	dependency	no	extra
python-jeepney	0.9.0-3	dependency	no	extra
python-jellyfish	1.2.1-2	dependency	no	extra
python-jinja	1:3.1.6-3	explicit	no	extra
python-jinxed	2.1.0-1	dependency	no	extra
python-jiter	0.16.0-1	dependency	no	extra
python-jmespath	1.1.0-1	dependency	no	extra
python-joblib	1.6.0-2	dependency	no	extra
python-jose	3.5.0-2	dependency	no	extra
python-jproperties	1:2.1.2-2	dependency	no	blackarch
python-jpype1	1.6.0-3	dependency	no	blackarch
python-js8py	0.1.2.r6.gf7e394b-4	dependency	no	blackarch
python-jsbeautifier	2.0.3-1	dependency	no	extra
python-jschema-to-python	1.2.3-9	dependency	no	extra
python-jsmin	2.2.2-4	dependency	no	blackarch
python-json-logger	4.1.0-1	dependency	no	extra
python-json2html	1.3.0-8	dependency	no	blackarch
python-jsonlines	4.0.0-6	dependency	no	extra
python-jsonpickle	4.1.2-1	dependency	no	extra
python-jsonrpclib-pelix	1.2.0-1	dependency	no	extra
python-jsonschema	4.26.0-1	dependency	no	extra
python-jsonschema-path	0.5.0-1	dependency	no	extra
python-jsonschema-specifications	2025.9.1-2	dependency	no	extra
python-jupyter-core	5.9.1-2	dependency	no	extra
python-jwcrypto	1.6.1-1	dependency	no	extra
python-kaitaistruct	0.11-2	dependency	no	extra
python-keras	3.15.1-1	dependency	no	extra
python-keyboard	0.13.5-7	dependency	no	blackarch
python-keylogger	2.7.3-12	explicit	no	blackarch
python-keyring	25.7.0-3	dependency	no	extra
python-keystone	0.9.2-8	dependency	no	extra
python-kill	2020.12.3-7	dependency	no	blackarch
python-kismet-rest	2020.5.1-7	dependency	no	blackarch
python-kiwisolver	1.5.1-1	explicit	no	extra
python-kombu	5.6.2-1	dependency	no	blackarch
python-kubernetes	36.0.3-1	dependency	no	extra
python-kwconfig	1.1.7-9	dependency	no	blackarch
python-langdetect	1.0.9-9	dependency	no	extra
python-lark-parser	1.3.1-2	dependency	no	extra
python-lazy-loader	0.5-1	dependency	no	extra
python-lazy-object-proxy	1.12.0-2	dependency	no	extra
python-ldap	3.4.8-1	dependency	no	extra
python-ldap0	1.4.10-8	dependency	no	blackarch
python-ldap3	2.9.1-10	dependency	no	extra
python-ldapdomaindump	0.10.0-2	dependency	no	extra
python-ldaptor	21.2.0-6	dependency	no	blackarch
python-legacy-cgi	2.6.4-2	dependency	no	extra
python-levenshtein	0.27.5-1	dependency	no	extra
python-lexicon	3.0.0-2	explicit	no	extra
python-libarchive	0.4.7-8	dependency	no	blackarch
python-libevdev	0.13.1-1	dependency	no	extra
python-libforensic1394	0.2-14	dependency	no	extra
python-libkeepass	0.3.1.post1-9	dependency	no	blackarch
python-libmagic	1.0-8	dependency	no	blackarch
python-libretranslatepy	2.1.4-4	dependency	no	blackarch
python-librt	0.11.0-1	dependency	no	extra
python-libsast	3.1.6-2	dependency	no	blackarch
python-libtaxii	1.1.119-7	dependency	no	blackarch
python-libusb	1.0.29.post7-1	dependency	no	blackarch
python-libusb1	3.3.1-2	dependency	no	extra
python-lief	0.17.3-1	explicit	no	blackarch
python-limits	5.8.0-1	dependency	no	chaotic-aur
python-litecli	1.17.1-1	dependency	no	blackarch
python-livereload	2.7.1-2	dependency	no	blackarch
python-llvmlite	0.49.0-1	dependency	no	extra
python-lmdb	2.3.0-1	dependency	no	extra
python-lockfile	0.12.2-15	explicit	no	extra
python-log_symbols	0.0.14-10	dependency	no	extra
python-logbook	1.10.1-1	dependency	no	extra
python-loguru	0.7.3-2	dependency	no	extra
python-logutils	0.3.5-15	dependency	no	extra
python-luhn	0.2.0.r1.gc26e5c6-7	dependency	no	blackarch
python-lxml	6.1.3_1-1	explicit	no	extra
python-lxml-html-clean	0.4.5-1	dependency	no	extra
python-lz4	4.4.5-2	dependency	no	extra
python-lzallright	v0.2.6.r38.g95d214c-1	dependency	no	blackarch
python-m2crypto	2:0.50.0.r0.g183ad83-1	dependency	no	blackarch
python-mac-alias	2.2.3-2	dependency	no	blackarch
python-maclookup	1.0.3-12	dependency	no	blackarch
python-magic	1:0.4.27-6	dependency	no	extra
python-mako	1.3.12-1	explicit	no	extra
python-markdown	3.10.3-1	explicit	no	extra
python-markdown-it-py	4.2.0-1	dependency	no	extra
python-markupsafe	3.0.3-1	explicit	no	extra
python-marshmallow	4.3.1-1	dependency	no	extra
python-marshmallow-autoschema	0.4.0-2	dependency	no	blackarch
python-marshmallow-enum	1.5.1-6	dependency	no	blackarch
python-marshmallow-har	1.2.1-2	dependency	no	blackarch
python-marshmallow-sqlalchemy	1.5.0-1	dependency	no	extra
python-matplotlib	3.11.2-1	explicit	no	extra
python-matplotlib-inline	0.2.2-1	dependency	no	extra
python-maxminddb	3.2.0-1	dependency	no	extra
python-mccabe	0.7.0-9	dependency	no	extra
python-mdurl	0.1.2-9	dependency	no	extra
python-mdutils	1.8.1-2	dependency	no	blackarch
python-mechanicalsoup	1.4.0-1	dependency	no	blackarch
python-mechanize	1:0.4.10-3	dependency	no	extra
python-memcached	1.62-4	dependency	no	extra
python-mido	1.3.3-5	dependency	no	extra
python-mimeparse	2.0.0-3	dependency	no	extra
python-mimerender	0.6.0-13	dependency	no	blackarch
python-minidump	0.0.24-2	dependency	no	extra
python-minikerberos	1:0.4.9-2	dependency	no	blackarch
python-mistune	1:3.3.4-1	dependency	no	extra
python-mitmproxy-rs	0.12.11-1	dependency	no	extra
python-mixbox	1.0.5-7	dependency	no	blackarch
python-ml-dtypes	0.6.0-1	dependency	no	extra
python-mmbot	78.f5f5478-8	explicit	no	blackarch
python-mmh3	5.2.1-1	dependency	no	blackarch
python-mnist	0.2.2.r3.g9ae04f8-2	dependency	no	blackarch
python-mock	5.2.0-1.1	dependency	no	chaotic-aur
python-mockito	2.0.4-1	dependency	no	extra
python-modbus-tk	1:1.1.5-2	dependency	no	blackarch
python-mongoengine	0.29.3-1	dependency	no	extra
python-mongomock	4.3.0-1	dependency	no	extra
python-more-itertools	11.1.0-1	explicit	no	extra
python-moviepy	2.2.1-4	dependency	no	chaotic-aur
python-mox3	1.1.0-11	dependency	no	blackarch
python-mpmath	1.4.1-1	dependency	no	extra
python-msal	1.37.0-1	dependency	no	blackarch
python-msgpack	1.1.2-2	explicit	no	extra
python-msgspec	0.21.1-1	dependency	no	extra
python-msldap	0.5.15-2	dependency	no	blackarch
python-msoffcrypto-tool	1:6.0.0-1	dependency	no	blackarch
python-mulpyplexer	0.9-5	dependency	no	extra
python-multidict	6.7.1-1	dependency	no	extra
python-multiprocess	0.70.19-1	dependency	no	extra
python-munge	1.4.0-2	dependency	no	blackarch
python-mutagen	1.48.1-1	dependency	no	extra
python-mypy_extensions	1.1.0-2	dependency	no	extra
python-mysql-connector	26.7.0-1	dependency	no	extra
python-mysqlclient	2.2.8-2	dependency	no	extra
python-names	1:0.3.0-10	dependency	no	blackarch
python-nampa	1.0-10	dependency	no	extra
python-narwhals	2.25.0-1	dependency	no	extra
python-nassl	1:5.4.0-1	dependency	no	blackarch
python-natsort	8.4.0-4	dependency	no	extra
python-ndg-httpsclient	0.5.1-17	dependency	no	extra
python-neo4j-driver	4.4.13-2	dependency	no	blackarch
python-neobolt	1.7.17-7	dependency	no	blackarch
python-neotime	1.7.4-8	dependency	no	blackarch
python-netaddr	1.3.0-2	dependency	no	extra
python-netifaces	0.11.0-9	explicit	no	extra
python-networkx	3.6.1-1	dependency	no	extra
python-nh3	0.3.7-1	dependency	no	extra
python-niche-elf	0.3.6-1	dependency	no	extra
python-nodeenv	1.10.0-1	dependency	no	extra
python-normality	2.5.0-6	dependency	no	blackarch
python-nose	1.3.7-19	dependency	no	extra
python-notifiers	1.3.6-1	dependency	no	blackarch
python-notify2	0.3.1-12	dependency	no	extra
python-notify_py	0.3.43-2	dependency	no	blackarch
python-nplusone	1.0.0-9	dependency	no	blackarch
python-ntlm-auth	1.5.0-12	dependency	no	extra
python-numba	0.67.0-1	dependency	no	extra
python-numpy	2.5.3-1	explicit	no	extra
python-oauth2	1.9.0.post1-15	dependency	no	blackarch
python-oauth2client	4.1.3-12	dependency	no	extra
python-oauthlib	3.3.1-2	dependency	no	extra
python-ochre	0.4.0-2	dependency	no	blackarch
python-odict	1.9.0-8	dependency	no	blackarch
python-olefile	0.47-5	dependency	no	extra
python-oletools	1:0.60.2-3	dependency	no	blackarch
python-ollama	0.6.2-1	dependency	no	blackarch
python-omitempty	0.1.1-7	dependency	no	blackarch
python-openai	2.53.0-1	dependency	no	extra
python-openapi-schema-validator	0.8.1-1	dependency	no	extra
python-openapi-spec-validator	0.8.4-1	dependency	no	extra
python-opengl	3.1.10-3	explicit	no	extra
python-openpyxl	3.1.5-3	dependency	no	extra
python-opt_einsum	3.4.0-2	dependency	no	extra
python-optparse-pretty	0.1.1-10	dependency	no	blackarch
python-optree	0.20.0-1	dependency	no	extra
python-ordered-set	4.1.0-8	dependency	no	extra
python-ordereddict	1.1-10	dependency	no	blackarch
python-orderedmultidict	1.0.2-1	dependency	no	extra
python-orjson	3.12.0-1	dependency	no	extra
python-oscrypto	1.3.0-8	dependency	no	extra
python-outcome	1.3.0.post0-7	explicit	no	extra
python-packaging	26.3-1	dependency	no	extra
python-pager	3.3-11	dependency	no	blackarch
python-paho-mqtt	1.6.1-6	dependency	no	extra
python-pallets-sphinx-themes	2.3.0-3	dependency	no	extra
python-pandas	2.3.3-7	dependency	no	extra
python-parameterized	0.9.0-3	dependency	no	extra
python-paramiko	5.0.0-1	explicit	no	extra
python-parse	1.22.2-1	dependency	no	extra
python-parsel	1.11.0-1	dependency	no	extra
python-parso	1:0.8.7-1	dependency	no	extra
python-passlib	1.7.4-13	dependency	no	extra
python-pasta	0.2.0-11	dependency	no	extra
python-pathable	0.6.0-1	dependency	no	extra
python-pathlib2	2.3.7.post1-5	dependency	no	blackarch
python-pathspec	1.1.1-1	dependency	no	extra
python-pbkdf2	1.3-15	dependency	no	extra
python-pbr	7.1.2-1	dependency	no	extra
python-pbs-installer	2026.09.01-1	dependency	no	extra
python-pcapy	1.0.9-4	dependency	no	extra
python-pcodedmp	1.2.6-9	explicit	no	blackarch
python-pdfkit	1.0.0-7	dependency	no	blackarch
python-pdfminer	20260107-1	dependency	no	extra
python-peewee	4.0.4-1	dependency	no	extra
python-pefile	2024.8.26-2	dependency	no	extra
python-peid	2.2.1-4	explicit	no	blackarch
python-pem	23.1.0-5	dependency	no	extra
python-pendulum	3.2.0-1	dependency	no	extra
python-pep517	0.13.1-4	dependency	no	blackarch
python-pep8	1.7.1-9	dependency	no	blackarch
python-persistent	6.8-1	dependency	no	extra
python-pexpect	4.9.0-7	dependency	no	extra
python-pgcli	4.5.0-1	dependency	no	blackarch
python-pgpdump	1.5-8	dependency	no	blackarch
python-pgrep	2020.12.3-7	dependency	no	blackarch
python-pgspecial	2.3.0-1	dependency	no	extra
python-phonenumbers	9.0.40-1	dependency	no	extra
python-phpserialize	1.3-15	dependency	no	extra
python-pick	2.6.0-1	dependency	no	blackarch
python-pika	1.4.4-1	dependency	no	extra
python-pikepdf	10.13.0.post1-1	dependency	no	extra
python-pillow	12.3.0-1	explicit	no	extra
python-ping3	5.1.5-2	dependency	no	blackarch
python-pip	26.2.1-1	explicit	no	extra
python-pip-shims	0.7.3-6	dependency	no	blackarch
python-piplapis-python	5.3.1-3	dependency	no	blackarch
python-pipx	1.15.0-1	dependency	no	extra
python-pivy	1:0.6.11-2	explicit	no	extra
python-pkg-about	2.4.3-1	dependency	no	blackarch
python-pkg_resources	81.0.0-1	dependency	yes	foreign
python-pkginfo	1.13-1	dependency	no	extra
python-platformdirs	4.11.12-1	explicit	no	extra
python-play-scraper	0.6.0-8	dependency	no	blackarch
python-playwright	1.63.0-1	dependency	no	extra
python-plette	2.2.2-1	dependency	no	extra
python-plotext	6.1.0.r0.ge51c92a-1	dependency	no	blackarch
python-plotly	7.0.0-1	dependency	no	extra
python-pluggy	1.6.0-3	dependency	no	extra
python-pluginbase	1.0.1-6	dependency	no	blackarch
python-plumbum	1.10.0-1	dependency	no	extra
python-ply	3.11-17	explicit	no	extra
python-pmw	2.1.1-6	dependency	no	blackarch
python-pockets	0.9.1-5	dependency	no	blackarch
python-poetry	2.5.1-1	dependency	no	extra
python-poetry-core	2.5.0-1	dependency	no	extra
python-poetry-plugin-export	1.10.1-1	dependency	no	extra
python-pooch	1.9.0-1	dependency	no	extra
python-poormanslogging	1.1-10	dependency	no	blackarch
python-portend	3.2.1-2	dependency	no	extra
python-ppdeep	20260221-1	dependency	no	blackarch
python-prance	25.4.8.0-2	dependency	no	blackarch
python-prctl	1.8.1-9	dependency	no	extra
python-prefixed	0.9.0-3	dependency	no	extra
python-prettytable	3.18.0-1	dependency	no	extra
python-priority	2.0.0-8	dependency	no	extra
python-proglog	0.1.12-2	dependency	no	chaotic-aur
python-progress	1.6.1-1	dependency	no	blackarch
python-progressbar	4.6.0-1	dependency	no	extra
python-prometheus_client	0.26.0-1	dependency	no	extra
python-prompt_toolkit	3.0.53-1	dependency	no	extra
python-propcache	0.4.1-2	dependency	no	extra
python-property	2.6.2-4	dependency	no	blackarch
python-prospector	1.18.0-1	dependency	no	blackarch
python-protego	0.7.0-1	dependency	no	extra
python-protobuf	36.1-1	explicit	no	extra
python-proxy-db	0.3.1-10	dependency	no	blackarch
python-proxylist	0.2.1-5	dependency	no	blackarch
python-psrpcore	0.3.1-2	dependency	no	blackarch
python-psutil	7.2.2-1	dependency	no	extra
python-psycopg	3.3.6-1	dependency	no	extra
python-psycopg2	2.9.13-1	dependency	no	extra
python-pt	r20240401.114.50227bd-3	dependency	no	extra
python-ptable-boxchar	243.eb76080-5	dependency	no	blackarch
python-ptrace	0.9.9-5	dependency	no	extra
python-ptyprocess	0.7.0-9	dependency	no	extra
python-publicsuffix2	2.20191221-10	dependency	no	extra
python-publicsuffixlist	1.0.2.20260615-1	dependency	no	blackarch
python-pure-eval	0.2.3-3	dependency	no	extra
python-puremagic	2.2.0-1	explicit	no	extra
python-pwntools	4.15.0-2	dependency	no	extra
python-py3dns	4.0.2-4	dependency	no	blackarch
python-pyaes	1.6.1-13	dependency	no	extra
python-pyaml	26.7.0-1	explicit	no	extra
python-pyasn1	0.6.4-1	explicit	no	extra
python-pyasn1-modules	0.4.2-2	explicit	no	extra
python-pyasynchat	1.0.5-1	dependency	no	extra
python-pyasyncore	1.0.5-1	dependency	no	extra
python-pyautogui	0.9.54-5	dependency	no	blackarch
python-pybase64	1.4.3-2	dependency	no	blackarch
python-pycares	5.0.1-1	dependency	no	extra
python-pycodestyle	2.15.0-1	dependency	no	extra
python-pycountry	24.6.1-5	explicit	no	extra
python-pycparser	3.00-1	explicit	no	extra
python-pycryptodome	3.23.0-2	explicit	no	extra
python-pycryptodomex	3.23.0-3	explicit	no	extra
python-pycsdr	0.18.2.r44.g041986e-4	dependency	no	blackarch
python-pycups	2.0.4-4	dependency	no	extra
python-pycurl	7.47.0-1	explicit	no	extra
python-pydantic	2.13.5-1	dependency	no	extra
python-pydantic-core	3:2.46.5-1	dependency	no	extra
python-pydantic-extra-types	2.11.2-1	dependency	no	extra
python-pydantic-settings	2.15.0-1	dependency	no	extra
python-pydeep	0.4-9	dependency	no	blackarch
python-pydemumble	0.0.1-3	dependency	no	blackarch
python-pydes	2.0.1-5.1	dependency	no	chaotic-aur
python-pydispatcher	2.0.7-4	dependency	no	extra
python-pydnet	1.0-11	dependency	no	blackarch
python-pydot	4.0.1-1	dependency	no	extra
python-pydotplus	2.0.2-11	dependency	no	blackarch
python-pyee	13.0.1-1	dependency	no	extra
python-pyelftools	0.33-1	dependency	no	extra
python-pyenchant	3.3.0-2	dependency	no	extra
python-pyevmasm	0.2.3-7	dependency	no	blackarch
python-pyexifinfo	0.4.0-12	dependency	no	blackarch
python-pyexiftool	1:0.5.6-1	dependency	no	blackarch
python-pyfatfs	v1.1.0.r0.g5590fb8-2	dependency	no	blackarch
python-pyfiglet	1.0.4-2	dependency	no	extra
python-pyflakes	3.4.0-2	dependency	no	extra
python-pyformlang	1.0.11-1	dependency	no	blackarch
python-pyftpdlib	2.2.0-1	dependency	no	extra
python-pygccxml	3.0.2-2	dependency	no	extra
python-pygdbmi	0.11.0.0-6	dependency	no	extra
python-pygeoip	0.3.2-14	dependency	no	blackarch
python-pygexf	0.2.2-7	dependency	no	blackarch
python-pyghidra	3.0.2-1	dependency	no	blackarch
python-pyghmi	1.6.18-1	dependency	no	blackarch
python-pygit2	1.20.1-1	dependency	no	extra
python-pygments	2.21.0-1	explicit	no	extra
python-pygraphviz	2.0.2-1	dependency	no	extra
python-pyhibp	4.2.0-2	dependency	no	extra
python-pyicu	2.16.2-1	dependency	no	extra
python-pyinotify	0.9.6-16	explicit	no	extra
python-pyjsparser	2.7.1-16	dependency	no	blackarch
python-pyjwt	2.14.0-1	dependency	no	extra
python-pylatex	1.4.2-4	dependency	no	blackarch
python-pylibemu	1.0-3	dependency	no	blackarch
python-pylint	4.0.7-1	dependency	no	extra
python-pylsqpack	0.3.24-1	dependency	no	extra
python-pylstar	0.1.2-10	dependency	no	blackarch
python-pylzma	0.5.0-11	dependency	no	blackarch
python-pymdown-extensions	11.0.2-1	dependency	no	extra
python-pymemcache	4.0.0-6	dependency	no	blackarch
python-pymisp	2.5.34.1-1	dependency	no	blackarch
python-pymongo	4.16.0-2	dependency	no	extra
python-pymssql	2.3.13-1	dependency	no	blackarch
python-pymsteams	0.2.5-1	dependency	no	blackarch
python-pymysql	1.2.3-1	dependency	no	extra
python-pynacl	1.6.2-1	explicit	no	extra
python-pyngrok	8.1.2-1	dependency	no	blackarch
python-pynput	1.8.2-1	dependency	no	chaotic-aur
python-pyodbc	5.3.0-2	dependency	no	blackarch
python-pyopenssl	26.4.0-1	explicit	no	extra
python-pyotp	2.10.0-1	dependency	no	extra
python-pypacker	5.4-6	dependency	no	blackarch
python-pyparsing	3.3.3-1	explicit	no	extra
python-pypcode	3.3.3-1	dependency	no	extra
python-pypdf	6.19.0-1	explicit	no	extra
python-pypdf2	2:3.0.1-1.2	dependency	no	chaotic-aur
python-pypdns	2.3.2-1	dependency	no	blackarch
python-pype32	0.1-12	dependency	no	blackarch
python-pyperclip	1.11.0-2	dependency	no	extra
python-pyperscan	v0.3.0.r151.g25c2f5b-2	dependency	no	blackarch
python-pypng	0.20250521.0-2	dependency	no	extra
python-pyppeteer	2.0.0-6	dependency	no	blackarch
python-pyproj	3.8.0-1	dependency	no	extra
python-pyproject-api	1.11.2-1	dependency	no	extra
python-pyproject-hooks	1.3.3-1	dependency	no	extra
python-pypsrp	1:0.9.1-1	dependency	no	blackarch
python-pypssl	2.2-7	dependency	no	blackarch
python-pypubsub	4.0.7-1	dependency	no	extra
python-pypugjs	5.12.0-3	dependency	no	blackarch
python-pypykatz	0.6.13-1	dependency	no	blackarch
python-pyqt4	4.12.3-13	dependency	no	blackarch
python-pyqt5	5.15.11-7	explicit	no	extra
python-pyqt5-sip	12.19.0-1	explicit	no	extra
python-pyqt5-webengine	5.15.7-4	dependency	no	blackarch
python-pyqt6	6.11.0-3	dependency	no	extra
python-pyqt6-sip	13.12.0-1	dependency	no	extra
python-pyqt6-webengine	6.11.0-1	explicit	no	extra
python-pyqtgraph	0.14.0-2	dependency	no	extra
python-pyquery	2.1.0-1	dependency	no	extra
python-pyradamsa	v0.1.1.r2.gfbcb545-1	dependency	no	blackarch
python-pyric	184.bc0dce3-8	dependency	no	blackarch
python-pyserial	3.5-8	explicit	no	extra
python-pysha3	1.0.2-6	dependency	no	blackarch
python-pyshark	0.6-5	dependency	no	blackarch
python-pyside	1.2.4-13	dependency	no	blackarch
python-pyside-common	1.2.4-13	dependency	no	blackarch
python-pysigset	0.4.0-7	dependency	no	blackarch
python-pysmb	1.2.14-1	dependency	no	blackarch
python-pysmi	2.0.0-2	dependency	no	extra
python-pysnmp	7.1.29-1	dependency	no	extra
python-pysocks	1.7.1-12	explicit	no	extra
python-pyspf	2.0.14-6	dependency	no	blackarch
python-pyspnego	0.12.2-1	dependency	no	extra
python-pysqlite3	0.6.0-2	dependency	no	blackarch
python-pystache	0.6.8-1	dependency	no	extra
python-pystrich	0.10-1	dependency	no	blackarch
python-pytesseract	0.3.13-4	dependency	no	extra
python-pytest	1:9.1.1-1	dependency	no	extra
python-pytest-cov	7.1.0-1	dependency	no	extra
python-pytest-instafail	0.5.0-2	dependency	no	extra
python-pytest-sugar	1.1.1-2	dependency	no	extra
python-python-bidi	0.6.10-1	dependency	no	blackarch
python-python-crontab	3.3.0-1	dependency	no	blackarch
python-python-discovery	1.6.1-1	dependency	no	extra
python-python-docx	1.2.0-1	dependency	no	blackarch
python-python-flirt	0.9.10-1	dependency	no	blackarch
python-python-geoip	1.2-10	dependency	no	blackarch
python-python-libnmap	0.7.3-5	dependency	no	blackarch
python-python-libpcap	0.5.4-3	dependency	no	blackarch
python-python-magic	0.4.18-7	dependency	yes	foreign
python-python-masscan	1.0.0-6	dependency	no	blackarch
python-python-nmap	0.7.1-1	dependency	no	blackarch
python-python-openflow	1:2021.1-7	dependency	no	blackarch
python-python-pptx	1.0.2-1	dependency	no	blackarch
python-python-pushsafer	1.1-6	dependency	no	blackarch
python-python-registry	1.3.1-10	dependency	no	blackarch
python-python-socks	2.8.1-1	dependency	no	extra
python-python-whois	0.9.6-1	dependency	no	blackarch
python-pythonaes	1.0-8	dependency	no	blackarch
python-pythontoolskit	1.2.6-5	dependency	no	blackarch
python-pythonwhois	2.4.3-11	dependency	no	blackarch
python-pytokens	0.4.1-1	dependency	no	extra
python-pytoml	0.1.21-13	dependency	no	blackarch
python-pytorch	2.14.0-1	dependency	no	extra
python-pytsk3	20250801-2	dependency	no	blackarch
python-pytz	2026.1-1	explicit	no	extra
python-pytzdata	2020.1-12	dependency	no	blackarch
python-pyudev	0.24.4-1	dependency	no	extra
python-pyusb	1.3.1-2	dependency	no	extra
python-pyvex	9.2.221-1	dependency	no	extra
python-pyvirtualdisplay	3.0-7	dependency	no	extra
python-pyvis	0.3.2-4	dependency	no	blackarch
python-pyvit	0.2.1-14	dependency	no	blackarch
python-pywavelets	1.9.0-2	dependency	no	blackarch
python-pywebcopy	7.1-2	dependency	no	blackarch
python-pyxcute	0.8.1-4	dependency	no	blackarch
python-pyxdg	0.28-7	dependency	no	extra
python-pyzmq	27.2.0-1	dependency	no	extra
python-pyzstd	0.19.1-3	dependency	no	extra
python-qdarkstyle	3.2.3-6	dependency	no	extra
python-qrcode	8.2-2	explicit	no	extra
python-qscintilla-qt4-common	1:2.10.4-1	dependency	no	blackarch
python-qt4reactor	1.6-8	dependency	no	blackarch
python-qtpy	2.4.3-7	dependency	no	extra
python-quart	0.23.1-1	dependency	no	extra
python-questionary	2.1.1-2	dependency	no	blackarch
python-queuelib	1.10.0-1	dependency	no	extra
python-r2pipe	6.1.2-1	dependency	no	extra
python-rangeparser	0.1.3-10	dependency	no	blackarch
python-rapidfuzz	3.14.6.p1-1	dependency	no	extra
python-rapidjson	1.25-1	dependency	no	extra
python-rarfile	4.5-1	dependency	no	extra
python-ratelimit	2.2.1-4	dependency	no	blackarch
python-rdap	1.7.0-2	dependency	no	blackarch
python-rdpy	1:1.3.2-22	dependency	no	blackarch
python-readability-lxml	0.9-1	dependency	no	extra
python-readchar	2.0.0-14	dependency	no	blackarch
python-readme-renderer	46.0-1	dependency	no	extra
python-recommonmark	0.7.1-9.2	dependency	no	chaotic-aur
python-redis	8.1.0-1	dependency	no	extra
python-referencing	0.37.0-3	dependency	no	extra
python-regex	2026.9.10-1	dependency	no	extra
python-rel	0.4.9.23-1	dependency	no	blackarch
python-relatime	1.1.0-11	dependency	no	blackarch
python-rencode	1.0.9-1	explicit	no	extra
python-reportlab	5.0.1-1	dependency	no	extra
python-requests	2.34.2-1	explicit	no	extra
python-requests-cache	1.3.3-1	dependency	no	extra
python-requests-file	2.1.0-3	dependency	no	extra
python-requests-futures	1.1.0-1	dependency	no	extra
python-requests-html	462.075ac16-5	dependency	no	blackarch
python-requests-mock	1.12.1-3	dependency	no	extra
python-requests-ntlm	1.3.0-2	dependency	no	extra
python-requests-oauthlib	2.0.0-1	dependency	no	extra
python-requests-toolbelt	1.0.0-6	dependency	no	extra
python-requests-unixsocket	0.4.1-2	dependency	no	extra
python-requestsexceptions	1.4.0-14	dependency	no	extra
python-requirementslib	2.3.0-5	dependency	no	blackarch
python-resolvelib	1.2.1-2	explicit	no	extra
python-responses	0.26.3-1	dependency	no	extra
python-retry	0.9.3-3.1	dependency	no	chaotic-aur
python-retrying	1.4.2-1	dependency	no	extra
python-rfc3339-validator	0.1.4-8	dependency	no	extra
python-rfc3986	2.0.0-6	dependency	no	extra
python-rich	15.0.0-1	dependency	no	extra
python-rich-argparse	1.8.0-1	dependency	no	extra
python-ring	0.10.1-5	dependency	no	blackarch
python-rjsmin	1.2.5-2	dependency	no	extra
python-rlp	4.1.0-2	dependency	no	blackarch
python-roca-detect	1.2.12-8	dependency	no	blackarch
python-roman-numerals-py	4.1.0-1	explicit	no	extra
python-rpds-py	2026.6.3-1	dependency	no	extra
python-rpyc	6.0.1-3	dependency	no	extra
python-rq	2.9.1-1	dependency	no	blackarch
python-rsa	4.9.1-2	dependency	no	extra
python-rtmidi	1.5.8-6	dependency	no	extra
python-ruamel-yaml	0.19.1-1	dependency	no	extra
python-ruamel.yaml.clib	0.2.15-2	dependency	no	extra
python-rule	0.1.1-6	dependency	no	blackarch
python-s3transfer	0.19.2-1	dependency	no	extra
python-sarif-om	1.0.4-9	dependency	no	extra
python-scandir	1.10.0-9	dependency	no	blackarch
python-scapy	2.7.0-2	dependency	no	extra
python-scapy-http	1.8.2-10	dependency	no	blackarch
python-schedule	1.2.2-4	dependency	no	blackarch
python-schema	0.7.8-2	dependency	no	extra
python-scikit-build-core	1.0.3-1	dependency	no	extra
python-scikit-image	0.26.0-2	dependency	no	extra
python-scikit-learn	1.9.1-1	dependency	no	extra
python-scipy	1.18.1-1	dependency	no	extra
python-scp	0.15.0-3	dependency	no	blackarch
python-screenutils	0.0.1.6.2-10	dependency	no	blackarch
python-scruffington	0.3.10-1	dependency	no	blackarch
python-scruffy	1:0.3-12	dependency	no	blackarch
python-search-engine-parser	0.6.8-6	explicit	no	blackarch
python-secretstorage	3.5.0-1	dependency	no	extra
python-sectools	1.5.1-2	dependency	no	blackarch
python-secure	2.0.1-1	dependency	no	blackarch
python-selenium	4.46.0-1	dependency	no	blackarch
python-selenium-wire	5.1.0-6	dependency	no	blackarch
python-semver	3.1.0-1	dependency	no	extra
python-sentinels	1.1.1-2	dependency	no	extra
python-serpentarium	0.6.1-7	dependency	no	blackarch
python-service-identity	26.1.0-1	explicit	no	extra
python-setproctitle	1.3.7-2	explicit	no	extra
python-setuptools	1:84.0.0-1	explicit	no	extra
python-sgmllib3k	1.0.0-8	dependency	no	extra
python-sh	2.4.0-1	dependency	no	extra
python-shellingham	1.5.4-4	dependency	no	extra
python-shiboken	1.2.4-11	dependency	no	blackarch
python-shodan	1.31.0-6	dependency	no	extra
python-shtab	1.12.1-1	dependency	no	extra
python-simhash	1:2.1.2-7	dependency	no	blackarch
python-simple-requests	1.1.1-13	dependency	no	blackarch
python-simple-term-menu	1.6.6-2	dependency	no	blackarch
python-simple-websocket	1.1.0-2	dependency	no	extra
python-simplejson	4.1.1-1	explicit	no	extra
python-simplekv	0.14.1-8	dependency	no	blackarch
python-simuvex	7.7.9.8-10	dependency	no	blackarch
python-sip-pyqt4	4.19.25-4	dependency	no	blackarch
python-six	1.17.0-3	explicit	no	extra
python-slowaes	0.1a1-13	dependency	no	blackarch
python-slowapi	0.1.10-1	dependency	no	blackarch
python-slugify	8.0.4-6	dependency	no	extra
python-smbprotocol	1.17.0-1	dependency	no	extra
python-smmap	1:6.0.0-3	dependency	no	extra
python-smoke-zephyr	2.0.1-6	dependency	no	blackarch
python-sniffio	1.3.1-5	explicit	no	extra
python-snowballstemmer	3.1.1-1	explicit	no	extra
python-socid-extractor	0.1.0-1	dependency	no	blackarch
python-socketio	5.16.1-1	dependency	no	extra
python-socks5line	0.0.4-8	dependency	no	blackarch
python-socksio	1.0.0-8	dependency	no	extra
python-sortedcontainers	2.4.0-8	explicit	no	extra
python-soupsieve	2.10-1	explicit	no	extra
python-spark-parser	1.9.0-1	dependency	no	blackarch
python-speaklater	1.3-15	dependency	no	extra
python-speechrecognition	3.8.1-12	dependency	no	blackarch
python-sphinx	9.1.0-1	explicit	no	extra
python-sphinx-alabaster-theme	1.0.0-6	explicit	no	extra
python-sphinx-autobuild	2024.10.03-5	dependency	no	extra
python-sphinx-notfound-page	1.1.0-2	dependency	no	extra
python-sphinx_rtd_theme	3.1.0-1	dependency	no	extra
python-sphinxcontrib-applehelp	2.0.0-5	explicit	no	extra
python-sphinxcontrib-devhelp	2.0.0-6	explicit	no	extra
python-sphinxcontrib-htmlhelp	2.1.0-5	explicit	no	extra
python-sphinxcontrib-httpdomain	1.8.1-5	dependency	no	blackarch
python-sphinxcontrib-jquery	4.1-5	dependency	no	extra
python-sphinxcontrib-jsmath	1.0.1-21	explicit	no	extra
python-sphinxcontrib-napoleon	0.7-5	dependency	no	blackarch
python-sphinxcontrib-qthelp	2.0.0-5	explicit	no	extra
python-sphinxcontrib-serializinghtml	2.0.0-5	explicit	no	extra
python-sphinxcontrib-websupport	2.0.0-1	dependency	no	blackarch
python-spinners	0.0.24-7	dependency	no	extra
python-splunk-sdk	2.1.1-2	dependency	no	blackarch
python-spoofmac	2.1.1-10	dependency	no	blackarch
python-sqlalchemy	2.0.54-1	explicit	no	extra
python-sqlalchemy-utils	1:0.42.1-1	dependency	no	extra
python-sqlparse	0.6.0-1	dependency	no	extra
python-ssdeep	3.4-10	dependency	no	blackarch
python-ssh-mitm	5.0.1-2	explicit	no	blackarch
python-sshpubkeys	3.3.1-8	dependency	no	blackarch
python-sshtunnel	0.4.0-9	dependency	no	extra
python-stack-data	0.6.3-5	dependency	no	extra
python-standard-cgi	3.13.0-4	dependency	no	extra
python-starlette	1.6.0-1	dependency	no	extra
python-steganography	0.1.1-12	dependency	no	blackarch
python-stegoveritas-pfp	0.2.3-10	dependency	no	blackarch
python-stegoveritas-py010parser	0.1.10-9	dependency	no	blackarch
python-stem	1.8.3-4	dependency	no	extra
python-stevedore	5.7.0-1	dependency	no	extra
python-stix	1.2.0.10-8	dependency	no	blackarch
python-stix-validator	3.0.0-3	dependency	no	blackarch
python-stix2	3.0.2-1	dependency	no	blackarch
python-stix2-patterns	2.1.2-1	dependency	no	blackarch
python-stopit	1.1.2-12	dependency	no	extra
python-stransi	0.3.0-2	dependency	no	blackarch
python-strictyaml	1.7.3-5	dependency	no	extra
python-stringdist	1.0.9-9	dependency	no	blackarch
python-structlog	26.1.0-1	dependency	no	extra
python-suncalc	0.1.3-4	dependency	no	blackarch
python-svglib	2.2.0-1	dependency	no	extra
python-swagger-ui-bundle	1.1.0-2	dependency	no	blackarch
python-sympy	1.14.0-6	dependency	no	extra
python-syslog-rfc5424-formatter	1.2.3-6	dependency	no	blackarch
python-tabulate	0.10.0-1	dependency	no	extra
python-tailer	0.4.1-11	dependency	no	extra
python-taser	0.4.4-4	dependency	no	blackarch
python-telethon	1:1.25.4-8	dependency	no	blackarch
python-tempora	5.8.1-2	dependency	no	extra
python-tenacity	9.2.0-1	dependency	no	extra
python-tensorflow	2.21.0-1	dependency	no	extra
python-tensorflow-probability	0.25.0-2	dependency	no	blackarch
python-termcolor	3.3.0-1	dependency	no	extra
python-terminable-thread	0.7.1-7	dependency	no	blackarch
python-terminaltables	3.1.10-2	dependency	no	blackarch
python-termstyle	0.1.11-14	dependency	no	extra
python-text-unidecode	1.3-13	dependency	no	extra
python-textract	1.6.5-6	dependency	no	blackarch
python-texttable	1.7.0-5	dependency	no	extra
python-tf-keras	2.20.1-2	dependency	no	blackarch
python-tftpy	0.8.2-5	dependency	no	extra
python-threadpoolctl	3.6.0-1	dependency	no	extra
python-thready	0.1.5-2	dependency	no	blackarch
python-thrift	0.22.0-6	dependency	no	extra
python-tifffile	2026.9.15-1	dependency	no	extra
python-time-machine	3.5.1-1	dependency	no	extra
python-timeout-decorator	0.5.0-2.1	dependency	no	chaotic-aur
python-timezonefinder	6.6.3-3	dependency	no	blackarch
python-tinycss2	1.5.1-2	explicit	no	extra
python-tinydb	4.8.2-2	dependency	no	blackarch
python-tld	0.13.2-1	dependency	no	extra
python-tldextract	5.3.2-1	dependency	no	extra
python-tls-parser	2.0.2-3	dependency	no	blackarch
python-tlslite-ng	1:0.8.2-3	dependency	no	blackarch
python-tokenize-rt	6.2.0-2	dependency	no	extra
python-tokenizers	0.23.1-1	dependency	no	blackarch
python-toml	0.10.2-13	dependency	no	extra
python-tomli	2.4.1-1	dependency	no	extra
python-tomli-w	1.2.0-2	dependency	no	extra
python-tomlkit	0.15.1-1	dependency	no	extra
python-toolz	1.1.0-2	dependency	no	extra
python-torf	4.3.1-2	dependency	no	blackarch
python-tornado	6.5.10-1	dependency	no	extra
python-torrequest	0.1.0-8	dependency	no	blackarch
python-tox	4.33.0-1	dependency	no	extra
python-tqdm	4.70.1-1	explicit	no	extra
python-trackerjacker	2.0.5-4	explicit	no	blackarch
python-traitlets	5.16.1-1	dependency	no	extra
python-trans	2.1.0-7	dependency	no	blackarch
python-transaction	5.1-2	dependency	no	extra
python-translate	3.8.0-2	dependency	no	blackarch
python-treelib	1.7.1-2	dependency	no	extra
python-trio	0.34.0-1	explicit	no	extra
python-trio-websocket	0.12.2-4	explicit	no	extra
python-trove-classifiers	2026.9.21.13-1	dependency	no	extra
python-tweepy	4.16.0-1	dependency	no	extra
python-twisted	26.4.0-1	explicit	no	extra
python-txaio	26.6.1-1	dependency	no	extra
python-typeguard	4.6.0-1	dependency	no	extra
python-typer	0.27.2-1	dependency	no	extra
python-types-python-dateutil	2.9.0.20260807-1	dependency	no	extra
python-typing	3.10.0.0-7	dependency	no	blackarch
python-typing-inspection	0.4.4-1	dependency	no	extra
python-typing_extensions	4.16.0-1	explicit	no	extra
python-tzlocal	1:5.4.4-1	dependency	no	extra
python-ubi-reader	0.8.16.r0.g4f0c952-1	dependency	no	blackarch
python-ujson	6.0.0-1	dependency	no	extra
python-ulid-py	1.1.0-8	dependency	no	blackarch
python-unblob-native	v0.1.6.r1.gd209cdb-3	dependency	no	blackarch
python-uncompyle6	3.9.3-1	explicit	no	blackarch
python-unfurl	1:2021.06.15-6	dependency	no	blackarch
python-unicodecsv	0.14.1-9	dependency	no	blackarch
python-unicorn	2.1.4-2	dependency	no	extra
python-unicrypto	0.0.12-2	dependency	no	blackarch
python-unidecode	1.4.0-3	explicit	no	extra
python-unique-log-filter	0.1.0-3	dependency	no	blackarch
python-updog	2.0.1-1	dependency	no	blackarch
python-uritemplate	4.2.0-2	dependency	no	extra
python-url-normalize	3.0.1-1	dependency	no	extra
python-urllib3	2.7.0-1	explicit	no	extra
python-urlnorm	1.1.4-8	dependency	no	blackarch
python-urwid	4.1.7-1	dependency	no	extra
python-user-agent	0.1.14-2	dependency	no	blackarch
python-userpath	1.9.2-4	dependency	no	extra
python-utils	4.0.1-1	dependency	no	extra
python-uvloop	0.22.1-2	dependency	no	extra
python-validate-email	1.3-14	dependency	no	extra
python-validator-collection	1.5.0-8	dependency	no	blackarch
python-validators	0.35.0-1	dependency	no	extra
python-values	2020.12.3-7	dependency	no	blackarch
python-vcrpy	8.3.0-1	dependency	no	extra
python-verboselogs	1.7-8	dependency	no	blackarch
python-veryprettytable	0.8.1-10	dependency	no	blackarch
python-viewstate	v0.7.0.r0.g0bb00b3-2	dependency	no	blackarch
python-vine	5.1.0-7	dependency	no	blackarch
python-virtualenv	21.10.0-1	dependency	no	extra
python-virustotal-api	1.1.11-8	dependency	no	blackarch
python-vistir	0.8.0-6	dependency	no	extra
python-viv-utils	0.8.1-2	dependency	no	blackarch
python-vulners	3.1.11-1	dependency	no	blackarch
python-w3af-api-client	1:3.0.1-8	dependency	no	blackarch
python-w3lib	2.4.1-1	dependency	no	extra
python-waitress	3.0.2-2	dependency	no	extra
python-wapiti-arsenic	28.5-2	explicit	no	blackarch
python-wapiti-swagger	0.1.9-3	dependency	no	blackarch
python-wasm	1.2-6	dependency	no	blackarch
python-watchfiles	1.2.0-1	dependency	no	extra
python-wayback	0.4.5-4	dependency	no	blackarch
python-wcwidth	0.9.1-1	dependency	no	extra
python-weakrefmethod	1.0.3-8	dependency	no	blackarch
python-webargs	8.7.1-1	dependency	no	blackarch
python-webdriver-manager	4.1.2-1	dependency	no	blackarch
python-webencodings	0.5.1-13	explicit	no	extra
python-websocket-client	1.9.2-1	explicit	no	extra
python-websockets	16.1.1-1	dependency	no	extra
python-werkzeug	3.1.8-1	dependency	no	extra
python-wget	3.2-11	dependency	no	blackarch
python-wheel	0.48.0-1	explicit	no	extra
python-whichcraft	0.6.1-9	dependency	no	blackarch
python-whitenoise	6.12.0-1	dependency	no	extra
python-whoosh	2.7.4-14	dependency	no	extra
python-wikipedia	1.4.0-14	dependency	no	extra
python-win_inet_pton	1.1.0-9	dependency	no	blackarch
python-winacl	0.1.9-4	dependency	no	blackarch
python-wincertstore	0.2.1-8	dependency	no	blackarch
python-winsspi	0.0.11-6	dependency	no	blackarch
python-wireless	0.3.3-10	dependency	no	blackarch
python-wirerope	1.0.0-2	dependency	no	blackarch
python-witnessme	1:1.5.0-9	explicit	no	blackarch
python-wrapt	2.4.1-1	dependency	no	extra
python-wsaccel	0.6.7-1	dependency	no	extra
python-wsnet	0.1.7.r3.gcc626f6-1	dependency	no	blackarch
python-wsproto	1.3.2-1	explicit	no	extra
python-wtforms	3.2.2-1	dependency	no	extra
python-wxpython	1:4.2.5-1	explicit	no	extra
python-xapp	3.0.3-1	explicit	no	extra
python-xdis	6.3.0-1	dependency	no	blackarch
python-xhtml2pdf	0.2.17-1	dependency	no	blackarch
python-xlib	0.33-7	dependency	no	extra
python-xlrd	2.0.2-2	dependency	no	extra
python-xlsxwriter	3.2.9-2	dependency	no	extra
python-xlwt	1.3.0-12	dependency	no	extra
python-xmind	1.2.0-7	dependency	no	blackarch
python-xmlsec	1.3.17-3	dependency	no	extra
python-xmltodict	1.0.4-1	dependency	no	extra
python-xmp-toolkit	2.0.1-9	dependency	no	blackarch
python-xpath-expressions	1.0.2-8	dependency	no	blackarch
python-xtermcolor	1.3-11	dependency	no	blackarch
python-yagooglesearch	1.10.0-4	dependency	no	blackarch
python-yaml	6.0.3-2	dependency	no	extra
python-yara-python-dex	1.0.9.r0.g84ad7d2-3	explicit	no	blackarch
python-yarl	1.23.0-1	dependency	no	extra
python-yaswfp	0.9.3-11	dependency	no	blackarch
python-yattag	1.16.1-1.1	dependency	no	chaotic-aur
python-z3-solver	4.16.0-1	dependency	no	extra
python-zc.lockfile	4.0-2	dependency	no	extra
python-zconfig	4.3-2	dependency	no	blackarch
python-zdaemon	5.2.1-2	dependency	no	blackarch
python-zebracorn	0.0.1-6	dependency	no	blackarch
python-zeo	6.1-1	dependency	no	blackarch
python-zeroconf	0.149.16-1	explicit	no	extra
python-zipp	3.21.0-4	explicit	no	extra
python-zodb	6.2-1	dependency	no	blackarch
python-zodbpickle	4.4-1	dependency	no	extra
python-zodburi	3.0.0-2	dependency	no	blackarch
python-zope-deferredimport	6.1.1-1	dependency	no	extra
python-zope-event	6.2-1	dependency	no	extra
python-zope-interface	8.6-1	explicit	no	extra
python-zope-proxy	7.3-1	dependency	no	extra
python-zstandard	0.25.0-3	explicit	no	extra
python2	2.7.18-8	dependency	no	blackarch
python2-ailment	9.1.12332-1	dependency	no	blackarch
python2-alembic	1.4.2-2	dependency	no	blackarch
python2-alexa-top-sites	5.98d6109-10	dependency	no	blackarch
python2-amqp	2.5.2-2	dependency	no	blackarch
python2-ana	0.06-5	dependency	no	blackarch
python2-anyjson	0.3.3-12	dependency	no	blackarch
python2-apache-log-parser	1.7.0-10	dependency	no	blackarch
python2-api-dnsdumpster	1:v0.10.r0.g0f8ba2b-1	dependency	no	blackarch
python2-apipkg	1.5-9	dependency	no	blackarch
python2-appdirs	1.4.4-6	dependency	no	blackarch
python2-apsw	3.33.0-4	dependency	no	blackarch
python2-archinfo	7.8.9.26-1	dependency	no	blackarch
python2-argcomplete	1.10.0-4	dependency	no	blackarch
python2-argparse	1.4.0-6	dependency	no	blackarch
python2-arrow	0.15.4-1	dependency	no	blackarch
python2-ascii_graph	1.5.2-2	dependency	no	blackarch
python2-asn1crypto	1.4.0-4	dependency	no	blackarch
python2-atomicwrites	1.4.0-7	dependency	no	blackarch
python2-attrs	21.2.0-4	dependency	no	blackarch
python2-autobahn	19.11.1-3	dependency	no	blackarch
python2-automat	20.2.0-6	dependency	no	blackarch
python2-awake	1.0-11	dependency	no	blackarch
python2-babel	2.8.1-1	dependency	no	blackarch
python2-backoff	2.2.1-5	dependency	no	blackarch
python2-backports	1.0-4	dependency	no	blackarch
python2-backports-abc	0.5-4	dependency	no	blackarch
python2-backports-os	0.1.1-3	dependency	no	blackarch
python2-backports.entry-points-selectable	66.d4b54f4-1	dependency	no	blackarch
python2-backports.functools_lru_cache	1.6.4-4	dependency	no	blackarch
python2-backports.shutil_get_terminal_size	1.0.0-6	dependency	no	blackarch
python2-bcrypt	3.1.7-5	dependency	no	blackarch
python2-beaker	1.11.0-4	dependency	no	blackarch
python2-beautifulsoup3	3.2.1-6	dependency	no	blackarch
python2-beautifulsoup4	4.9.3-4	dependency	no	blackarch
python2-billiard	3.6.1.0-2	dependency	no	blackarch
python2-binaryornot	0.4.4-9	dependency	no	blackarch
python2-bintrees	2.2.0-2	dependency	no	blackarch
python2-biplist	1.0.3-9	dependency	no	blackarch
python2-bitstring	3.1.9-2	dependency	no	blackarch
python2-blessings	1.7-5	dependency	no	blackarch
python2-blinker	1.4-7	dependency	no	blackarch
python2-bluepy	1.3.0-3	dependency	no	blackarch
python2-boto	2.49.0.20190327-2	dependency	no	blackarch
python2-boto3	1.10.19-2	dependency	no	blackarch
python2-botocore	1.13.19-2	dependency	no	blackarch
python2-bottle	0.12.19-3	dependency	no	blackarch
python2-cachecontrol	0.12.6-6	dependency	no	blackarch
python2-cachetools	3.1.1-4	dependency	no	blackarch
python2-cairo	1.18.2-6	dependency	no	blackarch
python2-capstone	4.0.1-4	dependency	no	blackarch
python2-celery	4.3.0-4	dependency	no	blackarch
python2-cement	1:2.10.12-12	dependency	no	blackarch
python2-censys	1:2.1.9-5	dependency	no	blackarch
python2-cerberus	1.3.2-1	dependency	no	blackarch
python2-certifi	2019.9.11-1	dependency	no	blackarch
python2-cffi	1.14.6-3	dependency	no	blackarch
python2-cfscrape	1:2.1.1-7	dependency	no	blackarch
python2-chardet	4.0.0-3	dependency	no	blackarch
python2-cjson	1.2.1-3	dependency	no	blackarch
python2-clamd	1.0.2-11	dependency	no	blackarch
python2-claripy	7.8.9.26-1	dependency	no	blackarch
python2-cle	7.8.9.26-1	dependency	no	blackarch
python2-clearbit	0.1.7-12	dependency	no	blackarch
python2-click	7.1.2-4	dependency	no	blackarch
python2-click-plugins	1.1.1-5	dependency	no	blackarch
python2-cliff	2.18.0-2	dependency	no	blackarch
python2-clint	0.5.1-9	dependency	no	blackarch
python2-cluster	1.4.1.post3-6	dependency	no	blackarch
python2-cmd2	0.8.9-2	dependency	no	blackarch
python2-coding	0.3-4	dependency	no	blackarch
python2-colorama	0.4.4-4	dependency	no	blackarch
python2-colorclass	2.2.0-5	dependency	no	blackarch
python2-colored	1.4.3-6	dependency	no	blackarch
python2-coloredlogs	15.0.1-6	dependency	no	blackarch
python2-colorizer	0.1.7-12	dependency	no	blackarch
python2-colorlog	1:4.1.0-1	dependency	no	blackarch
python2-commonmark	0.9.1-1	dependency	no	blackarch
python2-configobj	5.0.6-7	dependency	no	blackarch
python2-configparser	4.0.2-4	dependency	no	blackarch
python2-constantly	15.1.0-9	dependency	no	blackarch
python2-contextlib2	0.6.0.post1-6	dependency	no	blackarch
python2-cookiecutter	1.7.3-2	dependency	no	blackarch
python2-cooldict	1.04-5	dependency	no	blackarch
python2-couchdb	1.2-4	dependency	no	blackarch
python2-coverage	5.5-3	dependency	no	blackarch
python2-coveralls	2.1.2-9	dependency	no	blackarch
python2-crcmod	1.7-9	dependency	no	blackarch
python2-crochet	1.12.0-3	dependency	no	blackarch
python2-cryptography	3.3.2-3	dependency	no	blackarch
python2-cssselect	1.1.0-7	dependency	no	blackarch
python2-cycler	0.10.0-6	dependency	no	blackarch
python2-cymon	0.1-10	dependency	no	blackarch
python2-cymruwhois	1.6-11	explicit	no	blackarch
python2-daemon	2.2.4-5	dependency	no	blackarch
python2-darts.util.lru	7.5ef01b1-5	dependency	no	blackarch
python2-dateparser	1.1.0-2	dependency	no	blackarch
python2-dateutil	2.8.2-2	dependency	no	blackarch
python2-dbus	1.2.18-1	dependency	no	blackarch
python2-decorator	4.4.2-4	dependency	no	blackarch
python2-defusedxml	0.7.1-2	dependency	no	blackarch
python2-demjson	2.2.4-12	dependency	no	blackarch
python2-deprecated	1.2.7-2	dependency	no	blackarch
python2-dicttoxml	1.7.16-4	dependency	no	blackarch
python2-distlib	0.3.3-2	dependency	no	blackarch
python2-distorm	3.5.2-1	dependency	no	blackarch
python2-distro	1.6.0-2	dependency	no	blackarch
python2-distutils-extra	2.39-6	dependency	no	blackarch
python2-django	1.11.27-2	dependency	no	blackarch
python2-django-nose	1.4.7-7	dependency	no	blackarch
python2-dnsknife	0.12-8	dependency	no	blackarch
python2-dnslib	0.9.10-1	dependency	no	blackarch
python2-dnspython	1.16.0-4	dependency	no	blackarch
python2-docopt	0.6.2-6	dependency	no	blackarch
python2-docutils	0.17.1-2	dependency	no	blackarch
python2-docx2txt	0.9-2	dependency	no	blackarch
python2-dpkt	1.9.8-4	dependency	no	blackarch
python2-easygui	0.98.1-3	dependency	no	blackarch
python2-ecdsa	0.18.0-1	dependency	no	blackarch
python2-editor	1.0.4-4	dependency	no	blackarch
python2-editorconfig	0.12.2-5	dependency	no	blackarch
python2-egghatch	0.2.3-1	dependency	no	blackarch
python2-elasticsearch	7.6.0-2	dependency	no	blackarch
python2-elfesteem	0.2.1-10	dependency	no	blackarch
python2-elixir	0.7.1-18	dependency	no	blackarch
python2-emailprotectionslib	0.8.3-10	dependency	no	blackarch
python2-entrypoints	0.3-5	dependency	no	blackarch
python2-enum34	1.1.10-1	dependency	no	blackarch
python2-esmre	0.3.1-5	dependency	no	blackarch
python2-eventlet	0.25.1-4	dependency	no	blackarch
python2-exrex	151.c3882c7-2	dependency	no	blackarch
python2-exscript	1802.a48030c-1	dependency	no	blackarch
python2-facepy	1.0.12-7	dependency	no	blackarch
python2-fake-useragent	0.1.11-9	dependency	no	blackarch
python2-feedparser	5.2.1-10	dependency	no	blackarch
python2-filebytes	0.10.0-1	dependency	no	blackarch
python2-filelock	3.0.12-6	dependency	no	blackarch
python2-filemagic	1.6-14	dependency	no	blackarch
python2-flake8	1:3.8.4-3	dependency	no	blackarch
python2-flake8-per-file-ignores	0.8.1-9	dependency	no	blackarch
python2-flask	1.1.2-2	dependency	no	blackarch
python2-flask-babel	0.12.2-4	dependency	no	blackarch
python2-flask-bcrypt	1.0.1-5	dependency	no	blackarch
python2-flask-cors	3.0.10-2	dependency	no	blackarch
python2-flask-login	0.4.1-4	dependency	no	blackarch
python2-flask-mail	0.9.1-3	dependency	no	blackarch
python2-flask-openid	1.2.5-3	dependency	no	blackarch
python2-flask-pymongo	2.3.0-11	dependency	no	blackarch
python2-flask-restless	1:0.17.0-12	dependency	no	blackarch
python2-flask-socketio	4.2.1-2	dependency	no	blackarch
python2-flask-sqlalchemy	2.4.1-1	dependency	no	blackarch
python2-flask-whooshalchemy-redux	0.7.1-10	dependency	no	blackarch
python2-flask-wtf	0.14.2-3	dependency	no	blackarch
python2-flipflop	1.0-12	dependency	no	blackarch
python2-frida	15.2.2-4	dependency	no	blackarch
python2-frida-tools	11.0.0-4	explicit	no	blackarch
python2-fs	2.4.11-1	dependency	no	blackarch
python2-funcsigs	1.0.2-4	dependency	no	blackarch
python2-functools32	3.2.3_2-3	dependency	no	blackarch
python2-fuse	1.0.0-2	dependency	no	blackarch
python2-future	0.18.2-3	dependency	no	blackarch
python2-futures	3.3.0-3	dependency	no	blackarch
python2-fuzzyfinder	2.1.0-7	dependency	no	blackarch
python2-fuzzywuzzy	1:0.18.0-1	dependency	no	blackarch
python2-gdata	2.0.18-3	dependency	no	blackarch
python2-gdshortener	1.0.1-7	dependency	no	blackarch
python2-gensim	3.8.3-2	dependency	no	blackarch
python2-geoip	1:1.3.2-1	dependency	no	blackarch
python2-geotext	0.4.0-7	dependency	no	blackarch
python2-gevent	21.1.2-4	dependency	no	blackarch
python2-gitdb	2.0.5-3	dependency	no	blackarch
python2-gitpython	3.0.5-2	dependency	no	blackarch
python2-gmpy	1.17-2	dependency	no	blackarch
python2-gnuplot	1.8-9	dependency	no	blackarch
python2-gobject	1:3.34.0-1	dependency	no	blackarch
python2-gobject2	2.28.7-7	dependency	no	blackarch
python2-google	3.0.0-9	dependency	no	blackarch
python2-google-api-python-client	1.7.11-4	dependency	no	blackarch
python2-google-auth	1.7.1-2	dependency	no	blackarch
python2-google-auth-httplib2	0.0.3-5	dependency	no	blackarch
python2-google-streetview	1.2.9-10	explicit	no	blackarch
python2-gps	3.19-8	dependency	no	blackarch
python2-gramfuzz	1.4.2-7	dependency	no	blackarch
python2-graphillion	1.11-1	dependency	no	blackarch
python2-graphviz	0.16-1	dependency	no	blackarch
python2-greenlet	1.0.0-3	dependency	no	blackarch
python2-grequests	0.4.0-3	dependency	no	blackarch
python2-guess-language	0.2-12	dependency	no	blackarch
python2-helpers	0.2.0-3	dependency	no	blackarch
python2-hexdump	3.3-4	dependency	no	blackarch
python2-hgapi	1.7.4-10	dependency	no	blackarch
python2-hpfeeds	414.34bf4d4-5	explicit	no	blackarch
python2-html2text	2019.8.11-6	dependency	no	blackarch
python2-html5lib	1.1-9	dependency	no	blackarch
python2-httmock	1.4.0-7	dependency	no	blackarch
python2-http-parser	0.9.0-2	dependency	no	blackarch
python2-httplib2	0.18.1-2	dependency	no	blackarch
python2-httpreplay	0.2.6-9	dependency	no	blackarch
python2-httpretty	0.9.7-3	dependency	no	blackarch
python2-humanfriendly	10.0-5	dependency	no	blackarch
python2-hurry-filesize	0.9-9	dependency	no	blackarch
python2-hyperlink	21.0.0-5	dependency	no	blackarch
python2-iampoliciesgonewild	1.0.6.2-10	dependency	no	blackarch
python2-idalink	0.12-11	dependency	no	blackarch
python2-idna	2.10-5	dependency	no	blackarch
python2-imagesize	1.2.0-2	dependency	no	blackarch
python2-impacket	0.9.21-1	dependency	no	blackarch
python2-importlib-metadata	2.1.1-4	dependency	no	blackarch
python2-importlib_resources	1.0.2-4	dependency	no	blackarch
python2-incremental	21.3.0-3	dependency	no	blackarch
python2-iniconfig	1.1.1-5	dependency	no	blackarch
python2-iniparse	0.5-7	dependency	no	blackarch
python2-ipaddr	2.2.0-10	dependency	no	blackarch
python2-ipaddress	1.0.23-3	dependency	no	blackarch
python2-ipcalc	1:1.99.0-11	dependency	no	blackarch
python2-ipwhois	1.2.0-7	dependency	no	blackarch
python2-ipy	1.00-5	dependency	no	blackarch
python2-ipython-genutils	0.2.0-1	dependency	no	blackarch
python2-isc_dhcp_leases	0.10.0-4	dependency	no	blackarch
python2-ishell	0.1.8-7	dependency	no	blackarch
python2-itsdangerous	1.1.0-4	dependency	no	blackarch
python2-ivre	0.9.16.dev26-1	explicit	no	blackarch
python2-j2cli	0.3.10-8	dependency	no	blackarch
python2-javalang	0.13.0-7	dependency	no	blackarch
python2-jinja	2.11.3-1	dependency	no	blackarch
python2-jinja-time	0.2.0-8	dependency	no	blackarch
python2-jmespath	0.9.4-4	dependency	no	blackarch
python2-jsbeautifier	1.13.4-1	dependency	no	blackarch
python2-json2html	1.3.0-8	dependency	no	blackarch
python2-jsonrpclib-pelix	0.4.0-4	dependency	no	blackarch
python2-keyboard	0.13.5-7	dependency	no	blackarch
python2-keystone	0.9.1-5	dependency	no	blackarch
python2-kiwisolver	1.1.0-4	dependency	no	blackarch
python2-kombu	4.6.6-1	dependency	no	blackarch
python2-kwconfig	1.1.7-9	dependency	no	blackarch
python2-ldap	3.2.0-5	dependency	no	blackarch
python2-ldap3	2.7-2	dependency	no	blackarch
python2-ldapdomaindump	0.9.4-5	explicit	no	blackarch
python2-levenshtein	0.12.0-8	dependency	no	blackarch
python2-libmagic	1.0-8	dependency	no	blackarch
python2-linecache2	1.0.0-4	dependency	no	blackarch
python2-lockfile	0.12.2-9	dependency	no	blackarch
python2-logbook	1.5.3-2	dependency	no	blackarch
python2-logutils	0.3.5-9	dependency	no	blackarch
python2-lxml	4.6.2-2	dependency	no	blackarch
python2-m2crypto	0.38.0-1	dependency	no	blackarch
python2-m2r	0.2.1-7	dependency	no	blackarch
python2-magic	5.37-2	dependency	no	blackarch
python2-mako	1.1.2-2	dependency	no	blackarch
python2-markdown	3.1.1-6	dependency	no	blackarch
python2-markupsafe	1.1.1-7	dependency	no	blackarch
python2-matplotlib	2.2.4-3	dependency	no	blackarch
python2-mcafee-epo	1.1.0-7	dependency	no	blackarch
python2-mccabe	0.6.1-7	dependency	no	blackarch
python2-mechanize	1:0.4.5-2	dependency	no	blackarch
python2-mimeparse	1.6.0-6	dependency	no	blackarch
python2-mimerender	0.6.0-5	dependency	no	blackarch
python2-minidump	19.749e6da-2	explicit	no	blackarch
python2-minikerberos	17.e7e8d0a-2	explicit	no	blackarch
python2-mistune	0.8.4-6	dependency	no	blackarch
python2-mock	3.0.5-9	dependency	no	blackarch
python2-monotonic	1.5-7	dependency	no	blackarch
python2-more-itertools	5.0.0-3	dependency	no	blackarch
python2-mr.bob	0.1.2-7	dependency	no	blackarch
python2-msgpack	0.6.2-5	dependency	no	blackarch
python2-msoffcrypto-tool	1:5.0.0-4	dependency	no	blackarch
python2-mss	9.0.1-2	dependency	no	blackarch
python2-mulpyplexer	0.09-3	dependency	no	blackarch
python2-multipartposthandler	0.1.0-11	dependency	no	blackarch
python2-mutagen	1.43.0-4	dependency	no	blackarch
python2-ndg-httpsclient	0.5.1-8	dependency	no	blackarch
python2-neobolt	1.7.17-7	dependency	no	blackarch
python2-neotime	1.7.4-8	dependency	no	blackarch
python2-netaddr	0.7.19-5	dependency	no	blackarch
python2-netfilterqueue	0.8.1-2	dependency	no	blackarch
python2-netifaces	0.10.9-4	dependency	no	blackarch
python2-networkx	2.2-3	dependency	no	blackarch
python2-nfqueue	0.4-6	dependency	no	blackarch
python2-nltk	3.4.5-3	dependency	no	blackarch
python2-nose	1.3.7-13	dependency	no	blackarch
python2-ntlm	1.1.0-4	dependency	no	blackarch
python2-ntlm-auth	1.4.0-1	dependency	no	blackarch
python2-ntplib	0.4.0-6	dependency	no	blackarch
python2-numpy	1.16.6-3	dependency	no	blackarch
python2-nyawc	1.8.2-13	dependency	no	blackarch
python2-oauthlib	3.1.0-4	dependency	no	blackarch
python2-olefile	0.46-4	dependency	no	blackarch
python2-oletools	1:0.60.2-3	dependency	no	blackarch
python2-openid	2.2.5-6	dependency	no	blackarch
python2-opinel	3.3.4-12	dependency	no	blackarch
python2-ordereddict	1.1-10	dependency	no	blackarch
python2-orionsdk	0.5.0-1	dependency	no	blackarch
python2-otxv2	1:1.5.12-6	dependency	no	blackarch
python2-packaging	20.9-7	dependency	no	blackarch
python2-pager	3.3-11	dependency	no	blackarch
python2-paramiko	2.12.0-1	dependency	no	blackarch
python2-parsley	1.3-11	dependency	no	blackarch
python2-passlib	1.7.1-3	dependency	no	blackarch
python2-pathlib	1.0.1-6	dependency	no	blackarch
python2-pathlib2	2.3.7.post1-5	dependency	no	blackarch
python2-pathmatch	0.2.2-7	dependency	no	blackarch
python2-pbkdf2	1.3-5	dependency	no	blackarch
python2-pbkdf2_ctypes	0.99.5-11	dependency	no	blackarch
python2-pbr	5.8.0-2	dependency	no	blackarch
python2-pcapfile	0.12.0-11	dependency	no	blackarch
python2-pcapy	0.11.5-3	dependency	no	blackarch
python2-pcodedmp	1.2.6-9	explicit	no	blackarch
python2-pdb	0.1-2	dependency	no	blackarch
python2-pdfminer	20140328-4	dependency	no	blackarch
python2-pdfrw	0.4-7	dependency	no	blackarch
python2-peepdf	0.4.2-11	explicit	no	blackarch
python2-pefile	2019.4.18-5	dependency	no	blackarch
python2-pep517	0.11.0-4	dependency	no	blackarch
python2-pexpect	4.8.0-4	dependency	no	blackarch
python2-phply	1.2.5-11	dependency	no	blackarch
python2-pickleshare	0.7.5-6	dependency	no	blackarch
python2-pillow6	6.2.2-4	dependency	no	blackarch
python2-pip	20.3.4-4	dependency	no	blackarch
python2-platformdirs	2.0.2-2	dependency	no	blackarch
python2-pluggy	0.13.1-9	dependency	no	blackarch
python2-pluginbase	1.0.1-6	dependency	no	blackarch
python2-plumbum	1.8.0-1	dependency	no	blackarch
python2-ply	3.11-8	dependency	no	blackarch
python2-poppler	0.12.1-11	dependency	no	blackarch
python2-poster	0.8.1-5	dependency	no	blackarch
python2-poyo	0.5.0-8	dependency	no	blackarch
python2-praw	6.4.0-1	dependency	no	blackarch
python2-prawcore	1.0.1-3	dependency	no	blackarch
python2-prettytable	0.7.2-13	dependency	no	blackarch
python2-progress	1.6-1	dependency	no	blackarch
python2-progressbar	3.43.1-1	dependency	no	blackarch
python2-prompt_toolkit	2.0.10-4	dependency	no	blackarch
python2-prompt_toolkit1	1.0.15-3	dependency	no	blackarch
python2-protobuf	3.17.3-1	dependency	no	blackarch
python2-psutil	5.9.0-2	dependency	no	blackarch
python2-psycopg2	2.8.6-4	dependency	no	blackarch
python2-ptrace	0.9.4-2	dependency	no	blackarch
python2-ptyprocess	0.7.0-2	dependency	no	blackarch
python2-publicsuffix	1.1.1-7	dependency	no	blackarch
python2-pushbullet.py	0.11.0-1	dependency	no	blackarch
python2-puttykeys	1.0.3-9	dependency	no	blackarch
python2-py	1.11.0-1	dependency	no	blackarch
python2-py-radix	0.10.0-8	dependency	no	blackarch
python2-py-zabbix	1.1.7-7	dependency	no	blackarch
python2-py2neo	1:2021.1.5-1	dependency	no	blackarch
python2-py3270	1:0.3.4-1	dependency	no	blackarch
python2-pyaes	1.6.1-4	dependency	no	blackarch
python2-pyaml	20.4.0-2	dependency	no	blackarch
python2-pyasn1	0.4.8-5	dependency	no	blackarch
python2-pyasn1-modules	0.2.8-4	dependency	no	blackarch
python2-pyblake2	1.1.2-4	dependency	no	blackarch
python2-pybloomfiltermmap	0.3.15-3	dependency	no	blackarch
python2-pybluez	0.22-7	dependency	no	blackarch
python2-pyclamd	0.4.0-10	dependency	no	blackarch
python2-pycodestyle	2.7.0-2	dependency	no	blackarch
python2-pycparser	2.21-1	dependency	no	blackarch
python2-pycryptodome	3.15.0-2	dependency	no	blackarch
python2-pycryptodomex	3.9.9-2	dependency	no	blackarch
python2-pycurl	1:7.45.1-2	dependency	no	blackarch
python2-pydeep	0.4-9	dependency	no	blackarch
python2-pydes	2.0.1-11	dependency	no	blackarch
python2-pydivert	2.1.0-10	dependency	no	blackarch
python2-pydnet	1.0-11	dependency	no	blackarch
python2-pydot	1.4.1-3	dependency	no	blackarch
python2-pydotplus	2.0.2-11	dependency	no	blackarch
python2-pyelftools	0.25-2	dependency	no	blackarch
python2-pyexifinfo	0.4.0-12	dependency	no	blackarch
python2-pyfiglet	0.8.post1-1	dependency	no	blackarch
python2-pyflakes	2.3.0-1	dependency	no	blackarch
python2-pyftpdlib	1.5.5-2	dependency	no	blackarch
python2-pygeoip	0.3.2-6	dependency	no	blackarch
python2-pygithub	1.44.1-2	dependency	no	blackarch
python2-pygments	2.5.2-3	dependency	no	blackarch
python2-pygoogle-simple	0.2.3-11	dependency	no	blackarch
python2-pygraphviz	1:1.5-10	dependency	no	blackarch
python2-pygtail	0.14.0-5	dependency	no	blackarch
python2-pyhamcrest	1.9.0-8	dependency	no	blackarch
python2-pyinotify	0.9.6-7	dependency	no	blackarch
python2-pyip	0.7-7	dependency	no	blackarch
python2-pyjwt	1.7.1-4	dependency	no	blackarch
python2-pylibemu	1.0-3	dependency	no	blackarch
python2-pyliblzma	0.5.3-2	dependency	no	blackarch
python2-pylibpcap	0.6.4-4	dependency	no	blackarch
python2-pylzma	0.5.0-11	dependency	no	blackarch
python2-pymiproxy	1.0-8	dependency	no	blackarch
python2-pymongo	3.10.1-2	dependency	no	blackarch
python2-pymysql	0.9.3-3	dependency	no	blackarch
python2-pynacl	1.3.0-4	dependency	no	blackarch
python2-pynids	0.6.1-3	dependency	no	blackarch
python2-pyodbc	4.0.30-1	dependency	no	blackarch
python2-pyopenssl	21.0.0-4	dependency	no	blackarch
python2-pyparsing	2.4.7-6	dependency	no	blackarch
python2-pypcap	1:1.2.3-2	dependency	no	blackarch
python2-pypdf2	1:1.28.6-1	dependency	no	blackarch
python2-pyperclip	1.7.0-5	dependency	no	blackarch
python2-pyprind	2.11.3-6	dependency	no	blackarch
python2-pypykatz	0.3.9-1	dependency	no	blackarch
python2-pyqt4	4.12.3-13	dependency	no	blackarch
python2-pyqt5	5.15.4-3	dependency	no	blackarch
python2-pyric	184.bc0dce3-8	dependency	no	blackarch
python2-pyroute2	0.5.7-3	dependency	no	blackarch
python2-pyrtlsdr	1:0.3.0-4	dependency	no	blackarch
python2-pysctp	0.7.3-1	dependency	no	blackarch
python2-pysendfile	2.0.1-3	dependency	no	blackarch
python2-pyserial	3.5-1	dependency	no	blackarch
python2-pysha3	1.0.2-7	dependency	no	blackarch
python2-pyshark	1:0.3.8-1	dependency	no	blackarch
python2-pyside	1.2.4-13	dependency	no	blackarch
python2-pysmb	1.2.13-1	dependency	no	blackarch
python2-pysmbc	1.0.16-1	dependency	no	blackarch
python2-pysnmp	4.4.12-1	dependency	no	blackarch
python2-pysocks	1.7.1-5	dependency	no	blackarch
python2-pysqlite	2.8.3-4	dependency	no	blackarch
python2-pyswf	1.5.4-17	dependency	no	blackarch
python2-pytest	4.6.11-2	dependency	no	blackarch
python2-pytest-cov	2.12.1-3	dependency	no	blackarch
python2-pytest-mock	2.0.0-6	dependency	no	blackarch
python2-pytest-twisted	1.12-4	dependency	no	blackarch
python2-python-docx	0.8.11-6	dependency	no	blackarch
python2-python-engineio	3.10.0-2	dependency	no	blackarch
python2-python-evt	0.1-12	dependency	no	blackarch
python2-python-geoip	1.2-10	dependency	no	blackarch
python2-python-geoip-geolite2	2015.0303-9	dependency	no	blackarch
python2-python-i18n	0.3.9-7	dependency	no	blackarch
python2-python-libnmap	0.7.3-1	dependency	no	blackarch
python2-python-magic	0.4.18-7	dependency	yes	foreign
python2-python-nmap	0.6.4-6	dependency	no	blackarch
python2-python-ntlm3	1.0.2-10	dependency	no	blackarch
python2-python-pytun	2.4.1-6	dependency	no	blackarch
python2-python-socketio	4.3.1-1	dependency	no	blackarch
python2-python-wappalyzer	0.2.2-4	dependency	no	blackarch
python2-python-whois	0.8.0-5	dependency	no	blackarch
python2-pythonaes	1.0-8	dependency	no	blackarch
python2-pythonwhois	2.4.3-11	dependency	no	blackarch
python2-pytoml	0.1.21-6	dependency	no	blackarch
python2-pytorctl	2013.10.16.4.gc8fcb25-4	dependency	no	blackarch
python2-pyttsx	1.1-11	dependency	no	blackarch
python2-pytz	2021.3-2	dependency	no	blackarch
python2-pyusb	1.0.2-3	dependency	no	blackarch
python2-pyuv	1.4.0-4	dependency	no	blackarch
python2-pyvex	7.8.9.26-2	dependency	no	blackarch
python2-pywhois	0.1-11	dependency	no	blackarch
python2-pyx	0.15-1	dependency	no	blackarch
python2-pyxml	0.8.4-6	dependency	no	blackarch
python2-pyzmq	19.0.2-2	dependency	no	blackarch
python2-qscintilla-qt4	1:2.10.4-1	dependency	no	blackarch
python2-qt4reactor	1.6-8	dependency	no	blackarch
python2-rdpy	1:1.3.2-22	dependency	no	blackarch
python2-re2	0.2.24-1	dependency	no	blackarch
python2-recommonmark	0.6.0-1	dependency	no	blackarch
python2-redis	3.5.1-1	dependency	no	blackarch
python2-regex	2020.7.14-2	dependency	no	blackarch
python2-reportlab	3.5.32-4	dependency	no	blackarch
python2-requests	2.26.0-2	dependency	no	blackarch
python2-requests-file	1.4.3-6	dependency	no	blackarch
python2-requests-ntlm	1.1.0-3	dependency	no	blackarch
python2-requests-oauthlib	1.3.0-2	dependency	no	blackarch
python2-requests-toolbelt	0.9.1-4	dependency	no	blackarch
python2-resolvelib	0.5.5-2	dependency	no	blackarch
python2-retrying	1.3.3-10	dependency	no	blackarch
python2-rfc5424-logging-handler	1.4.3-8	dependency	no	blackarch
python2-ropgadget	5.9-1	explicit	no	blackarch
python2-ropper	1.13.3-1	dependency	no	blackarch
python2-rpi-gpio	0.7.1-5	dependency	no	blackarch
python2-rpyc	4.1.5-2	dependency	no	blackarch
python2-rsa	4.0-4	dependency	no	blackarch
python2-s3transfer	0.2.1-2	dependency	no	blackarch
python2-safedexml	0.5.1-6	dependency	no	blackarch
python2-safeurl	0.0.7-13	dependency	no	blackarch
python2-scandir	1.10.0-4	dependency	no	blackarch
python2-scapy	2.4.3-3	dependency	no	blackarch
python2-scapy-http	1.8.2-10	dependency	no	blackarch
python2-scipy	1.2.3-2	dependency	no	blackarch
python2-scp	0.15.0-3	dependency	no	blackarch
python2-scrypt	0.8.13-1	dependency	no	blackarch
python2-secretstorage	1:3.1.1-3	dependency	no	blackarch
python2-selenium	3.141.0-2	dependency	no	blackarch
python2-service-identity	18.1.0-7	dependency	no	blackarch
python2-setuptools	2:44.1.1-2	dependency	no	blackarch
python2-sfalearn	0.0.10-10	dependency	no	blackarch
python2-sflock	0.3.10-7	dependency	yes	foreign
python2-sha3	0.2.1-6	dependency	no	blackarch
python2-shiboken	1.2.4-11	dependency	no	blackarch
python2-shodan	1.28.0-1	dependency	no	blackarch
python2-simplegeneric	0.8.1-1	dependency	no	blackarch
python2-simplejson	3.17.2-4	dependency	no	blackarch
python2-simplekml	1:1.3.6-6	dependency	no	blackarch
python2-simuvex	7.7.9.8-10	dependency	no	blackarch
python2-singledispatch	3.4.0.3-5	dependency	no	blackarch
python2-singlefile	0.0.1a0-4	dependency	no	blackarch
python2-sip	4.19.24-2	dependency	no	blackarch
python2-sip-pyqt4	4.19.25-4	dependency	no	blackarch
python2-sip-pyqt5	4.19.24-2	dependency	no	blackarch
python2-six	1.16.0-5	dependency	no	blackarch
python2-slowaes	0.1a1-13	dependency	no	blackarch
python2-smart-open	7.1.0-1	dependency	no	blackarch
python2-smartencoding	0.3-10	dependency	no	blackarch
python2-smmap	2.0.5-4	dependency	no	blackarch
python2-smspdu	1.0-2	dependency	no	blackarch
python2-snowballstemmer	2.0.0-4	dependency	no	blackarch
python2-sortedcontainers	2.1.0-3	dependency	no	blackarch
python2-soupsieve	1.9.6-3	dependency	no	blackarch
python2-speaklater	1.3-7	dependency	no	blackarch
python2-speechrecognition	3.8.1-12	dependency	no	blackarch
python2-sphinx	1.8.5-6	dependency	no	blackarch
python2-sphinx-alabaster-theme	0.7.12-4	dependency	no	blackarch
python2-sphinx_rtd_theme	0.4.3-4	dependency	no	blackarch
python2-sphinxcontrib-websupport	1.2.4-7	dependency	no	blackarch
python2-sqlalchemy	1.3.24-1	dependency	no	blackarch
python2-sqlalchemy-utils	0.35.0-1	dependency	no	blackarch
python2-ssdeep	3.4-10	dependency	no	blackarch
python2-sshtunnel	0.1.5-1	dependency	no	blackarch
python2-stem	1:1.7.1-1	dependency	no	blackarch
python2-stevedore	1.31.0-4	dependency	no	blackarch
python2-stopit	1.1.2-3	dependency	no	blackarch
python2-streql	3.0.2-7	dependency	no	blackarch
python2-stringcase	1.2.0-9	dependency	no	blackarch
python2-subprocess32	3.5.4-1	dependency	no	blackarch
python2-symath	0.1.25-13	dependency	no	blackarch
python2-symautomata	0.0.12-7	dependency	no	blackarch
python2-tabulate	0.8.5-1	dependency	no	blackarch
python2-tblib	1.5.0-1	dependency	no	blackarch
python2-telepot	12.7-10	dependency	no	blackarch
python2-telnetsrv	0.4-11	dependency	no	blackarch
python2-termcolor	1.1.0-7	dependency	no	blackarch
python2-terminaltables	3.1.0-8	dependency	no	blackarch
python2-textblob	0.17.1-4	dependency	no	blackarch
python2-texttable	1.6.2-1	dependency	no	blackarch
python2-threatcrowd	0.4-10	dependency	no	blackarch
python2-tinyec	15.d187fdb-10	dependency	no	blackarch
python2-tld	0.12.6-2	dependency	no	blackarch
python2-tldextract	2.2.2-1	dependency	no	blackarch
python2-tlslite-ng	1:0.8.2-3	dependency	no	blackarch
python2-toml	0.10.2-8	dependency	no	blackarch
python2-tornado	5.1.1-4	dependency	no	blackarch
python2-tox	3.24.4-2	dependency	no	blackarch
python2-tqdm	4.38.0-1	dependency	no	blackarch
python2-tracer	0.3.2-12	dependency	no	blackarch
python2-traitlets	4.3.3-7	dependency	no	blackarch
python2-trollius	2.2.1-1	dependency	no	blackarch
python2-tweepy	3.8.0-2	dependency	no	blackarch
python2-twistedx	20.3.0-13	dependency	no	blackarch
python2-txaio	18.8.1-2	dependency	no	blackarch
python2-txsocksx	1.15.0.2-3	dependency	no	blackarch
python2-typing	3.10.0.0-2	dependency	no	blackarch
python2-tzlocal	2.0.0-4	dependency	no	blackarch
python2-ua-parser	0.10.0-2	dependency	no	blackarch
python2-unicodecsv	0.14.1-5	dependency	no	blackarch
python2-unicorn	1.0.1-7	dependency	no	blackarch
python2-unidecode	1.1.1-4	dependency	no	blackarch
python2-unirest	1.1.7-13	dependency	no	blackarch
python2-unqlite	1.0.0-1	dependency	no	blackarch
python2-update-checker	0.16-3	dependency	no	blackarch
python2-uritemplate	3.0.1-4	dependency	no	blackarch
python2-urllib3	1.26.11-1	dependency	no	blackarch
python2-urwid	2.1.0-2	dependency	no	blackarch
python2-user-agents	2.2.0-7	dependency	no	blackarch
python2-utidylib	0.6-1	explicit	no	blackarch
python2-utils	2.3.0-5	dependency	no	blackarch
python2-validate-email	1.3-5	dependency	no	blackarch
python2-validators	0.20.0-2	dependency	no	blackarch
python2-validictory	1.1.2-5	dependency	no	blackarch
python2-vine	1.3.0-2	dependency	no	blackarch
python2-virtualenv	20.13.0-2	dependency	no	blackarch
python2-virustotal-api	1.1.11-8	dependency	no	blackarch
python2-vulndb	0.1.3-3	dependency	no	blackarch
python2-wakeonlan	3.0.0-3	dependency	no	blackarch
python2-wcwidth	0.2.5-6	dependency	no	blackarch
python2-webencodings	0.5.1-7	dependency	no	blackarch
python2-websocket-client	0.56.0-4	dependency	no	blackarch
python2-werkzeug	1:0.16.0-1	dependency	no	blackarch
python2-wget	3.2-11	dependency	no	blackarch
python2-wheel	0.37.0-5	dependency	no	blackarch
python2-whichcraft	0.6.1-9	dependency	no	blackarch
python2-whoosh	2.7.4-6	dependency	no	blackarch
python2-wikipedia	1.4.0-6	dependency	no	blackarch
python2-win_inet_pton	1.1.0-9	dependency	no	blackarch
python2-wol	0.2-1	dependency	no	blackarch
python2-wrapt	1.12.1-2	dependency	no	blackarch
python2-wsaccel	0.6.2-7	dependency	no	blackarch
python2-wsgiref	0.1.2-2	dependency	no	blackarch
python2-wtforms	2.2.1-5	dependency	no	blackarch
python2-wxpython3	3.0.2.0-13	dependency	no	blackarch
python2-xattr	0.9.7-2	dependency	no	blackarch
python2-xdot	1.6-2	dependency	no	blackarch
python2-xgoogle	20.3db20fb-11	dependency	no	blackarch
python2-xlrd	1.2.0-3	dependency	no	blackarch
python2-xlsx2csv	0.7.8-2	dependency	no	blackarch
python2-xlsxwriter	1.2.6-1	dependency	no	blackarch
python2-xmltodict	0.12.0-5	dependency	no	blackarch
python2-xvfbwrapper	0.2.9-2	dependency	no	blackarch
python2-yaml	5.4.1.1-2	dependency	no	blackarch
python2-yara	4.0.5-4	dependency	no	blackarch
python2-yaraprocessor	1.1.0-11	dependency	no	blackarch
python2-yattag	1.16.1-2	dependency	no	blackarch
python2-z3	4.8.5-1	dependency	no	blackarch
python2-zipp	1:1.1.1-3	dependency	no	blackarch
python2-zope-event	4.5.0-4	dependency	no	blackarch
python2-zope-interface	5.4.0-2	dependency	no	blackarch
pythonect	0.6.0-2	dependency	no	blackarch
qark	301.ba1b265-4	explicit	no	blackarch
qbdi	v0.12.1.r12.g3318580-1	explicit	no	blackarch
qbittorrent	5.2.3-3	explicit	no	extra
qca-qt5	2.3.12-1	dependency	no	extra
qca-qt6	2.3.12-1	dependency	no	extra
qcoro	0.13.0-2	dependency	no	extra
qemu-audio-alsa	11.1.1-4	explicit	no	extra
qemu-audio-dbus	11.1.1-4	explicit	no	extra
qemu-audio-jack	11.1.1-4	explicit	no	extra
qemu-audio-oss	11.1.1-4	explicit	no	extra
qemu-audio-pa	11.1.1-4	explicit	no	extra
qemu-audio-pipewire	11.1.1-4	explicit	no	extra
qemu-audio-sdl	11.1.1-4	explicit	no	extra
qemu-audio-spice	11.1.1-4	explicit	no	extra
qemu-base	11.1.1-4	explicit	no	extra
qemu-block-curl	11.1.1-4	explicit	no	extra
qemu-block-dmg	11.1.1-4	explicit	no	extra
qemu-block-iscsi	11.1.1-4	dependency	no	extra
qemu-block-nfs	11.1.1-4	explicit	no	extra
qemu-block-ssh	11.1.1-4	explicit	no	extra
qemu-chardev-baum	11.1.1-4	dependency	no	extra
qemu-chardev-spice	11.1.1-4	explicit	no	extra
qemu-common	11.1.1-4	explicit	no	extra
qemu-desktop	11.1.1-4	explicit	no	extra
qemu-docs	11.1.1-4	dependency	no	extra
qemu-emulators-full	11.1.1-4	dependency	no	extra
qemu-hw-display-qxl	11.1.1-4	explicit	no	extra
qemu-hw-display-virtio-gpu	11.1.1-4	explicit	no	extra
qemu-hw-display-virtio-gpu-gl	11.1.1-4	explicit	no	extra
qemu-hw-display-virtio-gpu-pci	11.1.1-4	explicit	no	extra
qemu-hw-display-virtio-gpu-pci-gl	11.1.1-4	explicit	no	extra
qemu-hw-display-virtio-gpu-pci-rutabaga	11.1.1-4	explicit	no	extra
qemu-hw-display-virtio-gpu-rutabaga	11.1.1-4	explicit	no	extra
qemu-hw-display-virtio-vga	11.1.1-4	explicit	no	extra
qemu-hw-display-virtio-vga-gl	11.1.1-4	explicit	no	extra
qemu-hw-display-virtio-vga-rutabaga	11.1.1-4	explicit	no	extra
qemu-hw-s390x-virtio-gpu-ccw	11.1.1-4	dependency	no	extra
qemu-hw-uefi-vars	11.1.1-4	explicit	no	extra
qemu-hw-usb-host	11.1.1-4	explicit	no	extra
qemu-hw-usb-redirect	11.1.1-4	explicit	no	extra
qemu-hw-usb-smartcard	11.1.1-4	explicit	no	extra
qemu-img	11.1.1-4	explicit	no	extra
qemu-pr-helper	11.1.1-4	dependency	no	extra
qemu-system-aarch64	11.1.1-4	dependency	no	extra
qemu-system-alpha	11.1.1-4	dependency	no	extra
qemu-system-alpha-firmware	11.1.1-4	dependency	no	extra
qemu-system-arm	11.1.1-4	dependency	no	extra
qemu-system-arm-firmware	11.1.1-4	dependency	no	extra
qemu-system-avr	11.1.1-4	dependency	no	extra
qemu-system-hexagon	11.1.1-4	dependency	no	extra
qemu-system-hppa	11.1.1-4	dependency	no	extra
qemu-system-hppa-firmware	11.1.1-4	dependency	no	extra
qemu-system-loongarch64	11.1.1-4	dependency	no	extra
qemu-system-m68k	11.1.1-4	dependency	no	extra
qemu-system-microblaze	11.1.1-4	dependency	no	extra
qemu-system-microblaze-firmware	11.1.1-4	dependency	no	extra
qemu-system-mips	11.1.1-4	dependency	no	extra
qemu-system-or1k	11.1.1-4	dependency	no	extra
qemu-system-ppc	11.1.1-4	dependency	no	extra
qemu-system-ppc-firmware	11.1.1-4	dependency	no	extra
qemu-system-riscv	11.1.1-4	dependency	no	extra
qemu-system-riscv-firmware	11.1.1-4	dependency	no	extra
qemu-system-rx	11.1.1-4	dependency	no	extra
qemu-system-s390x	11.1.1-4	dependency	no	extra
qemu-system-s390x-firmware	11.1.1-4	dependency	no	extra
qemu-system-sh4	11.1.1-4	dependency	no	extra
qemu-system-sparc	11.1.1-4	dependency	no	extra
qemu-system-sparc-firmware	11.1.1-4	dependency	no	extra
qemu-system-tricore	11.1.1-4	dependency	no	extra
qemu-system-x86	11.1.1-4	explicit	no	extra
qemu-system-x86-firmware	11.1.1-4	explicit	no	extra
qemu-system-xtensa	11.1.1-4	dependency	no	extra
qemu-tests	11.1.1-4	dependency	no	extra
qemu-tools	11.1.1-4	dependency	no	extra
qemu-ui-curses	11.1.1-4	explicit	no	extra
qemu-ui-dbus	11.1.1-4	explicit	no	extra
qemu-ui-egl-headless	11.1.1-4	explicit	no	extra
qemu-ui-gtk	11.1.1-4	explicit	no	extra
qemu-ui-opengl	11.1.1-4	explicit	no	extra
qemu-ui-sdl	11.1.1-4	explicit	no	extra
qemu-ui-spice-app	11.1.1-4	explicit	no	extra
qemu-ui-spice-core	11.1.1-4	explicit	no	extra
qemu-user	11.1.1-4	dependency	no	extra
qemu-user-static	11.1.1-4	explicit	no	extra
qemu-user-static-binfmt	11.1.1-4	explicit	no	extra
qemu-vhost-user-gpu	11.1.1-4	explicit	no	extra
qemu-vmsr-helper	11.1.1-4	dependency	no	extra
qflipper	1.3.3-4	dependency	no	extra
qgpgme	2.2.0-1	explicit	no	extra
qhttpengine	1.0.1-6	explicit	yes	foreign
qhull	2020.2-6	explicit	no	extra
qmdnsengine	0.2.1-1	explicit	yes	foreign
qmdnsengine-debug	0.2.1-1	explicit	yes	foreign
qpdf	12.4.1-1	dependency	no	extra
qqc2-breeze-style	6.7.5-1	dependency	no	extra
qqc2-desktop-style	6.30.0-1	dependency	no	extra
qradiolink	0.9.2.2.r0.g6a6966f-1	explicit	no	blackarch
qrcodegencpp-cmake	1.8.0-4	explicit	no	extra
qrencode	4.1.1-4	dependency	no	extra
qrgen	37.82a015b-3	explicit	no	blackarch
qrljacker	222.defd5e3-2	explicit	no	blackarch
qscintilla-qt3	1.7.1-2	dependency	no	blackarch
qscintilla-qt4	1:2.10.4-1	dependency	no	blackarch
qsreplace	3.0b053d2-1	explicit	no	blackarch
qt-sudo	2.4.1-1	dependency	no	chaotic-aur
qt3	3.3.8b-1	dependency	no	blackarch
qt4	4.8.7-31	dependency	no	blackarch
qt5-base	5.15.19+kde+r96-1	dependency	no	extra
qt5-charts	5.15.18-3	dependency	no	blackarch
qt5-declarative	5.15.19+kde+r23-1	dependency	no	extra
qt5-location	5.15.18+kde+r7-3	dependency	no	blackarch
qt5-multimedia	5.15.19+kde+r2-1	explicit	no	extra
qt5-script	5.15.19-4	explicit	no	extra
qt5-sensors	5.15.18-1	dependency	no	blackarch
qt5-serialbus	5.15.15-1	dependency	no	blackarch
qt5-serialport	5.15.19-1	explicit	no	extra
qt5-svg	5.15.19+kde+r5-1	dependency	no	extra
qt5-tools	5.15.19+kde+r3-1	explicit	no	extra
qt5-translations	5.15.19-1	dependency	no	extra
qt5-wayland	5.15.19+kde+r55-1	dependency	no	extra
qt5-webchannel	5.15.18+kde+r3-3	dependency	no	blackarch
qt5-webengine	5.15.19-7	dependency	no	blackarch
qt5-webkit	5.212.0alpha4-23	dependency	no	blackarch
qt5-websockets	5.15.18+kde+r2-3	dependency	no	blackarch
qt5-x11extras	5.15.19-1	dependency	no	extra
qt5-xmlpatterns	5.15.19-1	dependency	no	extra
qt6-5compat	6.11.2-1	dependency	no	extra
qt6-base	6.11.2-3	dependency	no	extra
qt6-charts	6.11.2-1	explicit	no	extra
qt6-connectivity	6.11.2-1	dependency	no	extra
qt6-declarative	6.11.2-2	dependency	no	extra
qt6-imageformats	6.11.2-1	explicit	no	extra
qt6-location	6.11.2-1	dependency	no	extra
qt6-multimedia	6.11.2-1	dependency	no	extra
qt6-multimedia-ffmpeg	6.11.2-1	dependency	no	extra
qt6-networkauth	6.11.2-1	explicit	no	extra
qt6-positioning	6.11.2-1	dependency	no	extra
qt6-quick3d	6.11.2-1	explicit	no	extra
qt6-quicktimeline	6.11.2-1	dependency	no	extra
qt6-scxml	6.11.2-1	explicit	no	extra
qt6-sensors	6.11.2-1	dependency	no	extra
qt6-serialport	6.11.2-1	explicit	no	extra
qt6-shadertools	6.11.2-1	dependency	no	extra
qt6-speech	6.11.2-1	dependency	no	extra
qt6-svg	6.11.2-1	dependency	no	extra
qt6-tools	6.11.2-1	dependency	no	extra
qt6-translations	6.11.2-1	dependency	no	extra
qt6-virtualkeyboard	6.11.2-1	dependency	no	extra
qt6-wayland	6.11.2-1	explicit	no	extra
qt6-webchannel	6.11.2-1	dependency	no	extra
qt6-webengine	6.11.2-1	dependency	no	extra
qt6-websockets	6.11.2-1	dependency	no	extra
qt6-webview	6.11.2-1	explicit	no	extra
qtcreator	20.0.2-1	explicit	no	extra
qtermwidget	2.4.0-1	dependency	no	extra
qtkeychain-qt6	0.17.0-1	explicit	no	extra
qtwebkit	2.3.4-8	dependency	no	blackarch
quark-engine	21.6.2-12	explicit	no	blackarch
quazip-qt5	1.5-1	explicit	yes	foreign
quazip-qt6	1.7.2-1	explicit	no	extra
quickrecon	0.3.2-8	explicit	no	blackarch
quicksand-lite	33.c3edf92-1	explicit	no	blackarch
quickscope	1:553.6d8551b-1	explicit	no	blackarch
quota-tools	1:4.11-1	explicit	no	extra
qutebrowser	3.7.0-1	explicit	no	extra
qwt	6.3.0-2	dependency	no	extra
qwt-common	6.3.0-2	dependency	no	extra
qwt-qt5	6.3.0-2	dependency	no	extra
r2ghidra	6.2.0-1	dependency	no	extra
rabbitmq	4.3.1-1	dependency	no	extra
rabid	1:v0.3.0.r31.g92c1f85-1	explicit	no	blackarch
raccoon	190.44024ab-2	explicit	no	blackarch
radamsa	0.7-3	dependency	no	extra
radare2	6.2.0-1	dependency	no	extra
radare2-keystone	937.188d102-1	explicit	no	blackarch
radare2-unicorn	922.7a6e373-1	explicit	no	blackarch
radiography	2-2	explicit	no	blackarch
radvd	2.21-1	explicit	no	extra
ragel	7.0.4-1	explicit	no	extra
rainbowcrack	1.8-1	explicit	no	blackarch
ranger-scanner	149.3aae5dd-12	explicit	no	blackarch
rapidscan	221.296a20b-5	explicit	no	blackarch
raptor	2.0.16-9	dependency	no	extra
rarcrack	0.2-8	dependency	no	extra
rasenum	1.0-3	explicit	no	blackarch
rasqal	1:0.9.33-9	explicit	no	extra
rate-mirrors	0.31.0-1	explicit	no	extra
rathole	0.5.0-1	dependency	yes	foreign
ratproxy	1.58-6	explicit	no	blackarch
rats	6.4ba54ce-1	explicit	no	blackarch
rav1e	0.8.1-3	dependency	no	extra
raven	1:33.8646a58-1	explicit	no	blackarch
rawr	74.544dd75-7	explicit	no	blackarch
rawsec-cli	1.2.0.r7.gf7a08c6-10	explicit	no	blackarch
rbac-lookup	v0.10.3.r0.g46385c5-1	explicit	no	blackarch
rbasefind	41.a661118-1	explicit	no	blackarch
rbkb	v0.7.3.r3.g4645025-1	explicit	no	blackarch
rbndr	9.a189ffd-1	explicit	no	blackarch
rcracki-mt	0.7.0-7	explicit	no	blackarch
rcrdcarver	5.54507d21-1	explicit	no	blackarch
rdesktop	1.9.0-4	dependency	no	extra
rdesktop-brute	1.5.0-2	explicit	no	blackarch
rdma-core	65.0-1	explicit	no	extra
rdp-cipher-checker	0.1-2	explicit	no	blackarch
rdp-sec-check	11.d0cc143-5	explicit	no	blackarch
rdpassspray	33.c1ba58e-7	explicit	no	blackarch
rdwatool	1.2.r15.g75e6267-1	explicit	no	blackarch
re2	2:2025.11.05-6	dependency	no	extra
readline	8.3.6-1	dependency	no	core
realtime-privileges	5-1	dependency	no	extra
reaver	1.6.6-2	dependency	no	extra
rebind	0.3.4-7	explicit	no	blackarch
recaf	4.0.0.alpha.r529.g0b3d424-1	explicit	no	blackarch
recentfilecache-parser	2.5e22518-4	explicit	no	blackarch
recode	3.7.16-1	dependency	no	extra
recomposer	2.90f85ed-3	explicit	no	blackarch
recon-ng	2:v5.1.2.r7.gc08acee-2	dependency	no	blackarch
reconnoitre	1:1.r338.gf62afba-1	explicit	no	blackarch
reconscan	61.afbcfc0-6	explicit	no	blackarch
recoverdm	0.20-1	explicit	no	blackarch
recoverjpeg	2.6.3-6	explicit	no	blackarch
recsech	123.1fc298a-1	explicit	no	blackarch
recstudio	4.1_20150924-1	explicit	yes	foreign
recuperabit	98.90930dc-1	explicit	no	blackarch
red-hawk	36.fa54e23-1	explicit	no	blackarch
redasm	1667.5ab6be9-1	explicit	no	blackarch
redeye	0.9.4-1	explicit	no	blackarch
redfang	2.5-6	explicit	no	blackarch
redirectpoison	1.1-4	explicit	no	blackarch
redis	8.0.1-2	dependency	no	blackarch
redland	1:1.0.17-10	explicit	no	extra
redpoint	123.23ef36b-2	explicit	no	blackarch
redress	v1.2.2.r0.gfe38d96-1	explicit	no	blackarch
redsocks	211.19b822e-2	explicit	no	blackarch
reelphish	5.dc1be33-3	explicit	no	blackarch
reflector	2023-5	explicit	no	extra
regeorg	30.1ca54c2-4	explicit	no	blackarch
regipy	2.2.2-7	explicit	no	blackarch
reglookup	1:1.0.1+svn296.2.r0.gcab83db-2	explicit	no	blackarch
regreport	1.6-1	explicit	no	blackarch
regripper	119.ec96dd4-1	explicit	no	blackarch
regrippy	2.0.0-7	explicit	no	blackarch
regview	1.3-2	explicit	no	blackarch
rej	0.7-1	explicit	no	blackarch
rekall	1:1.7.2rc1.r68.g55d1925-2	explicit	no	blackarch
relay-scanner	1.7-9	explicit	no	blackarch
remmina	1:1.4.43-3	explicit	no	extra
remot3d	38.a707ef7-1	explicit	no	blackarch
remote-method-guesser	v5.1.0.r11.g3398ec6-1	explicit	no	blackarch
replayproxy	1.1-6	explicit	no	blackarch
reptor	0.7-6	explicit	no	blackarch
resourcehacker	5.1.8-1	explicit	no	blackarch
responder	4:v3.2.2.0.r8.g424fbe5-1	dependency	no	blackarch
restler-fuzzer	8:419.1f1d59c-1	explicit	no	blackarch
resvg	0.48.1-1	explicit	no	extra
retdec	2161.04df6def-3	explicit	no	blackarch
retire	5.4.3.r20.g71713f8-1	explicit	no	blackarch
reverseip	13.42cc9c3-11	explicit	no	blackarch
revipd	5.2aaacfb-4	explicit	no	blackarch
revsh	215.174e309-1	explicit	no	blackarch
rex	726.617ed4d-1	explicit	no	blackarch
rext	63.5f0f626-12	explicit	no	blackarch
rfcat	1:v3.0.0.r3.gcf7a4f9-1	dependency	no	blackarch
rfcrack	128.db73830-2	explicit	no	blackarch
rfdump	1.6-6	dependency	no	extra
rfidiot	107.88f2ef9-3	explicit	no	blackarch
rfidtool	0.2-1	explicit	no	blackarch
rhash	1.4.6-1	dependency	no	extra
rhodiola	4.8bc08a0-4	explicit	no	blackarch
richsploit	3.6b15e0f-1	explicit	no	blackarch
ridenum	75.9e3b89b-9	explicit	no	blackarch
ridrelay	34.f2fa99c-6	explicit	no	blackarch
rifiuti2	1:0.8.2-1	explicit	no	blackarch
rinetd	0.62-5	explicit	no	blackarch
ripdc	0.4-1	explicit	no	blackarch
ripgrep	15.2.0-1	dependency	no	extra
ripgrep-all	0.10.10-3	dependency	no	extra
ristretto	0.14.0-1	explicit	no	extra
rita	4:v5.1.2.r5.g1317d70-1	explicit	no	blackarch
riwifshell	38.40075d5-2	explicit	no	blackarch
rizin	0.8.2-2	dependency	no	extra
rkhunter	1.4.6-4	dependency	no	extra
rlogin-scanner	0.2-2	explicit	no	blackarch
rlwrap	0.48-1	dependency	no	extra
rmiscout	1.4-1	explicit	no	blackarch
rnnoise	1:0.2-1	explicit	no	extra
roadlib	507.f72a752-1	explicit	no	blackarch
roadoidc	507.f72a752-1	explicit	no	blackarch
roadrecon	507.f72a752-1	explicit	no	blackarch
roadtx	507.f72a752-1	explicit	no	blackarch
robin-map	1.4.1-1	dependency	no	extra
rofi	2.0.0-1	dependency	no	extra
rogue-mysql-server	2.78ebbfc-3	explicit	no	blackarch
roguehostapd	1:1.0.r45.g381b373-1	explicit	no	blackarch
rombuster	223.4592b7a-5	explicit	no	blackarch
rookie	v0.5.6.r2.g60ba7ae-1	explicit	no	blackarch
rootbrute	1:0.1-8	explicit	no	blackarch
ropeadope	1.1-5	explicit	no	blackarch
ropeme	4.9b3a8fd-4	explicit	no	blackarch
ropgadget	7.7-1	dependency	no	extra
ropper	1.13.13-2	dependency	no	extra
roputils	195.ae7ed20-4	explicit	no	blackarch
rosegarden	26.06-1	explicit	no	extra
routerhunter	21.4da257c-1	explicit	no	blackarch
routersploit	3.4.7-4	dependency	no	extra
rp	138.3a54a7c-1	explicit	no	blackarch
rp-pppoe	4.0-6	dependency	no	extra
rpak	1.0-1	explicit	no	blackarch
rpcbind	1.3.1-3	dependency	no	core
rpcsniffer	7.9fab095-5	explicit	no	blackarch
rpcsvc-proto	1.4.4-2	dependency	no	extra
rpctools	1.0-4	explicit	no	blackarch
rpdscan	2.a71b0f3-4	explicit	no	blackarch
rpivot	5.4963487-3	explicit	no	blackarch
rpm-sequoia	1.10.3-1	dependency	no	extra
rpm-tools	6.0.1-2	dependency	no	extra
rr	6869.556551e4-1	explicit	no	blackarch
rrs	100:1.70-4	explicit	no	blackarch
rsactftool	2:605.4475e1d-1	explicit	no	blackarch
rsakeyfind	1.0-4	explicit	no	blackarch
rsatool	34.b34862a-1	explicit	no	blackarch
rshack	64.cf197e3-10	explicit	no	blackarch
rsmangler	1.4-7	explicit	no	blackarch
rspet	263.de4356e-3	explicit	no	blackarch
rsync	3.5.1-1	explicit	no	extra
rtfm	95.a807a80-6	explicit	no	blackarch
rtkit	0.14-1	dependency	no	extra
rtl-433	2:25.12+375.r4073.20260913.b17df15d-1	explicit	no	blackarch
rtl-sdr	1:2.0.3-1	dependency	no	extra
rtl-wmbus	1:1.1.0.r0.g34684e6-1	explicit	no	blackarch
rtl8814au-dkms-git	5.8.5.1.r207.g1840d7b-1	explicit	no	blackarch
rtlamr	197.03369d1-4	explicit	no	blackarch
rtlizer	1:2.1.r1.g5614163-1	explicit	no	blackarch
rtlsdr-scanner	1:v1.3.2.r1.g3c032de-1	explicit	no	blackarch
rtmpdump	1:2.6-2	dependency	no	extra
rtp-flood	1.0-3	explicit	no	blackarch
rtpbreak	1:1.3a-3	explicit	no	blackarch
rubberband	4.0.0-2	dependency	no	extra
rubilyn	0.0.1-5	explicit	no	blackarch
ruby	3.4.10-1	explicit	no	extra
ruby-addressable	2.9.0-1	dependency	no	extra
ruby-atk	4.3.5-1	dependency	no	blackarch
ruby-augeas	0.6.0-3	explicit	no	extra
ruby-base64	0.3.0-1	explicit	no	extra
ruby-bundler	4.0.3-1	dependency	no	extra
ruby-cairo	1.18.4-3	dependency	no	blackarch
ruby-cairo-gobject	4.3.5-1	dependency	no	blackarch
ruby-colorize	1.0.4-5	dependency	no	extra
ruby-concurrent	1.3.8-1	explicit	no	extra
ruby-connection_pool	2.4.1-5	dependency	no	extra
ruby-csv	3.3.5-1	dependency	no	extra
ruby-deep_merge	1.2.2-5	explicit	no	extra
ruby-docopt	0.6.1-11	dependency	no	blackarch
ruby-domain_name	0.6.20240107-5	dependency	no	extra
ruby-erb	4.0.4.1-1	explicit	no	extra
ruby-eventmachine	1.2.7-10	dependency	no	extra
ruby-fast_gettext	3.1.0-3	explicit	no	extra
ruby-ffi	1.17.4-1	explicit	no	extra
ruby-foreman	0.90.0-1	dependency	no	blackarch
ruby-gdk_pixbuf2	4.3.5-1	dependency	no	blackarch
ruby-getoptlong	0.2.1-1	explicit	no	extra
ruby-gio2	4.3.5-1	dependency	no	blackarch
ruby-glib2	4.3.5-1	dependency	no	blackarch
ruby-gobject-introspection	4.3.5-1	dependency	no	blackarch
ruby-gtk2	3.4.3-4	dependency	no	blackarch
ruby-hocon	1.4.0-8	explicit	no	extra
ruby-http-cookie	1.0.8-1	dependency	no	extra
ruby-httparty	0.24.2-2	dependency	no	blackarch
ruby-iostruct	0.7.0-1	dependency	no	blackarch
ruby-locale	2.1.5-1	explicit	no	extra
ruby-mail	2.9.1-1	dependency	no	extra
ruby-matrix	0.4.3-1	dependency	no	extra
ruby-mechanize	2.14.0-2	dependency	no	blackarch
ruby-mime-types	3.7.0-1	dependency	no	extra
ruby-mime-types-data	3.2026.0701-1	dependency	no	extra
ruby-mini_mime	1.1.5-3	dependency	no	extra
ruby-mini_portile2	2.8.9-1	dependency	no	extra
ruby-msgpack	1.8.5-1	dependency	no	extra
ruby-multi_json	1.19.1-1	explicit	no	extra
ruby-multi_xml	0.9.1-1	dependency	no	blackarch
ruby-native-package-installer	1.1.9-3	dependency	no	blackarch
ruby-net-http-digest_auth	1.4.1-15	dependency	no	blackarch
ruby-net-http-persistent	4.0.8-1	dependency	no	extra
ruby-net-imap	0.5.15-1	dependency	no	extra
ruby-net-pop	0.1.2-5	dependency	no	extra
ruby-net-smtp	0.5.1-1	dependency	no	extra
ruby-nokogiri	1.19.4-1	dependency	no	extra
ruby-ntlm-http	0.1.1-20	dependency	no	blackarch
ruby-os	1.1.4-1	dependency	no	blackarch
ruby-paint	2.3.0-6	dependency	no	extra
ruby-pango	4.3.5-1	dependency	no	blackarch
ruby-pcaprub	0.13.3-5	dependency	no	extra
ruby-pkg-config	1.6.5-1	dependency	no	extra
ruby-prime	0.1.4-1	dependency	no	extra
ruby-public_suffix	7.0.5-1	dependency	no	extra
ruby-puppet-resource_api	1.9.1-1	explicit	no	extra
ruby-racc	1.8.1-2	explicit	no	extra
ruby-rainbow	3.1.1-5	dependency	no	extra
ruby-rake	13.4.2-1	dependency	no	extra
ruby-rdoc	6.14.0-1	dependency	no	extra
ruby-red-colors	0.4.0-1	dependency	no	extra
ruby-rexml	3.4.4-1	dependency	no	extra
ruby-rprogram	0.3.2-9	dependency	no	blackarch
ruby-ruby-gtkhex	0.2.0-8	dependency	no	blackarch
ruby-ruby-nmap	1.0.3-2	dependency	no	blackarch
ruby-rubyntlm	0.6.5-4	dependency	no	blackarch
ruby-scanf	1.0.0-6	explicit	no	extra
ruby-semantic_puppet	1.1.1-1	explicit	no	extra
ruby-shadow	2.5.1-5	explicit	no	extra
ruby-snmp	1.3.4-1	dependency	no	blackarch
ruby-sqlite3	2.9.5-1	dependency	no	extra
ruby-sys-filesystem	1.5.0-4	explicit	no	extra
ruby-syslog	0.4.0-2	explicit	no	extra
ruby-terminal-table	4.0.0-3	dependency	no	extra
ruby-text-table	1.2.4-10	dependency	no	blackarch
ruby-thor	1.5.0-1	explicit	no	extra
ruby-unf	0.2.0.beta2-12	dependency	no	extra
ruby-unicode-display_width	3.3.0-1	dependency	no	extra
ruby-unicode-emoji	4.3.0-1	dependency	no	extra
ruby-unicode-version	1.6.0-1	dependency	no	extra
ruby-webrick	1.9.2-1	dependency	no	extra
ruby-webrobots	0.1.2-16	dependency	no	blackarch
ruby-zpng	0.4.6-1	dependency	no	blackarch
ruby2.6	2.6.8-3	dependency	no	blackarch
ruby2.7	2.7.8-2	dependency	no	blackarch
rubygems	3.6.9-1	explicit	no	extra
ruler	310.1fe118c-1	explicit	no	blackarch
rulesfinder	42.cf8255b-1	explicit	no	blackarch
run-parts	5.24-1	dependency	no	extra
runc	1.5.1-1	explicit	no	extra
rupture	1383.131c61a-4	explicit	no	blackarch
rust	1:1.98.1-1	explicit	no	extra
rustbuster	302.4a243d4-1	explicit	no	blackarch
rustcat	v3.0.0.r4.g245c791-1	explicit	no	blackarch
rusthound-ce	1:v2.5.13.r1.gd54413e-1	explicit	no	blackarch
rustpad	v1.8.1.r1.g11ce343-1	explicit	no	blackarch
rustscan	2.4.1-2	dependency	no	extra
rutabaga-ffi	0.1.85-1	explicit	no	extra
rvi-capture	14.a2e129b-9	explicit	no	blackarch
rww-attack	0.9.2-9	explicit	no	blackarch
rxvt-unicode	9.31-9	dependency	no	extra
rxvt-unicode-terminfo	9.31-9	dependency	no	extra
rz-cutter	2.4.1-7	dependency	no	extra
rz-ghidra	0.8.0-1	dependency	no	extra
s3-fuzzer	4.0a2a6f0-3	explicit	no	blackarch
s3enum	v1.1.0.r6.ge9b9bb8-1	explicit	no	blackarch
s3scanner	1:v3.1.1.r12.g64a00e2-1	explicit	no	blackarch
safecopy	1.7-7	explicit	no	blackarch
sagan	2.0.2-1	explicit	no	blackarch
sagan-rules	1:2.0.2-1	dependency	no	blackarch
sakis3g	0.2.0e-8	explicit	no	blackarch
saleae-logic	2.3.47-1	explicit	no	blackarch
samba	2:4.24.7-1	dependency	no	extra
sambascan	0.5.0-3	explicit	no	blackarch
samdump2	3.0.0-5	explicit	no	blackarch
samesame	68.a9bcd7b-1	explicit	no	blackarch
samplicator	175.ceeb1d2-1	explicit	no	blackarch
samydeluxe	1:2.2ed1bac-6	explicit	no	blackarch
sandcastle	73.10af7c7-3	explicit	no	blackarch
sandmap	581.5be99d4-1	explicit	no	blackarch
sandsifter	2.8375e61-1	explicit	no	blackarch
sandy	6.531ab16-6	explicit	no	blackarch
sane	1.4.0-4	explicit	no	extra
sane-airscan	0.99.38-1	explicit	no	extra
saruman	2.4be8db5-1	explicit	no	blackarch
sasm	3.16.0-1	explicit	no	blackarch
savvycan	5:continuous.r0.g2f683fd-1	explicit	no	blackarch
sawef	32.e5ce862-3	explicit	no	blackarch
sb0x	1:2.0.1rc3.r2.gd863070-1	explicit	no	blackarch
sbc	2.2-1	dependency	no	extra
sbd	1.36-8	explicit	no	blackarch
sc-make	12.7e39718-4	explicit	no	blackarch
scalpel	1:1.1687261-1	explicit	no	blackarch
scamper	20240920-1	explicit	no	blackarch
scanless	90.3da40e9-6	explicit	no	blackarch
scanmem	0.17-11	dependency	no	extra
scanner-support	1-4	explicit	no	garuda
scannerl	76.8133065-1	explicit	no	blackarch
scanqli	26.40a028d-9	explicit	no	blackarch
scansploit	9.a0890af-11	explicit	no	blackarch
scanssh	2.1-12	explicit	no	blackarch
scap-dkms	0.23.2-6	dependency	no	extra
scap-security-guide	0.1.80-1	explicit	no	blackarch
scap-workbench	1.2.1-1	explicit	no	blackarch
scapy	2.7.0-2	dependency	no	extra
scavenger	103.75907e8-11	explicit	no	blackarch
sccmhunter	3:v2.0.0.r50.g780bc71-1	explicit	no	blackarch
schnappi-dhcp	0.1-3	explicit	no	blackarch
scour	0.38.2-7	explicit	no	extra
scout2	1182.5d86d46-3	explicit	no	blackarch
scoutsuite	2:5.14.0.r0.g7909f2f-2	explicit	no	blackarch
scrape-dns	58.3df392f-3	explicit	no	blackarch
scrapy	2.19.0-1	dependency	no	extra
scratchabit	571.e52ba4b-1	explicit	no	blackarch
screen	5.0.2-2	dependency	no	extra
scrounge-ntfs	0.9-7	explicit	no	blackarch
scrying	1:v0.9.2.r0.g9d50ade-1	explicit	no	blackarch
sctpscan	34.4d44706-3	explicit	no	blackarch
scylla	101.f6617d8-1	explicit	yes	foreign
sddm	0.21.0-7	explicit	no	extra
sddm-kcm	6.7.5-1	explicit	no	extra
sdl12-compat	1.2.68-2	explicit	no	extra
sdl2-compat	2.32.72-1	dependency	no	extra
sdl2_image	2.8.12-2	explicit	no	extra
sdl2_ttf	2.24.0-2	dependency	no	extra
sdl3	3.4.16-1	dependency	no	extra
sdl3_ttf	3.2.2-3	dependency	no	extra
sdn-toolkit	1.21-3	explicit	no	blackarch
sdnpwn	85.0080574-5	explicit	no	blackarch
sdrangel	v7.27.1.r164.gf6ed9b8-1	explicit	no	blackarch
sdrpp	nightly.r345.g8c9f5ee-1	explicit	no	blackarch
sdrsharp	1.0.0.1457-1	explicit	no	blackarch
sdrtrunk	0.6.0-1	explicit	no	blackarch
sea	103.9aca1c8-1	explicit	no	blackarch
seabios	1.17.0-2	explicit	no	extra
search1337	1:11.bf03ec9-1	explicit	no	blackarch
seat	0.3-3	explicit	no	blackarch
seccomp-tools	1.6.1-1	explicit	no	blackarch
seclists	1:2026.1.r339.g810736b-1	explicit	no	blackarch
second-order	v3.2.r12.g400a81d-1	explicit	no	blackarch
secretfinder	1:15.d06119d-6	explicit	no	blackarch
secscan	1.5-6	explicit	no	blackarch
secure-delete	1:1.b63d814-1	explicit	no	blackarch
secure2csv	10.119eefb0-2	explicit	no	blackarch
sed	4.10-2	explicit	no	core
see-surf	v3.0.r27.g2d15238-2	explicit	no	blackarch
seeker	1:381.7bf501a-1	explicit	no	blackarch
seekr	0.4.0-1	explicit	no	blackarch
sees	67.cd741aa-3	explicit	no	blackarch
semgrep	1:1.164.0-1	explicit	no	blackarch
semver	7.8.5-1	explicit	no	extra
sensepost-xrdp	16.46d6c19-5	explicit	no	blackarch
sentrypeer	v3.0.0.r14.g02173c8-1	explicit	no	blackarch
serd	0.32.10-1	dependency	no	extra
serf	1.3.10-2	dependency	no	extra
sergio-proxy	20.8a91bb4-3	explicit	no	blackarch
serialbrute	3.111c217-3	explicit	no	blackarch
serialdv	1.1.5-1	dependency	no	extra
serializationdumper	34.6d161cd-1	explicit	no	blackarch
server-status-pwn	12.841d55d-9	explicit	no	blackarch
sessionlist	6.3efc3b2-1	explicit	no	blackarch
set	1:8.0.3-9	explicit	no	blackarch
seth	106.6e869cd-3	explicit	no	blackarch
setowner	1.1-1	explicit	no	blackarch
sfuzz	200.e1b62bd-2	explicit	no	blackarch
sg3_utils	1.49-1	explicit	no	extra
sgn	42.8e2c4e1-1	explicit	no	blackarch
sh00t	214.8c7321f-5	explicit	no	blackarch
sha1collisiondetection	106.a06f1ad-2	explicit	no	blackarch
shad0w	387.d35b9dc-8	explicit	no	blackarch
shaderc	2026.3-1	dependency	no	extra
shadow	4.20.0.arch1-1	explicit	no	core
shadowexplorer	0.9-1	explicit	no	blackarch
shadowfinder	0.7.1.r0.g215485a-1	explicit	no	blackarch
shapelib	1.6.3-1	dependency	no	extra
shard	1.5-2	explicit	no	blackarch
shared-mime-info	2.5.1-2	dependency	no	extra
shareenum	48.db728dd-1	explicit	no	blackarch
sharesniffer	1:v0.1.b.8.r8.ga0c5ed6-1	explicit	no	blackarch
sharpfuzz	1:v2.2.0.r9.g7dde242-1	explicit	no	blackarch
sharutils	4.15.2-6	dependency	no	extra
shed	2.0.0-1	explicit	no	blackarch
shellcheck	0.11.0-139	dependency	no	extra
shellcode-compiler	26.8a25463-1	explicit	no	blackarch
shellcode-factory	96.07ae857-4	explicit	no	blackarch
shellcodecs	0.2-2	explicit	no	blackarch
shellen	66.c0c5f83-8	explicit	no	blackarch
shellerator	72.6af7f36-1	explicit	no	blackarch
shellinabox	428.98e6eeb-1	explicit	no	blackarch
shelling	227.0a6c135-1	explicit	no	blackarch
shellme	5.d5206f0-3	explicit	no	blackarch
shellnoob	37.6586133-1	explicit	no	blackarch
shellpop	148.a145349-3	explicit	no	blackarch
shellsploit-framework	273.a16d22f-2	explicit	no	blackarch
shellter	7.2-1	explicit	no	blackarch
shellz	161.0ed068f-8	explicit	no	blackarch
sherlock	1:0.16.0-2	explicit	no	blackarch
sherlocked	1.f190c2b-2	explicit	no	blackarch
shhgit	67.bac0c7d-1	explicit	no	blackarch
shiboken	1.2.4-11	dependency	no	blackarch
shiboken6	6.11.2-1	explicit	no	extra
shitflood	14.e74fc42-1	explicit	no	blackarch
shocker	65.65d4d76-3	explicit	no	blackarch
shodanhat	13.e5e7e68-7	explicit	no	blackarch
shootback	85.2c6e6a8-1	explicit	no	blackarch
shortfuzzy	0.1-9	explicit	no	blackarch
shortwave	5.1.0-2	explicit	no	extra
shosubgo	2:V5.0.r0.gccb6dc7-1	explicit	no	blackarch
shotcut	26.8.1-2	explicit	no	extra
shreder	115.a108575-5	explicit	no	blackarch
shuffledns	851.bc31821-1	explicit	no	blackarch
shuji	0.8.0.r130.gf5e0077-1	explicit	no	blackarch
sickle	382.adb2193-1	explicit	no	blackarch
sidguesser	1.0.5-5	explicit	no	blackarch
siege	4.2.0-1	dependency	no	extra
sigma	0.20-7	explicit	no	blackarch
sign	10.2dc4018-2	explicit	no	blackarch
signal-desktop	8.27.0-1	explicit	no	extra
signon-kwallet-extension	26.08.1-1	dependency	no	extra
signon-plugin-oauth2	0.25-4	dependency	no	extra
signon-ui	0.17+20231016-4	dependency	no	extra
signond	8.61-4	dependency	no	extra
sigploit	786.0e52072-1	explicit	no	blackarch
sigspotter	1.0-5	explicit	no	blackarch
sigthief	25.ffb501b-6	explicit	no	blackarch
silenteye	21.a53a7ff-1	explicit	no	blackarch
silenttrinity	293.08b1c61-6	explicit	no	blackarch
silk	3.24.2-1	explicit	no	blackarch
simde	0.8.2-1	explicit	no	extra
simdjson	1:4.6.11-1	explicit	no	extra
simple-ducky	20.f15079e-1	explicit	no	blackarch
simple-lan-scan	1.0-8	explicit	no	blackarch
simple-lan-scan3	1.0.1-5	explicit	no	blackarch
simpleemailspoofer	54.7075f0c-3	explicit	no	blackarch
simplify	1.3.0-1	explicit	no	blackarch
simplyemail	1:1.4.10.r7.6a42d37-4	explicit	no	blackarch
simtrace2	1079.e6e7739-1	explicit	no	blackarch
sinfp	1.24-9	explicit	no	blackarch
siparmyknife	11232011-16	explicit	no	blackarch
sipbrute	11.5be2fdd-3	explicit	no	blackarch
sipcalc	1.1.6-6	dependency	no	blackarch
sipcrack	0.2-7	explicit	no	blackarch
sipffer	1:29.efc3ff1-1	explicit	no	blackarch
sipi	13.58f0dcc-4	explicit	no	blackarch
sipp	1574.5c4e8dc-1	explicit	no	blackarch
sippts	1:v4.1.2.r8.gf0b3851-1	explicit	no	blackarch
sipsak	1:0.9.8.1-1	explicit	no	blackarch
sipscan	1:0.1-7	explicit	no	blackarch
sipshock	7.6ab5591-7	explicit	no	blackarch
sipvicious	481.485d16c-1	explicit	no	blackarch
sireprat	34.b8ef60b-9	explicit	no	blackarch
sitadel	185.367e251-1	explicit	no	blackarch
sitediff	3.1383935-13	explicit	no	blackarch
sj	2.8.2.r0.g4f256ef-1	explicit	no	blackarch
sjet	103.dd2a4e6-3	explicit	no	blackarch
skipfish	2.10b-12	explicit	no	blackarch
skiptracer	1:123.ca40957-2	explicit	no	blackarch
skul	27.7bd83f1-3	explicit	no	blackarch
skydive	0.28.0-1	explicit	no	blackarch
skyjack	16.24e3878-2	explicit	no	blackarch
skype-dump	0.1-8	explicit	no	blackarch
skypefreak	33.9347a65-4	explicit	no	blackarch
slack-desktop	4.52.162-1	explicit	no	chaotic-aur
slackpirate	1:0.20.r6.g99e470f-1	explicit	no	blackarch
slang	2.3.3-4	dependency	no	extra
sleuthkit	4.15.0-1	dependency	no	extra
sleuthkit-java	4.15.0-1	dependency	no	blackarch
sleuthql	9.29fc878-9	explicit	no	blackarch
slither	1:4851.f9710ded1-2	explicit	no	blackarch
sliver	v1.7.7.r42.g2e8e537-1	explicit	no	blackarch
sloth-fuzzer	39.9f7f59a-1	explicit	no	blackarch
slowhttptest	1.9.0-2	dependency	no	extra
slowloris	0.7-11	explicit	no	blackarch
slowloris-py	30.eb7f632-1	explicit	no	blackarch
slurp-scanner	93.2dea27e-1	explicit	no	blackarch
smali	2.5.2-2	dependency	no	extra
smali-cfgs	6.4450418-4	explicit	no	blackarch
smalisca	58.1aa7a16-9	explicit	no	blackarch
smap	24.3ed1ac7-1	explicit	no	blackarch
smap-scanner	0.1.12.r5.gfcf43c1-1	explicit	no	blackarch
smartmontools	7.5-1	dependency	no	extra
smartphone-pentest-framework	104.fc45347-1	explicit	no	blackarch
smbbf	0.9.1-2	explicit	no	blackarch
smbclient	2:4.24.7-1	dependency	no	extra
smbclient-ng	3.1.0.r3.g3a8a902-1	explicit	no	blackarch
smbcrunch	12.313400e-5	explicit	no	blackarch
smbexec	2:59.a54fc14-11	explicit	no	blackarch
smbmap	1:v1.10.8.r0.g31b8a8f-1	explicit	no	blackarch
smbrelay	3-6	explicit	no	blackarch
smbspider	10.7db9323-5	explicit	no	blackarch
smbsr	50.7f86241-6	explicit	no	blackarch
smod	53.7eb8423-4	explicit	no	blackarch
smplayer	25.6.0-2	explicit	no	extra
smplayer-skins	1:20.11.0-4	explicit	no	extra
smplayer-themes	1:20.11.0-2	explicit	no	extra
smplshllctrlr	9.2baf390-1	explicit	no	blackarch
smtp-fuzz	1.0-3	explicit	no	blackarch
smtp-test	6.151f636-2	explicit	no	blackarch
smtp-user-enum	1.2-7	dependency	no	blackarch
smtp-vrfy	1.0-7	explicit	no	blackarch
smtpmap	0.8.234_BETA-4	explicit	no	blackarch
smtpscan	0.5-12	explicit	no	blackarch
smtptester	13.634e1ee-10	explicit	no	blackarch
smtptx	1.0-6	explicit	no	blackarch
smuggler	23.2be871e-8	explicit	no	blackarch
smuggler-py	1:v2.0.0.r2.ge4b0dfa-1	explicit	no	blackarch
sn00p	0.8-9	explicit	no	blackarch
sn1per	1:722.a5450bc-1	explicit	no	blackarch
snallygaster	1:v0.0.15.r3.gce5efc4-1	explicit	no	blackarch
snap-pac	3.0.1-3	dependency	no	extra
snapception	8.c156f9e-13	explicit	no	blackarch
snapper	0.13.2-1	dependency	no	extra
snapper-support	1.1.2-4	explicit	no	garuda
snapper-tools	1.3.2-1	explicit	no	chaotic-aur
snappy	1.2.2-3	dependency	no	extra
snare	188.b17fdfe-5	explicit	no	blackarch
snarf-mitm	41.bada142-2	explicit	no	blackarch
sndio	1.10.0-1	explicit	no	extra
sniff-probe-req	1:v0.8.0.r29.g0dacf88-1	explicit	no	blackarch
sniffer	4.688854e-1	explicit	no	blackarch
sniffglue	0.16.2-1	dependency	no	extra
sniffjoke	772.434bfb1-1	explicit	no	blackarch
sniffles	469.118e93f-11	explicit	no	blackarch
snitch	1.2-1	explicit	no	blackarch
snmp-brute	19.830bb0a-8	explicit	no	blackarch
snmp-fuzzer	0.1.1-10	explicit	no	blackarch
snmpattack	1.8-9	explicit	no	blackarch
snmpcheck	1.9-9	explicit	no	blackarch
snmpenum	1.7-9	explicit	no	blackarch
snmpscan	0.1-8	explicit	no	blackarch
snoopbrute	17.589fbe6-6	explicit	no	blackarch
snoopy-ng	128.eac73f5-6	explicit	no	blackarch
snort	2.9.20-2	explicit	no	blackarch
snow	20130616-4	explicit	no	blackarch
snowman	0.1.3-1	explicit	no	blackarch
snscan	1.05-6	explicit	no	blackarch
snscrape	0.4.3.20220106-7	explicit	no	blackarch
snuck	6.76196b6-2	explicit	no	blackarch
snyk	1.1283.0-1	explicit	no	blackarch
soapui	5.8.0-1	explicit	no	blackarch
soapysdr	0.8.1-7	dependency	no	extra
socat	1.8.1.3-1	dependency	no	extra
social-analyzer	0.45-6	explicit	no	blackarch
social-mapper	190.92be8da-7	explicit	no	blackarch
social-vuln-scanner	11.91794c6-15	explicit	no	blackarch
socialfish	266.3589ef3-1	explicit	no	blackarch
socialpwned	v2.0.1.r7.g333d759-2	explicit	no	blackarch
socialscan	128.5ae42d0-6	explicit	no	blackarch
socketfuzz	26.089add2-3	explicit	no	blackarch
sockstat	0.4.1-1	explicit	no	blackarch
sof-firmware	2026.09-1	explicit	no	extra
solid	6.30.0-1	dependency	no	extra
sonar-scanner	6.2.1.4610-3	explicit	no	blackarch
sonnet	6.30.0-1	dependency	no	extra
soot	3.4.0-1	explicit	no	blackarch
sooty	335.6236fd1-5	explicit	no	blackarch
soqt	1.6.4-2	explicit	no	extra
sord	0.16.22-1	dependency	no	extra
sound-theme-freedesktop	0.8-6	dependency	no	extra
soundconverter	4.1.3-2	explicit	no	extra
soundtouch	2.4.1-1	dependency	no	extra
soundwire	3.0.0-4.2	explicit	no	chaotic-aur
source-highlight	3.1.9-19	dependency	no	extra
sourcemapper	40.f739bd5-1	explicit	no	blackarch
sox	14.8.0.1-1	explicit	no	extra
spade	114-6	explicit	no	blackarch
spaf	11.671a976-5	explicit	no	blackarch
spandsp	0.0.6-7	dependency	no	extra
sparrow-wifi	1:v2.0.r29.g7559b38-1	explicit	no	blackarch
sparta	21.b0a4514-1	explicit	no	blackarch
spartan	23.babdd7d-3	explicit	no	blackarch
sparty	0.1-3	explicit	no	blackarch
spdlog	1.17.0-2	explicit	no	extra
spectacle	1:6.7.5-1	explicit	no	extra
spectools	1:3.0-1	explicit	no	blackarch
spectrwm	3.7.0.r6.g782b2a3-1	dependency	no	blackarch
speedpwn	8.3dd2793-1	explicit	no	blackarch
speedtest-cli	2.1.3-10	explicit	no	extra
speex	1.2.1-2	dependency	no	extra
speexdsp	1.2.1-2	dependency	no	extra
spektrum	2.1.0-1	explicit	no	blackarch
spf	85.344ac2f-10	explicit	no	blackarch
spfmap	8.a42d15a-3	explicit	no	blackarch
spice	0.16.0-4	explicit	no	extra
spice-gtk	0.42-5	explicit	no	extra
spice-protocol	0.14.5-1	explicit	no	extra
spiderfoot	4.0-7	explicit	no	blackarch
spiderpig-pdffuzzer	0.1-9	explicit	no	blackarch
spiga	2:690.f1831cd-1	explicit	no	blackarch
spike-fuzzer	2.9-1	explicit	no	blackarch
spike-proxy	148-9	explicit	no	blackarch
spiped	1.6.4-2	dependency	no	extra
spipscan	1:69.4ad3235-7	explicit	no	blackarch
spirv-tools	1:1.4.357.0-1	dependency	no	extra
splint	3.1.2.git20180129-3	dependency	no	extra
splix	2.0.1-2	explicit	no	chaotic-aur
sploitctl	1:3.0.4-6	explicit	no	blackarch
sploitego	153.d9568dc-4	explicit	no	blackarch
spoofcheck	16.8cce591-3	explicit	no	blackarch
spooftooph	0.5.2-4	explicit	no	blackarch
spoofy	v1.0.3.r0.g28db5fd-2	explicit	no	blackarch
spookflare	24.19491b5-9	explicit	no	blackarch
spotbugs	17817.eaabea0287-1	explicit	no	blackarch
spray365	1:0.2.2.beta.r1.g22b39af-2	explicit	no	blackarch
spraycharles	1:v2.0.2.r3.g131f8c6-1	explicit	no	blackarch
sprayhound	0.0.3-7	explicit	no	blackarch
sprayingtoolkit	60.82e2ec8-10	explicit	no	blackarch
spraykatz	62.1fb3aa7-9	explicit	no	blackarch
sps	4.3-3	explicit	no	blackarch
spyse	47.cd11ba9-11	explicit	no	blackarch
sqid	0.3-12	explicit	no	blackarch
sqlbrute	1.0-8	explicit	no	blackarch
sqlcipher	4.18.0-1	dependency	no	extra
sqldict	2.1-3	explicit	no	blackarch
sqlite	3.53.4-1	dependency	no	core
sqlivulscan	249.cc8e657-5	explicit	no	blackarch
sqlmap	1.10.7-1	dependency	no	extra
sqlninja	0.2.999-11	explicit	no	blackarch
sqlpat	1.0.1-3	explicit	no	blackarch
sqlping	4-5	explicit	no	blackarch
sqlpowerinjector	1.2-2	explicit	no	blackarch
sqlsus	0.7.2-12	explicit	no	blackarch
squashfs-tools	4.7.5-1	dependency	no	extra
sr-71	Version.r35.g6a17150-1	explicit	no	blackarch
sratom	0.6.22-1	dependency	no	extra
srt	1.5.7-1	dependency	no	extra
ssdeep	2.14.1-5	dependency	no	extra
ssdp-scanner	1.0-9	explicit	no	blackarch
ssh-audit	3.9.0-1	dependency	no	extra
ssh-honeypot	113.4bda71c-1	explicit	no	blackarch
ssh-mitm	1:v2.2.r22.g70998ba-1	explicit	no	blackarch
ssh-privkey-crack	0.4-2	explicit	no	blackarch
ssh-user-enum	7.ae453c1-6	explicit	no	blackarch
sshatter	1.2-9	explicit	no	blackarch
sshfs	3.7.6-1	explicit	no	extra
sshfuzz	1.0-5	explicit	no	blackarch
sshpass	1.10-2	dependency	no	extra
sshprank	1.7.0-1	explicit	no	blackarch
sshscan	1:1.0-2	explicit	no	blackarch
sshtrix	0.0.3-1	explicit	no	blackarch
sshtunnel	0.4.0-9	dependency	no	extra
sshuttle	1.3.2-2	dependency	no	extra
ssl-hostname-resolver	1-10	explicit	no	blackarch
ssl-phuck3r	2.0-2	explicit	yes	foreign
sslcaudit	524.f218b9b-5	explicit	no	blackarch
ssldump	1.7-1	explicit	no	blackarch
sslh	2.3.1-1	dependency	no	extra
ssllabs-scan	251.53cd76a-1	explicit	no	blackarch
sslmap	0.2.0-3	explicit	no	blackarch
sslnuke	5.c5faeaa-2	explicit	no	blackarch
sslscan	2.2.3-1	dependency	no	extra
sslscan2	774.075137c-1	explicit	no	blackarch
sslsniff	0.8-6	explicit	no	blackarch
sslsplit	0.5.5-3	dependency	no	extra
sslstrip	0.9-13	explicit	no	blackarch
sslyze	6.3.1-1	dependency	no	blackarch
ssma	215.2a2b6bd-10	explicit	no	blackarch
ssrf-proxy	293.e79da7a-19	explicit	no	blackarch
ssrf-sheriff	2.f95d691-2	explicit	no	blackarch
ssrfmap	127.290e07d-1	explicit	no	blackarch
sstimap	v1.4.r0.g1c27fdb-1	explicit	no	blackarch
sstp-client	1:1.0.20-2	dependency	no	extra
stackflow	2.2af525d-5	explicit	no	blackarch
stacoan	0.90-1	explicit	no	blackarch
stacs	0.5.1.r0.g11f3503-7	explicit	no	blackarch
staekka	9.57787ca-8	explicit	no	blackarch
stardox	41.95b0a97-10	explicit	no	blackarch
starship	1.26.0-1	dependency	no	extra
starttls-mitm	7.b257756-5	explicit	no	blackarch
startup-notification	0.12-9	explicit	no	extra
statsprocessor	5:0.11-3	explicit	no	blackarch
stegcracker	2.1.0-6	explicit	no	blackarch
stegdetect	20.28a4f07-2	explicit	no	blackarch
steghide	0.5.1-14	explicit	no	chaotic-aur
stegolego	8.85354f6-4	explicit	no	blackarch
stegosip	11.5cda6d6-3	explicit	no	blackarch
stegoveritas	1.10-6	explicit	yes	foreign
stegseek	1:v0.6.r10.g5896978-2	explicit	no	blackarch
stegsolve	1.3-1	explicit	no	blackarch
stenographer	486.355604b-2	explicit	no	blackarch
stepic	0.4-2	explicit	no	blackarch
stews	1.0.0.r7.gc7bba5a-7	explicit	no	blackarch
sticky-keys-hunter	15.c816fc9-1	explicit	no	blackarch
stig-viewer	2.8-1	explicit	no	blackarch
stk	5.0.1-4	explicit	no	extra
stoken	0.92-6	dependency	no	extra
stomper	63.0a4c397-4	dependency	no	blackarch
stompy	0.0.4-4	explicit	no	blackarch
stoq	769.8bfc78b-7	explicit	no	blackarch
storm-ring	0.1-7	explicit	no	blackarch
stowaway	v2.2.r43.g7f715be-1	explicit	no	blackarch
strace	7.2-1	dependency	no	extra
strawberry	1.2.30-1	explicit	no	extra
streamfinder	1.2-1	explicit	no	blackarch
streamlink	8.6.1-1	explicit	no	extra
streamlink-twitch-gui-bin	2.5.3-1.1	explicit	no	chaotic-aur
striker	85.87c184d-9	explicit	no	blackarch
stringsifter	39.33c0cd5-5	explicit	no	blackarch
striptls	55.5ec712c-3	explicit	no	blackarch
strongswan	6.1.0-2	dependency	no	extra
strutscan	4.8712c12-8	explicit	no	blackarch
stunnel	5.82-1	dependency	no	extra
stunner	v0.5.8.r181.g42516fb-1	explicit	no	blackarch
sub7	2.2-4	explicit	no	blackarch
subbrute	77.r30.g07d2925-1	dependency	no	blackarch
subdomainer	1.2-6	explicit	no	blackarch
subfinder	1:v2.14.0.r55.g984c070e-1	explicit	no	blackarch
subjack	182.49c51e5-3	explicit	no	blackarch
subjs	48.3eb4dc9-1	explicit	no	blackarch
sublert	67.56d2a12-8	explicit	no	blackarch
sublist3r	138.729d649-9	explicit	no	blackarch
subover	71.3d258e2-4	explicit	no	blackarch
subscraper	2:34.29aa5cc-5	explicit	no	blackarch
subterfuge	2:64.69dda99-3	explicit	no	blackarch
subtitlecomposer	0.8.2-6	explicit	no	extra
subversion	1.14.5-5	dependency	no	extra
subzy	v1.2.1.r0.gf2e2ec7-1	explicit	no	blackarch
sucrack	1.2.3-8	explicit	no	blackarch
sudo	1.9.17.p2-6	explicit	no	core
suid3num	63.881b488-2	explicit	no	blackarch
suil	0.10.26-1	explicit	no	extra
suitesparse	7.14.1-1	explicit	no	extra
sulley	4:1.0.bff0dd1-3	explicit	no	blackarch
superlu	7.0.1-2	explicit	no	extra
superscan	4.1-3	explicit	no	blackarch
suricata	6.0.20-1	explicit	no	blackarch
suricata-verify	2:suricata.7.0.17.r127.gcd1e4e9-1	explicit	no	blackarch
svn-extractor	45.6829804-6	explicit	no	blackarch
svt-av1	4.2.0-1	dependency	no	extra
svt-hevc	1.5.1-4	dependency	no	extra
swaks	20240103.0-3	dependency	no	extra
swamp	59.3c8be65-1	explicit	no	blackarch
swap-digger	51.4d18ce0-1	explicit	no	blackarch
swarm	1:41.1713c1e-6	explicit	no	blackarch
sweethome3d	7.5-2	explicit	no	extra
swfintruder	0.9.1-4	explicit	no	blackarch
swig	4.5.1-1	dependency	no	extra
syborg	36.5cd010b-8	explicit	no	blackarch
sylkie	1:0.0.4.r3.g1cf170f-3	explicit	no	blackarch
syms2elf	12.329c2ce-3	explicit	no	blackarch
syndication	6.30.0-1	dependency	no	extra
synfig	1.4.5-8	explicit	no	extra
synfigstudio	1.4.5-2	explicit	no	extra
synflood	0.1-4	explicit	no	blackarch
synner	1.1-3	explicit	no	blackarch
synscan	5.02-8	explicit	no	blackarch
syntax-highlighting	6.30.0-1	dependency	no	extra
syringe	12.79a703e-2	explicit	no	blackarch
sysdig	0.41.4-3	dependency	no	extra
sysfsutils	2.1.1-2	dependency	no	extra
sysinternals-suite	1:6.4-1	explicit	no	blackarch
sysprof	50.0-6	explicit	no	extra
systemd	262-1	explicit	no	core
systemd-libs	262-1	dependency	no	core
systemd-oomd-defaults	253.5-2	dependency	no	chaotic-aur
systemd-sysvcompat	262-1	explicit	no	core
systemsettings	6.7.5-1	dependency	no	extra
t50	1:5.8.7c-1	explicit	no	blackarch
tabi	13.068a406-4	explicit	no	blackarch
tachyon-scanner	1:3.5.6.r4.gba0fe61-1	explicit	no	blackarch
tactical-exploitation	101.18209fe-1	explicit	no	blackarch
taglib	2.3.2-1	dependency	no	extra
taglib1	1.13.1-3	explicit	yes	foreign
taipan	1:2.9.498.18-1	explicit	no	blackarch
takeover	98.a058647-3	explicit	no	blackarch
talloc	2.5.0-2	dependency	no	extra
talon	v3.1.r1.g8acc175-1	explicit	no	blackarch
taof	0.3.2-10	explicit	no	blackarch
tar	1.35-5	explicit	no	core
targetedkerberoast	27.ebed079-3	explicit	no	blackarch
tbear	1.5-4	explicit	no	blackarch
tcgetkey	0.1-4	explicit	no	blackarch
tchunt-ng	208.b8cf7fc-2	explicit	no	blackarch
tcl	8.6.16-1	dependency	no	extra
tcpcontrol-fuzzer	2:0.1-9	explicit	no	blackarch
tcpcopy	1285.929511d-1	explicit	no	blackarch
tcpdstat	4.be5bd28-1	explicit	no	blackarch
tcpdump	4.99.7-1	dependency	no	extra
tcpextract	1.1-7	explicit	no	blackarch
tcpflow	1.6.1-2	dependency	no	extra
tcpjunk	2.9.03-5	explicit	no	blackarch
tcpreplay	4.6.1-1	dependency	no	extra
tcptrace	6.6.7-8	explicit	no	blackarch
tcptraceroute	1.5beta7-4	explicit	no	blackarch
tcpwatch	1.3.1-6	explicit	no	blackarch
tcpxtract	1.0.1-6	explicit	no	blackarch
tdb	1.4.15-2	dependency	no	extra
tealdeer	1.9.0-1	dependency	no	extra
teams-for-linux	2.20.1-1	explicit	no	chaotic-aur
teamsuserenum	v1.0.r1.g0c8b6c2-1	explicit	no	blackarch
teardown	1.0-2	explicit	no	blackarch
tekdefense-automater	88.42548cf-5	explicit	no	blackarch
tela-circle-icon-theme-dracula	2026_07_07-1	explicit	no	extra
telegram-desktop	7.2.9-1	explicit	no	extra
tell-me-your-secrets	1:v2.4.2.r3.g5434b9d-6	explicit	no	blackarch
template-glib	3.40.0-1	explicit	no	extra
tempomail	26.5600ec3-1	explicit	no	blackarch
tensorboard	2.21.0-1	dependency	no	extra
termineter	210.a802f94-5	explicit	no	blackarch
terminus-font	4.49.1-8	explicit	no	extra
terminus-font-ttf	4.49.3-1	dependency	no	blackarch
terraform	1.15.9-1	explicit	no	extra
tesseract	5.5.3-1	dependency	no	extra
tesseract-data-afr	2:4.1.0-5	explicit	no	extra
tesseract-data-eng	2:4.1.0-5	explicit	no	extra
tesseract-data-osd	2:4.1.0-5	dependency	no	extra
testdisk	7.2-4	dependency	no	extra
testssl.sh	3.2.4-1	dependency	no	extra
tevent	1:0.17.2-2	dependency	no	extra
texinfo	7.3-1	dependency	no	core
texlive-basic	2026.1-1	dependency	no	extra
texlive-bin	2026.0-2	dependency	no	extra
texlive-fontsextra	2026.1-1	dependency	no	extra
texlive-fontsrecommended	2026.1-1	dependency	no	extra
texlive-latex	2026.1-1	dependency	no	extra
texlive-latexextra	2026.1-1	dependency	no	extra
texlive-latexrecommended	2026.1-1	dependency	no	extra
texlive-pictures	2026.1-1	dependency	no	extra
tfsec	v0.63.1.r408.gb692c20b6-1	explicit	no	blackarch
tftp-bruteforce	0.1-12	explicit	no	blackarch
tftp-fuzz	1:1337-4	explicit	no	blackarch
tftp-proxy	0.1-5	explicit	no	blackarch
tgcd	1.1.1-2	explicit	no	blackarch
thc-ipv6	3.8-4	dependency	no	extra
thc-keyfinder	1.0-2	explicit	no	blackarch
thc-pptp-bruter	0.1.4-7	explicit	no	blackarch
thc-smartbrute	1.0-3	explicit	no	blackarch
thc-ssl-dos	1.4-12	explicit	no	blackarch
thcrut	1.2.5-1	explicit	no	blackarch
thedorkbox	7.43852d3-2	explicit	no	blackarch
thefatrat	813.b0586d0-1	explicit	no	blackarch
thefuzz	160.b4c2c80-3	explicit	no	blackarch
theharvester	1:4.11.1.r76.g760b386-1	dependency	no	blackarch
themole	0.3-11	explicit	no	blackarch
thermald	2:2.5.13-1	explicit	no	extra
thezoo	235.c869b2e-1	explicit	no	blackarch
thin-provisioning-tools	1.3.4-1	dependency	no	core
threadweaver	6.30.0-1	dependency	no	extra
threat-dragon	2.2.0-1	explicit	no	blackarch
threatspec	0.5.0-9	explicit	no	blackarch
thrift	0.22.0-6	dependency	no	extra
thumbcacheviewer	1.0.3.7-1	explicit	no	blackarch
thunar	4.20.10-1	explicit	no	extra
thunar-archive-plugin	0.6.0-1	explicit	no	extra
thunar-media-tags-plugin	0.6.0-1	explicit	no	extra
thunar-volman	4.20.0-2	explicit	no	extra
thunderbird	156.0-1	explicit	no	extra
tidos-framework	v2.0.beta2.r22.g4098187-8	explicit	no	blackarch
tidy	5.8.0-3	dependency	no	extra
tiger	3.2.3-8	explicit	no	blackarch
tigervnc	1.16.2-5	dependency	no	extra
tilt	90.2bc2ef2-6	explicit	no	blackarch
timegen	0.4-3	explicit	no	blackarch
timeverter	83.24b715e-7	explicit	no	blackarch
tinc	1.0.36-4	dependency	no	extra
tinfoleak	3.6469eb3-5	explicit	no	blackarch
tinfoleak2	41.c45c33e-12	explicit	no	blackarch
tinja	1.2.0.r5.g507d903-1	explicit	no	blackarch
tinyproxy	1.11.3-1	dependency	no	extra
tinysparql	3.11.1-1	dependency	no	extra
tinyxml	2.6.2-13	explicit	no	extra
tinyxml2	11.0.0-2	explicit	no	extra
tk	8.6.16-1	explicit	no	extra
tl-expected	1.3.1-1	dependency	no	extra
tlottie	1.0.6-1	explicit	no	extra
tls-attacker	1:9246.931058ef3-1	explicit	no	blackarch
tls-fingerprinting	257.4b6e878-3	explicit	no	blackarch
tls-map	v3.3.0.r0.gd68ec8a-1	explicit	no	blackarch
tls-prober	286.72b1029-3	explicit	no	blackarch
tlsenum	78.787c88b-5	explicit	no	blackarch
tlsfuzzer	1961.5eebc44-1	explicit	no	blackarch
tlshelpers	40.a8de547-1	explicit	no	blackarch
tlspretense	1:v0.6.2.r22.g0a5faf4-6	explicit	no	blackarch
tlssled	1.3-6	explicit	no	blackarch
tlsx	1:v1.4.0.r0.gffe1cfe-1	explicit	no	blackarch
tmux	3.7_c-1	dependency	no	extra
tnscmd	1.3-9	explicit	no	blackarch
toilet	0.3.r155.3eb9d58-3	dependency	no	extra
token-hunter	343.3358a33-2	explicit	no	blackarch
token-reverser	10.cbb4528-6	explicit	no	blackarch
tomcatwardeployer	98.4535e64-3	explicit	no	blackarch
topera	19.3e230fd-6	explicit	no	blackarch
topgrade	17.12.1-1	explicit	no	chaotic-aur
tor	0.4.9.12-1	explicit	no	extra
tor-autocircuit	0.2-8	explicit	no	blackarch
tor-browser	15.0.22-1	explicit	no	blackarch
tor-router	1.5.3-1.2	explicit	no	chaotic-aur
torbrowser-launcher	0.3.9-1	explicit	no	extra
torcrawl	1:v1.35.r4.g2fb5d78-1	explicit	no	blackarch
torctl	1:0.5.7-1	explicit	no	blackarch
torpy	60.ebf000c-8	explicit	no	blackarch
torshammer	1.0-7	explicit	no	blackarch
torsocks	2.5.0-1	dependency	no	extra
totem-pl-parser	3.26.7-1	explicit	no	extra
tpcat	latest-10	explicit	no	blackarch
tplmap	719.616b0e5-3	explicit	no	blackarch
tpm2-tss	4.2.0-2	dependency	no	core
traceroute	2.1.6-1	explicit	no	extra
transmageddon	1.5-16	explicit	no	extra
trape	132.6baae24-9	explicit	no	blackarch
traxss	81.48dee2e-10	explicit	no	blackarch
tre	0.9.0-1	dependency	no	extra
treasure	1:2.b3249be-1	explicit	no	blackarch
tree	2.3.2-1	dependency	no	extra
tree-sitter	0.26.9-1	explicit	no	extra
trevorproxy	1.0.6-10	explicit	no	blackarch
trevorspray	1:2.3.0-9	explicit	no	blackarch
trid	2.48-1	explicit	no	blackarch
trid-defs	2026.07.26-1	dependency	no	blackarch
trinity	5192.e7187245-1	explicit	no	blackarch
triton	1:4382.bc84cf74-1	explicit	no	blackarch
trivy	0.73.0-1	dependency	no	extra
trixd00r	0.0.1-5	explicit	no	blackarch
trizen	1:1.68-1.2	explicit	no	chaotic-aur
truecrack	35-4	explicit	no	blackarch
truegaze	117.c3f26bc-9	explicit	no	blackarch
truehunter	14.0a2895d-3	explicit	no	blackarch
trufflehog	3:v3.97.4.r9.g4b7d1d3a6-1	explicit	no	blackarch
trusttrees	102.a9b7399-10	explicit	no	blackarch
tsh	0.6-5	explicit	no	blackarch
tsh-sctp	2.850a2da-3	explicit	no	blackarch
tslib	1.24-1	dependency	no	extra
ttf-dejavu	2.37+18+g9b5d1b2f-8	explicit	no	extra
ttf-fantasque-sans-mono	1.8.0-3	explicit	no	extra
ttf-fira-sans	1:4.301-3	explicit	no	extra
ttf-hack	3.003-7	dependency	no	extra
ttf-jetbrains-mono-nerd	3.5.1-2	dependency	no	extra
ttf-liberation	2.1.5-2	explicit	no	extra
ttf-opensans	3.003-1	explicit	no	extra
ttpassgen	133.a06d99d-9	explicit	no	blackarch
tumbler	4.20.2-2	explicit	no	extra
tunna	41.cba006d-3	explicit	no	blackarch
turner	32.fad9423-1	explicit	no	blackarch
tweets-analyzer	55.8d6bd3c-3	explicit	no	blackarch
tweetshell	21.47a415c-1	explicit	no	blackarch
twine	7.0.0-1	dependency	no	extra
twint	1:845.e7c8a0c7-7	dependency	no	blackarch
twofi	2.0-15	explicit	no	blackarch
twolame	0.4.0-4	dependency	no	extra
typo3scan	v1.2.final.r0.g0c4ec73-6	explicit	no	blackarch
tyton	1:80.56494f3-1	explicit	no	blackarch
tzdata	2026d-1	dependency	no	core
u3-pwn	2.0-9	explicit	no	blackarch
u3-tool	0.3-6	dependency	no	blackarch
uacme	319.3f1885c-1	explicit	no	blackarch
uatester	1.06-9	explicit	no	blackarch
uberfile	14.4414c2a-9	explicit	no	blackarch
ubertooth	2020.12.R1.r35.gc9dfdbd-1	explicit	no	blackarch
ubiquiti-probing	5.c28f4c1-8	explicit	no	blackarch
ubitack	0.3-4	explicit	no	blackarch
uchardet	0.0.8-4	explicit	no	extra
udis86	1.7.2-10	explicit	no	blackarch
udisks2	2.11.2-1	dependency	no	extra
udork	102.1a0aab0-4	explicit	no	blackarch
udp-hunter	4.b95cce5-7	explicit	no	blackarch
udp2raw	20230206.0-3	dependency	no	extra
udpastcp	29.683b5e3-1	explicit	no	blackarch
udptunnel	2:19-5	explicit	no	blackarch
udsim	33.b379464-1	explicit	no	blackarch
uefi-firmware-parser	214.86d2834-1	explicit	no	blackarch
uff	46.93fea53-3	explicit	no	blackarch
ufo-wardriving	4-7	explicit	no	blackarch
ufonet	84.aea21b3-5	explicit	no	blackarch
ufw	0.36.2-7	explicit	no	extra
uglify-js	3.19.3-1	dependency	no	extra
ugrep	7.8.5-1	explicit	no	extra
uhoh365	26.110277a-9	explicit	no	blackarch
ultimate-facebook-scraper	236.5661bdc-1	explicit	no	blackarch
umap	25.3ad8121-11	explicit	no	blackarch
umit	1.0-9	explicit	no	blackarch
unace	2.5-11	explicit	no	extra
unarchiver	1.10.8-6	explicit	no	extra
unarj	2.65-2	explicit	no	extra
unblob	26.6.4.r190.g540d88f-1	explicit	no	blackarch
uncaptcha2	7.473f33d-10	explicit	no	blackarch
uncover	v1.0.2.r2.g4b929e0-1	explicit	no	blackarch
undbx	0.21.r3.g5e31c75-1	explicit	no	blackarch
unfurl	16.99ad735-2	explicit	no	blackarch
unhide	20240510-1	dependency	no	extra
unibrute	1.b3fb4b7-5	explicit	no	blackarch
unicorn	2.1.4-2	dependency	no	extra
unicorn-powershell	217.172027b-1	explicit	no	blackarch
unicornscan	2:0.4.43-1	dependency	no	blackarch
unifetch	1.3.3-2	explicit	no	chaotic-aur
unifuzzer	5.3385a3b-3	explicit	no	blackarch
uniofuzz	2:1337-5	explicit	no	blackarch
uniscan	6.3-7	dependency	no	blackarch
unisec	0.0.10-1	explicit	no	blackarch
unix-privesc-check	1.4-7	explicit	no	blackarch
unixodbc	2.3.14-1	dependency	no	core
unrar	1:7.3.1-1	explicit	no	extra
unsecure	1.2-8	explicit	no	blackarch
unstrip	13.05e00c2-12	explicit	no	blackarch
untwister	119.a42b8f8-3	explicit	no	blackarch
unzip	6.0-23	explicit	no	extra
update-grub	0.0.1-8.1	explicit	no	chaotic-aur
upnp-pentest-toolkit	1.1-4	explicit	no	blackarch
upnpscan	0.4-4	explicit	no	blackarch
upower	1.91.4-1	dependency	no	extra
uppwn	9.f69dec4-4	explicit	no	blackarch
uptux	33.85ccfd0-6	explicit	no	blackarch
upx	5.2.0-1	dependency	no	extra
urh	2.10.0-2	dependency	no	extra
urlcrazy	1:v0.8.2.r0.g78bf6e8-1	explicit	no	blackarch
urldigger	02c-6	explicit	no	blackarch
urlextractor	19.739864d-8	explicit	no	blackarch
urlview	1e-1	explicit	no	blackarch
urx	0.10.0.r134.gf122b17-1	explicit	no	blackarch
usb-canary	31.bb23552-3	explicit	no	blackarch
usb_modeswitch	2.6.2.20251207-1	dependency	no	extra
usbip	7.2.7-1	explicit	no	extra
usbmuxd	1.1.1-4	explicit	no	extra
usbredir	0.15.0-1	explicit	no	extra
usbrip	291.5093c84-7	explicit	no	blackarch
usbutils	019-1	explicit	no	core
usd	26.08-1	explicit	no	extra
username-anarchy	72.e063191-3	explicit	no	blackarch
usernamer	20.12983f8-3	explicit	no	blackarch
userrecon	10.3b56891-1	explicit	no	blackarch
userrecon-py	1:15.eebd422-9	explicit	no	blackarch
usnjrnl2csv	29.1ecbddc-1	explicit	no	blackarch
usnparser	4.1.5-7	explicit	no	blackarch
uthash	2.3.0-3	explicit	no	extra
util-linux	2.42.4-1	explicit	no	core
util-linux-libs	2.42.4-1	dependency	no	core
uuid	1.6.2-20.7	dependency	no	chaotic-aur
uv	0.12.18-1	explicit	no	extra
uvicorn	0.52.4-1	dependency	no	extra
uw-loveimap	0.1-2	explicit	no	blackarch
uw-offish	0.1-2	explicit	no	blackarch
uw-udpscan	0.1-2	explicit	no	blackarch
uw-zone	0.1-2	explicit	no	blackarch
v2ray-domain-list-community	20260920133716-1	explicit	no	extra
v2ray-geoip	202609050329-1	explicit	no	extra
v3n0m	536.16b629f-6	explicit	no	blackarch
v4l-utils	1.32.0-2	dependency	no	extra
v4l2loopback-dkms	0.15.4-2	explicit	no	extra
vagrant	2.4.9-1	explicit	yes	foreign
vais	17.5c35c3a-8	explicit	yes	foreign
vala	0.56.19-2	explicit	no	extra
valabind	2.1.0-1	dependency	no	extra
valgrind	3.25.1-9	dependency	no	extra
valhalla-api	87.c010a48-13	explicit	no	blackarch
vamp-plugin-sdk	1:2.10-1	explicit	no	extra
vane	1899.48f9ab5-12	explicit	no	blackarch
vanguard	0.1-10	explicit	no	blackarch
vapoursynth	79-1	dependency	no	extra
variety	0.9.1-1	explicit	no	extra
vault-scanner	299.0303cf4-9	explicit	no	blackarch
vba2graph	29.fcf96ef-4	explicit	no	blackarch
vbrute	1.11dda8b-4	explicit	no	blackarch
vbscan	1:39.2b1ce48-5	dependency	no	blackarch
vbsmin	v1.2.0.r30.gfba67e3-1	explicit	no	blackarch
vcsmap	1:v2.0.2.r1.g3889964-1	explicit	no	blackarch
vde2	2.3.3-9	explicit	no	extra
vega	1.0-9	explicit	yes	foreign
veil	5:297.d8acd4c-7	explicit	no	blackarch
veles	3:2018.05-1	explicit	no	blackarch
venom	135.2b84e68-2	explicit	no	blackarch
veracrypt	1.26.24-3	dependency	no	extra
verdict	1.4.5-3	dependency	no	extra
verinice	1.19.1.r1.gf82b192a6-1	explicit	no	blackarch
vfeed	3:81.fad17ae-3	explicit	no	blackarch
vhostscan	1:1.21.r68.gacc7890-2	explicit	no	blackarch
vid.stab	1.1.2-1	dependency	no	extra
videosnarf	0.63-7	explicit	no	blackarch
villain	1:V2.2.1.r3.g87e5dd1-2	explicit	no	blackarch
vim	9.2.1046-1	dependency	no	extra
vim-runtime	9.2.1046-1	dependency	no	extra
vinetto	0.07beta-16	explicit	no	blackarch
viper	2099.fdd7855-7	explicit	no	blackarch
vipermonkey	1160.511ecd5-2	explicit	no	blackarch
virglrenderer	1.3.0-2	explicit	no	extra
virt-install	5.1.0-4	explicit	no	extra
virt-manager	5.1.0-4	explicit	no	extra
virt-manager-meta	5-4	explicit	no	garuda
virt-viewer	11.0-4	explicit	no	extra
virt-what	1.27-1	explicit	no	extra
virtiofsd	1.14.0-1	explicit	no	extra
virtualbox	7.2.20-1	explicit	no	extra
virtualbox-ext-oracle	7.2.20-1	explicit	no	chaotic-aur
virtualbox-ext-vnc	7.2.20-1	explicit	no	extra
virtualbox-guest-iso	7.2.20-1	explicit	no	extra
virtualbox-host-dkms	7.2.20-1	explicit	no	extra
virtualbox-meta	2-3	explicit	no	garuda
virtualbox-sdk	7.2.20-1	explicit	no	extra
virustotal	4.9aea023-5	explicit	no	blackarch
visql	49.3082e30-1	explicit	no	blackarch
visual-studio-code-bin	1.139.0-1	explicit	no	chaotic-aur
visualize-logs	118.d2e370e-10	explicit	no	blackarch
vivaldi	8.2.4133.76-1	explicit	no	extra
vivaldi-ffmpeg-codecs	152.0.7977.80-1	explicit	no	extra
vivisect	3:v1.3.2.r10.g66c93f0c-1	explicit	no	blackarch
vlan	1.9-6	dependency	no	blackarch
vlan-hopping	21.a37ba4e-3	explicit	no	blackarch
vlany	255.9ef014a-3	explicit	no	blackarch
vlc	3.0.23_2-16	explicit	no	extra
vlc-cli	3.0.23_2-16	dependency	no	extra
vlc-gui-qt	3.0.23_2-16	dependency	no	extra
vlc-plugin-a52dec	3.0.23_2-16	dependency	no	extra
vlc-plugin-alsa	3.0.23_2-16	dependency	no	extra
vlc-plugin-archive	3.0.23_2-16	dependency	no	extra
vlc-plugin-dav1d	3.0.23_2-16	dependency	no	extra
vlc-plugin-dbus	3.0.23_2-16	dependency	no	extra
vlc-plugin-dbus-screensaver	3.0.23_2-16	dependency	no	extra
vlc-plugin-faad2	3.0.23_2-16	dependency	no	extra
vlc-plugin-ffmpeg	3.0.23_2-16	explicit	no	extra
vlc-plugin-flac	3.0.23_2-16	dependency	no	extra
vlc-plugin-gnutls	3.0.23_2-16	dependency	no	extra
vlc-plugin-inflate	3.0.23_2-16	dependency	no	extra
vlc-plugin-journal	3.0.23_2-16	dependency	no	extra
vlc-plugin-jpeg	3.0.23_2-16	dependency	no	extra
vlc-plugin-lua	3.0.23_2-16	dependency	no	extra
vlc-plugin-matroska	3.0.23_2-16	dependency	no	extra
vlc-plugin-mpg123	3.0.23_2-16	dependency	no	extra
vlc-plugin-ogg	3.0.23_2-16	dependency	no	extra
vlc-plugin-opus	3.0.23_2-16	dependency	no	extra
vlc-plugin-png	3.0.23_2-16	dependency	no	extra
vlc-plugin-pulse	3.0.23_2-16	dependency	no	extra
vlc-plugin-shout	3.0.23_2-16	dependency	no	extra
vlc-plugin-speex	3.0.23_2-16	dependency	no	extra
vlc-plugin-tag	3.0.23_2-16	dependency	no	extra
vlc-plugin-theora	3.0.23_2-16	dependency	no	extra
vlc-plugin-twolame	3.0.23_2-16	dependency	no	extra
vlc-plugin-vorbis	3.0.23_2-16	dependency	no	extra
vlc-plugin-vpx	3.0.23_2-16	dependency	no	extra
vlc-plugin-xml	3.0.23_2-16	dependency	no	extra
vlc-plugins-base	3.0.23_2-16	dependency	no	extra
vlc-plugins-video-output	3.0.23_2-16	dependency	no	extra
vmaf	3.2.1-1	dependency	no	extra
vmap	0.3-1	explicit	no	blackarch
vnak	1:1.cf0fda7-9	explicit	no	blackarch
vnc-bypauth	0.0.1-8	explicit	no	blackarch
vncrack	1.21-5	explicit	no	blackarch
voiper	0.07-12	explicit	no	blackarch
voiphopper	2.04-7	explicit	no	blackarch
voipong	2.0-4	explicit	no	blackarch
volafox	143.5b42987-3	explicit	no	blackarch
volana	v1.0.0.r26.g6dbf9a4-1	explicit	no	blackarch
volatility-extra	92.d9fc072-4	explicit	no	blackarch
volatility3	2.28.0-1	dependency	no	extra
voltron	1:v0.1.8.r0.gbe9e54b-1	explicit	no	blackarch
volume_key	0.3.12-12	dependency	no	extra
vpnc	1:0.5.3.r557.r241-1	dependency	no	extra
vpnpivot	22.37bbde0-1	explicit	no	blackarch
vsaudit	21.2cbc47b-11	explicit	no	blackarch
vscan	10.da4e47e-5	explicit	no	blackarch
vscodium	1.135.06055-1	explicit	no	chaotic-aur
vstt	0.5.3-1	explicit	no	blackarch
vsvbp	6.241a7ab-7	explicit	no	blackarch
vt-cli	1:1.3.1-1	explicit	no	chaotic-aur
vte-common	0.84.1-1	explicit	no	extra
vte3	0.84.1-1	explicit	no	extra
vte4	0.84.1-1	explicit	no	extra
vtk	9.6.2-7	explicit	no	extra
vulkan-headers	1:1.4.357.0-1	dependency	no	extra
vulkan-icd-loader	1.4.357.0-1	dependency	no	extra
vulkan-intel	1:26.2.3-1	dependency	no	extra
vulkan-mesa-implicit-layers	1:26.2.3-1	dependency	no	extra
vulkan-mesa-layers	1:26.2.3-1	dependency	no	extra
vulkan-radeon	1:26.2.3-1	dependency	no	extra
vulkan-swrast	1:26.2.3-1	dependency	no	extra
vulkan-tools	1.4.357.0-1	dependency	no	extra
vulmap	95.a167c47-8	explicit	no	blackarch
vulnerabilities-spider	1.426e70f-11	explicit	no	blackarch
vulnx	1:v1.9.r47.gbcf451d-1	explicit	no	blackarch
vuls	1:v0.35.1.r3.g0ba85f8-2	explicit	no	blackarch
vulscan	2.1-1	dependency	no	extra
w13scan	430.432b835-7	explicit	no	blackarch
w3af	1.6.49-12	dependency	no	blackarch
wafninja	26.ce6ea60-1	explicit	no	blackarch
wafp	0.01_26c3-11	explicit	no	blackarch
wafpass	50.4211785-5	explicit	no	blackarch
wafw00f	902.1fb92e6-1	dependency	no	blackarch
waidps	16.ff8d270-6	explicit	no	blackarch
waldo	29.ee4f960-6	explicit	no	blackarch
wapiti	3.3.2.r0.g594fa49-1	dependency	no	blackarch
warp-terminal-preview	v0.2026.09.16.08.27.preview_01-1	explicit	no	warpdotdev-preview
warpinator	2.0.5-1	explicit	no	extra
wascan	1:37.6926338-1	explicit	no	blackarch
wavemon	0.9.7-1	dependency	no	extra
wavpack	5.9.0-1	dependency	no	extra
waybackpack	1:v0.6.4.r1.gc5507a0-1	explicit	no	blackarch
waybackurls	11.89da10c-1	explicit	no	blackarch
wayland	1.26.0-1	dependency	no	extra
wayland-utils	1.3.0-1	dependency	no	extra
waylandpp	1.0.1-1	explicit	no	extra
waymore	v8.9.r0.g4e02de5-1	explicit	no	blackarch
wayparam	1.0.0-1	explicit	no	blackarch
wcc	1:v0.0.11.r34.gdced7e9-1	explicit	no	chaotic-aur
wce	1.41beta-3	explicit	no	blackarch
wcvs	2.0.0.r2.g75159ea-1	explicit	no	blackarch
wdict	v0.1.20.r0.g05d896c-1	explicit	no	blackarch
web-soul	2-8	explicit	no	blackarch
web2ldap	1.8.1-9	explicit	no	blackarch
webacoo	0.2.3-14	explicit	no	blackarch
webanalyze	128.1aa6bc4-1	explicit	no	blackarch
webborer	173.b323cf4-1	explicit	no	blackarch
webenum	21.24b43b4-3	explicit	no	blackarch
webexploitationtool	155.85bcf0e-4	explicit	no	blackarch
webfixy	25.5d477b0-10	explicit	no	blackarch
webhandler	348.1bd971e-3	explicit	no	blackarch
webhunter	12.918b606-3	explicit	no	blackarch
webkiller	42.d680598-1	explicit	no	blackarch
webkit2gtk	2.50.6-7	dependency	no	blackarch
webkit2gtk-4.1	2.52.6-1	dependency	no	extra
webkitgtk-6.0	2.52.6-1	explicit	no	extra
webpwn3r	38.3d75e76-3	explicit	no	blackarch
webrtc-audio-processing-1	1.3-5	dependency	no	extra
webrute	3.3-10	explicit	no	blackarch
webscarab	20120422.001828-9	explicit	no	blackarch
websearch	4.cb7ef8e-1	explicit	no	blackarch
webshag	1.10-8	explicit	no	blackarch
webshells	46.e8e1a37-1	explicit	no	blackarch
webslayer	5-11	explicit	no	blackarch
websockify	997.3dd228b-1	explicit	no	blackarch
webspa	0.8-4	explicit	no	blackarch
websploit	4.0.4-11	explicit	no	blackarch
webtech	1.3.3-6	explicit	no	blackarch
webxploiter	56.c03fe6b-11	explicit	no	blackarch
weebdns	14.c01c04f-9	explicit	no	blackarch
weeman	91.53c2efa-1	explicit	no	blackarch
weevely	902.ff906a1-4	explicit	no	blackarch
weirdaal	331.c14e36d-9	explicit	no	blackarch
wepbuster	1.0_beta_0.7-12	explicit	no	blackarch
wesng	489.1eab49f-1	explicit	no	blackarch
wfuzz	1157.2263cd0-1	explicit	no	blackarch
wget	1.25.0-6	explicit	no	extra
whapa	394.c17ca34-1	explicit	no	blackarch
whatbreach	42.dad6b9f-3	explicit	no	blackarch
whatportis	54.59a1718-10	explicit	no	blackarch
whatsmyname	2901.ea7dcef-1	explicit	no	blackarch
whatwaf	392.b14e866-4	explicit	no	blackarch
whatweb	1:v0.6.4.r0.gd279d93-1	dependency	no	blackarch
which	2.25-1	explicit	no	core
whichcdn	22.5fc6ddd-12	explicit	no	blackarch
whispers	2.4.0.r0.g24ee0f0-5	explicit	no	blackarch
whitewidow	605.4f27bfe-15	explicit	no	blackarch
whois	5.6.6-1	explicit	no	extra
whoxyrm	1.0.0.r5.g77318a7-1	explicit	no	blackarch
wi-feye	1.1-2	explicit	yes	foreign
wifi-autopwner	36.faa4d01-1	explicit	no	blackarch
wifi-honey	1.0-7	explicit	no	blackarch
wifi-monitor	30.0657e48-3	explicit	no	blackarch
wifi-pumpkin	2:v1.1.7.r2.g344a475-7	explicit	no	blackarch
wifibroot	84.d0cd2cc-4	explicit	no	blackarch
wifichannelmonitor	1.70-1	explicit	no	blackarch
wificurse	0.3.9-5	explicit	no	blackarch
wifijammer	100.be05dab-3	explicit	no	blackarch
wifiphisher	1:800.4ae3365-1	explicit	no	blackarch
wifiscanmap	135.9adcd08-5	explicit	no	blackarch
wifitap	2b16088-11	explicit	no	blackarch
wifite	2:2.8.2-2	dependency	no	extra
wig	574.d5ddd91-11	explicit	no	blackarch
wikigen	8.348aa99-5	explicit	no	blackarch
wildmidi	0.5.0-1	dependency	no	extra
wildpwn	11.4623714-3	explicit	no	blackarch
winboat	0.9.2-1	explicit	no	chaotic-aur
windapsearch	28.7724ec4-9	explicit	no	blackarch
windivert	2.2.0-1	explicit	no	blackarch
windows-binaries	20.7d272da-2	explicit	no	blackarch
windows-exploit-suggester	41.776bd91-4	explicit	no	blackarch
windows-prefetch-parser	88.bc1fa58-7	explicit	no	blackarch
windows-privesc-check	181.9f304fd-7	explicit	no	blackarch
windowsspyblocker	4.38.0-1	explicit	no	blackarch
wine	11.18-1	dependency	no	extra
wine-gecko	2.47.4-2	dependency	no	extra
wine-mono	11.3.0-1	dependency	no	extra
winetricks	20260125-2	dependency	no	extra
winexe	1.00-5	explicit	no	blackarch
winfo	2.0-6	explicit	no	blackarch
wings3d	2.4.1-3	explicit	no	chaotic-aur
winhex	20.4-1	explicit	no	blackarch
winpwn	411.cba1769-1	explicit	no	blackarch
winregfs	161.209a5d6-1	explicit	yes	foreign
winrelay	2.0-1	explicit	no	blackarch
wire-desktop	3.40.3882-1	explicit	yes	foreign
wireguard-tools	1.0.20260223-1	dependency	no	extra
wireless-ids	24.b132071-5	explicit	no	blackarch
wireless-regdb	2026.09.03-1	explicit	no	core
wireless_tools	30.pre9-5	explicit	no	extra
wireplumber	0.5.17-2	explicit	no	extra
wireshark-cli	4.7.3-1	dependency	no	extra
wireshark-qt	4.7.3-1	dependency	no	extra
wirouter-keyrec	1.1.2-3	explicit	no	blackarch
witchxtool	1.1-11	explicit	no	blackarch
wkhtmltopdf	0.12.6-3	dependency	no	blackarch
wl-clipboard	1:2.3.0-1	explicit	no	extra
wlan2eth	1.3-6	explicit	no	blackarch
wmat	3:0.1-9	explicit	no	blackarch
wmbusmeters	1.17.1-1	explicit	no	blackarch
wmd	30.32e249a-9	explicit	no	blackarch
wmi-forensics	11.0ab08dc-10	explicit	no	blackarch
wnmap	0.1-8	explicit	no	blackarch
woff2	1.0.2-6	dependency	no	extra
wol-e	2.0-10	explicit	no	blackarch
wolfssl	5.9.2-1	explicit	no	extra
wolpertinger	2.58ef8e2-1	explicit	no	blackarch
wondershaper	48.98792b5-1	explicit	no	blackarch
wordbrutepress	30.5165648-3	explicit	no	blackarch
wordlistctl	0.9.4-6	explicit	no	blackarch
wordlister	56.7457c21-6	explicit	no	blackarch
wordpot	44.e96889b-4	explicit	no	blackarch
wordpress-exploit-framework	1:v2.0.1.r7.ge55ded4-1	explicit	no	blackarch
wordpresscan	76.f810c1c-3	explicit	no	blackarch
wpa-bruteforcer	4.d5f8586-5	explicit	no	blackarch
wpa2-halfhandshake-crack	29.3f42124-3	explicit	no	blackarch
wpa_supplicant	2:2.12-1	dependency	no	core
wpbf	7.11b6ac1-6	explicit	no	blackarch
wpbrute-rpc	3.e7d8145-18	explicit	no	blackarch
wpbullet	34.6185112-10	explicit	no	blackarch
wpforce	88.b72ec64-3	explicit	no	blackarch
wpintel	6.741c0c9-1	explicit	no	blackarch
wpscan	1:4.0.1-1	dependency	no	extra
wpseku	2:39.862fb2c-2	explicit	no	blackarch
wpsik	8.8d3856b-5	explicit	no	blackarch
wpsweep	1.0-5	explicit	no	blackarch
wqy-zenhei	0.9.45-10	explicit	no	extra
wreckuests	75.69b6c27-10	explicit	no	blackarch
ws-attacker	1.7-3	explicit	no	blackarch
wscript	201.0410be2-1	explicit	no	blackarch
wsfuzzer	1.9.5-11	explicit	no	blackarch
wssip	1:1.1.0.r14.g56d0d2c-1	explicit	no	blackarch
wsuspect-proxy	24.89f9375-10	explicit	no	blackarch
wups	1.4-1	explicit	no	blackarch
wuzz	1:v0.5.0.r24.g82195c6-1	explicit	no	blackarch
wxhexeditor	1:v0.24.r109.gf439d8f-1	explicit	no	blackarch
wxwidgets-common	3.2.11-2	explicit	no	extra
wxwidgets-common-3.0	3.0.5.1-2	dependency	no	blackarch
wxwidgets-gtk3	3.2.11-2	explicit	no	extra
wxwidgets-gtk3-3.0	3.0.5.1-2	dependency	no	blackarch
wyd	0.2-11	explicit	no	blackarch
x-rsa	166.291d4c7-6	explicit	no	blackarch
x-scan	3.3-5	explicit	no	blackarch
x11vnc	1:0.9.17-1	explicit	no	extra
x264	3:0.165.r3222.b35605a-2	dependency	no	extra
x265	4.3-1	dependency	no	extra
x3270	2:4.5ga5-1	dependency	no	blackarch
x64dbg	2025.07.04-1	explicit	no	blackarch
x8	1:v4.3.0.r10.gc78f246-1	explicit	no	blackarch
xapian-core	1:2.1.0-1	explicit	no	extra
xapp	3.2.3-1	explicit	no	extra
xapp-symbolic-icons	1.1.0-1	explicit	no	extra
xcat	266.faaf8fe-9	explicit	no	blackarch
xcavator	5.bd9e2d8-11	explicit	no	blackarch
xcb-imdkit	1.0.9-1	dependency	no	extra
xcb-proto	1.17.0-4	dependency	no	extra
xcb-util	0.4.1-2	dependency	no	extra
xcb-util-cursor	0.1.6-1	dependency	no	extra
xcb-util-image	0.4.1-3	dependency	no	extra
xcb-util-keysyms	0.4.1-5	dependency	no	extra
xcb-util-renderutil	0.3.10-2	dependency	no	extra
xcb-util-wm	0.4.2-2	dependency	no	extra
xcb-util-xrm	1.3-4	dependency	no	extra
xcname	11.9c475a1-7	explicit	no	blackarch
xdg-dbus-proxy	0.1.9-1	dependency	no	extra
xdg-desktop-portal	1.22.1-2	explicit	no	extra
xdg-desktop-portal-gtk	1.15.3-1	explicit	no	extra
xdg-desktop-portal-kde	6.7.5-1	explicit	no	extra
xdg-user-dirs	0.20-1	explicit	no	extra
xdg-utils	1.2.1-2	explicit	no	extra
xdman-beta-bin	8.0.29-8.1	explicit	no	chaotic-aur
xdotool	4.20260303.1-1	dependency	no	extra
xerces-c	3.3.0-4	explicit	no	extra
xerosploit	38.e2c3c7b-6	explicit	no	blackarch
xf86-input-elographics	1.4.4-2	dependency	no	extra
xf86-input-evdev	2.11.0-1	dependency	no	extra
xf86-input-libinput	1.5.0-1	dependency	no	extra
xf86-input-void	1.4.2-2	dependency	no	extra
xf86-input-wacom	1.2.4-1	dependency	no	extra
xf86-video-amdgpu	25.0.0-1	explicit	no	extra
xf86-video-dummy	0.4.1-3	dependency	no	extra
xfburn	0.8.0-1	explicit	no	extra
xfce4-appfinder	4.20.0-2	explicit	no	extra
xfce4-battery-plugin	1.2.0-1	explicit	no	extra
xfce4-clipman-plugin	1.7.0-1	explicit	no	extra
xfce4-cpufreq-plugin	1.3.0-1	explicit	no	extra
xfce4-cpugraph-plugin	1.3.0-1	explicit	no	extra
xfce4-dict	0.8.10-1	explicit	no	extra
xfce4-diskperf-plugin	2.8.0-2	explicit	no	extra
xfce4-eyes-plugin	4.7.0-1	explicit	no	extra
xfce4-fsguard-plugin	1.2.0-1	explicit	no	extra
xfce4-genmon-plugin	4.3.0-1	explicit	no	extra
xfce4-mailwatch-plugin	1.4.0-1	explicit	no	extra
xfce4-mount-plugin	1.2.0-1	explicit	no	extra
xfce4-mpc-plugin	0.6.0-1	explicit	no	extra
xfce4-netload-plugin	1.5.0-1	explicit	no	extra
xfce4-notes-plugin	1.12.0-1	explicit	no	extra
xfce4-notifyd	0.9.7-2	explicit	no	extra
xfce4-panel	4.20.8-1	explicit	no	extra
xfce4-places-plugin	1.9.0-1	explicit	no	extra
xfce4-power-manager	4.20.1-1	explicit	no	extra
xfce4-pulseaudio-plugin	0.5.1-1	explicit	no	extra
xfce4-screensaver	4.20.2-1	explicit	no	extra
xfce4-screenshooter	1.11.3-3	explicit	no	extra
xfce4-sensors-plugin	1.5.0-2	explicit	no	extra
xfce4-session	4.20.4-1	explicit	no	extra
xfce4-settings	4.20.5-1	explicit	no	extra
xfce4-smartbookmark-plugin	0.6.0-2	explicit	no	extra
xfce4-systemload-plugin	1.4.0-1	explicit	no	extra
xfce4-taskmanager	1.6.0-1	explicit	no	extra
xfce4-terminal	1.2.0-1	explicit	no	extra
xfce4-time-out-plugin	1.2.0-1	explicit	no	extra
xfce4-timer-plugin	1.8.0-1	explicit	no	extra
xfce4-verve-plugin	2.1.0-1	explicit	no	extra
xfce4-wavelan-plugin	0.7.0-2	explicit	no	extra
xfce4-weather-plugin	0.12.0-2	explicit	no	extra
xfce4-whiskermenu-plugin	2.10.1-2	explicit	no	extra
xfce4-xkb-plugin	0.9.0-1	explicit	no	extra
xfconf	4.20.0-2	explicit	no	extra
xfdesktop	4.20.2-1	explicit	no	extra
xfltreat	270.17d4ec8-3	explicit	no	blackarch
xfsprogs	7.2.0-1	explicit	no	core
xfwm4	4.20.0-2	explicit	no	extra
xkeyboard-config	2.48-1	dependency	no	extra
xl2tpd	1.3.20-1	dependency	no	extra
xmlrpc-bruteforcer	36.6a46371-2	explicit	no	blackarch
xmlsec	1.3.12-1	dependency	no	extra
xmlstarlet	1.7.0-1	dependency	no	extra
xorbruteforcer	0.1-5	explicit	no	blackarch
xorg-fonts-encodings	1.1.0-2	dependency	no	extra
xorg-iceauth	1.0.11-1	dependency	no	extra
xorg-mkfontscale	1.2.4-2	dependency	no	extra
xorg-server	21.1.24-1	dependency	no	extra
xorg-server-common	21.1.24-1	dependency	no	extra
xorg-server-xvfb	21.1.24-1	dependency	no	extra
xorg-setxkbmap	1.3.5-1	dependency	no	extra
xorg-xauth	1.1.5-1	dependency	no	extra
xorg-xdpyinfo	1.4.0-1	dependency	no	extra
xorg-xinit	1.4.4-1	dependency	no	extra
xorg-xkbcomp	1.5.0-1	dependency	no	extra
xorg-xmessage	1.0.7-2	dependency	no	extra
xorg-xmodmap	1.0.12-1	dependency	no	extra
xorg-xprop	1.2.8-1	dependency	no	extra
xorg-xrandr	1.5.4-1	dependency	no	extra
xorg-xrdb	1.2.3-1	dependency	no	extra
xorg-xset	1.2.6-1	dependency	no	extra
xorg-xsetroot	1.1.4-1	dependency	no	extra
xorg-xwayland	24.1.13-1	dependency	no	extra
xorg-xwininfo	1.1.7-1	explicit	no	extra
xorgproto	2025.1-1	dependency	no	extra
xorsearch	1.11.4-1	explicit	no	blackarch
xortool	1.1.0-1	dependency	no	extra
xpire-crossdomain-scanner	1.0cb8d3b-5	explicit	no	blackarch
xpl-search	42.d4dbc97-2	explicit	no	blackarch
xplico	1:1.2.2-2	explicit	no	blackarch
xprobe2	0.3-10	explicit	no	blackarch
xray	109.7e8cc67-1	explicit	no	chaotic-aur
xrdp	0.10.6.1-1	dependency	no	chaotic-aur
xrop	83.4af7452-1	explicit	no	blackarch
xsel	1.2.1-2	explicit	no	extra
xsettingsd	1.0.4-1	dependency	no	extra
xspear	2:1.4.1.r10.gf7bab38-1	explicit	no	blackarch
xspy	1.0c-6	explicit	no	blackarch
xsrfprobe	590.0dbc5c2-1	explicit	no	blackarch
xss-freak	17.e361766-2	explicit	no	blackarch
xsscon	45.ce91fd6-9	explicit	no	blackarch
xsscrapy	153.4966255-4	explicit	no	blackarch
xsser	2:1.9-2	dependency	no	blackarch
xssless	45.8e7ebe1-4	explicit	no	blackarch
xsspy	60.b10d336-3	explicit	no	blackarch
xsss	0.40b-9	explicit	no	blackarch
xssscan	1:17.7f1ea90-4	explicit	no	blackarch
xsssniper	79.02b59af-4	explicit	no	blackarch
xsstracer	5.f2ed21a-5	dependency	no	blackarch
xsstrike	475.ab27955-2	explicit	no	blackarch
xssya	1:13.cd62817-3	explicit	no	blackarch
xterm	411-1	dependency	no	extra
xvidcore	1.3.7-4	dependency	no	extra
xwaf	162.c6f6bb7-7	explicit	no	blackarch
xxeinjector	56.150067a-3	explicit	no	blackarch
xxeserv	14.2c7f444-1	explicit	no	blackarch
xxexploiter	103.c1f0f41-1	explicit	no	blackarch
xxhash	0.8.4-1	dependency	no	extra
xxxpwn	10.27a2d27-3	explicit	no	blackarch
xxxpwn-smart	6.b11b95b-3	explicit	no	blackarch
xz	5.8.4-1	explicit	no	core
yaaf	7.4d6273a-10	explicit	no	blackarch
yad	15.0-2	dependency	no	extra
yaf	2.12.2-1	explicit	no	blackarch
yajl	2.1.0-7	explicit	no	extra
yakuake	26.08.1-1	explicit	no	extra
yaml-cpp	0.9.0-1	explicit	no	extra
yara	4.5.8-1	dependency	no	extra
yasat	848-2	explicit	no	blackarch
yasca	2.1-3	explicit	no	blackarch
yasuo	121.994dcb1-12	explicit	no	blackarch
yate	6.4.1-1	dependency	no	extra
yate-bts	6.1.0-1	explicit	no	blackarch
yawast	1:0.12.1-2	explicit	no	blackarch
yay	13.0.1-1	explicit	no	chaotic-aur
ycrawler	0.1-9	explicit	no	blackarch
ydotool	1.0.4-2	explicit	no	extra
yersinia	0.8.2-2	explicit	no	blackarch
yeti	3518.d34d72e7-1	explicit	no	blackarch
yinjector	0.1-6	explicit	no	blackarch
ysoserial	0.0.6-1	explicit	no	blackarch
yt-dlp	2026.08.19-1	explicit	no	extra
yt-dlp-ejs	0.8.0-1	explicit	no	extra
yyjson	0.13.0-1	dependency	no	extra
z3	4.16.0-1	dependency	no	extra
zackattack	5.1f96c14-11	explicit	no	blackarch
zaproxy	2.17.0-4	dependency	no	extra
zarn	0.0.9.r140.g7f27c14-1	explicit	no	blackarch
zarp	0.1.8-8	explicit	no	blackarch
zbar	0.23.93-7	dependency	no	extra
zdns	1:v2.1.1.r8.g81eff11-1	explicit	no	blackarch
zed	1.21.0-1	explicit	no	extra
zeek	2:v9.1.0.dev.r96.ga33fd27-1	explicit	no	blackarch
zeek-aux	792.dd56b66-1	explicit	no	blackarch
zelos	272.506554d-9	explicit	no	blackarch
zenity	4.2.2-1	explicit	no	extra
zeratool	48.3fb3262-6	explicit	no	blackarch
zeromq	4.3.5-3	dependency	no	extra
zerowine	0.0.2-10	explicit	no	blackarch
zeus	111.97db152-8	explicit	no	blackarch
zeus-scanner	414.21b8756-10	explicit	no	blackarch
zgrab	804.59a517f-1	dependency	no	blackarch
zgrab2	1:v1.0.0.r80.g7359da6-1	explicit	no	blackarch
zimg	3.0.6-2	dependency	no	extra
zint	2.16.0-2	dependency	no	extra
zip	3.0-14	explicit	no	extra
zipdump	0.0.21-3	explicit	no	blackarch
zipexec	19.f8d661f-1	explicit	no	blackarch
zirikatu	7.afe1d9c-1	explicit	no	blackarch
zita-ajbridge	0.8.4-4	explicit	no	extra
zita-alsa-pcmi	0.6.1-3	explicit	no	extra
zita-resampler	1.11.2-2	explicit	no	extra
zix	0.8.2-1	dependency	no	extra
zizzania	124.8f2062f-1	explicit	no	blackarch
zlib	1:1.3.2-3	dependency	no	core
zlib-ng	2.3.3-1	dependency	no	extra
zmap	4.4.0-1	dependency	no	extra
zoom	7.2.1-1	explicit	no	chaotic-aur
zram-generator	1.2.1-1	dependency	no	extra
zsh	5.9.2-1	dependency	no	extra
zssh	1.5c-15	dependency	no	extra
zstd	1.5.7-3	dependency	no	core
zsteg	v0.2.14.r0.gb75b578-1	explicit	no	blackarch
zulu	0.1-4	explicit	no	blackarch
zulucrypt	7.1.1-1	explicit	no	blackarch
zvbi	0.2.45-1	dependency	no	extra
zxing-cpp	3.1.1-1	dependency	no	extra
zycore-c	1.5.2-1	dependency	no	extra
zydis	4.1.1-2	dependency	no	extra
zykeys	0.1-4	explicit	no	blackarch
zziplib	0.13.80-1	dependency	no	extra
zzuf	0.15-3	dependency	no	extra
