2026-07-09 10:03:57,678 - INFO - Ensuring database lock is released...
2026-07-09 10:03:57,865 - INFO - --- [Auto-Detect & Fix Phase] ---
2026-07-09 10:03:57,997 - INFO - Snapper PRE-snapshot #1070 created: aio-update-full [pre]
2026-07-09 10:03:58,402 - INFO - Snapper PRE-snapshot #1071 created: ensure-helpers [pre]
2026-07-09 10:03:58,403 - INFO - Checking prerequisites...
2026-07-09 10:03:58,778 - INFO - Snapper POST-snapshot #1072 (paired with pre #1071): ensure-helpers [post-OK]
2026-07-09 10:03:59,084 - INFO - Snapper PRE-snapshot #1073 created: mirror-optimization [pre]
2026-07-09 10:03:59,085 - INFO - Requested https://ipinfo.io/json
2026-07-09 10:03:59,085 - WARNING - Geolocation lookup failed: name 'requests' is not defined
2026-07-09 10:03:59,085 - INFO - Optimizing mirrors for location: Global (?, ?)
2026-07-09 10:03:59,085 - INFO - Tier 3: global fastest with health thresholds
2026-07-09 10:03:59,086 - INFO - Running: sudo reflector --age 12 --score 15 --completion-percent 95 --fastest 20 --sort rate --protocol https --connection-timeout 3 --download-timeout 5 --threads 4 --save /etc/pacman.d/mirrorlist
2026-07-09 10:04:02,296 - INFO - Mirrorlist optimized via global fastest.
2026-07-09 10:04:02,641 - INFO - Snapper POST-snapshot #1074 (paired with pre #1073): mirror-optimization [post-OK]
2026-07-09 10:04:02,641 - INFO - Ensuring database lock is released...
2026-07-09 10:04:02,855 - INFO - Pinning known downgrade conflicts...
2026-07-09 10:04:02,856 - INFO - Ensuring database lock is released...
2026-07-09 10:04:03,059 - INFO - Trying substitute dep: 'linenoise-ng' for 'linenoise'
2026-07-09 10:04:03,059 - INFO - Running: Install substitute dep linenoise-ng
2026-07-09 10:04:03,335 - INFO - Snapper POST-snapshot #1075 (paired with pre #1070): aio-update-full [post-OK]
2026-07-09 10:04:03,337 - INFO - Process finished with status: pending
2026-07-09 10:04:11,566 - INFO - Ensuring database lock is released...
2026-07-09 10:04:11,757 - INFO - --- [Auto-Detect & Fix Phase] ---
2026-07-09 10:04:11,920 - INFO - Snapper PRE-snapshot #1076 created: aio-update-full [pre]
2026-07-09 10:04:12,255 - INFO - Snapper PRE-snapshot #1077 created: ensure-helpers [pre]
2026-07-09 10:04:12,255 - INFO - Checking prerequisites...
2026-07-09 10:04:12,598 - INFO - Snapper POST-snapshot #1078 (paired with pre #1077): ensure-helpers [post-OK]
2026-07-09 10:04:12,908 - INFO - Snapper PRE-snapshot #1079 created: mirror-optimization [pre]
2026-07-09 10:04:12,909 - INFO - Requested https://ipinfo.io/json
2026-07-09 10:04:12,909 - WARNING - Geolocation lookup failed: name 'requests' is not defined
2026-07-09 10:04:12,909 - INFO - Optimizing mirrors for location: Global (?, ?)
2026-07-09 10:04:12,909 - INFO - Tier 3: global fastest with health thresholds
2026-07-09 10:04:12,909 - INFO - Running: sudo reflector --age 12 --score 15 --completion-percent 95 --fastest 20 --sort rate --protocol https --connection-timeout 3 --download-timeout 5 --threads 4 --save /etc/pacman.d/mirrorlist
2026-07-09 10:04:23,258 - INFO - Mirrorlist optimized via global fastest.
2026-07-09 10:04:23,612 - INFO - Snapper POST-snapshot #1080 (paired with pre #1079): mirror-optimization [post-OK]
2026-07-09 10:04:23,613 - INFO - Ensuring database lock is released...
2026-07-09 10:04:23,814 - INFO - Pinning known downgrade conflicts...
2026-07-09 10:04:23,815 - INFO - Ensuring database lock is released...
2026-07-09 10:04:24,024 - INFO - Trying substitute dep: 'linenoise-ng' for 'linenoise'
2026-07-09 10:04:24,024 - INFO - Running: Install substitute dep linenoise-ng
2026-07-09 10:04:24,616 - INFO - Running: Retry wcc after substitute
2026-07-09 10:04:25,808 - INFO - Running: Query repos for wcc
2026-07-09 10:04:26,493 - INFO - Trying 'wcc' from repo 'chaotic-aur'
2026-07-09 10:04:26,493 - INFO - Running: Install wcc from chaotic-aur
2026-07-09 10:04:27,350 - INFO - Trying 'wcc' from repo 'blackarch'
2026-07-09 10:04:27,350 - INFO - Running: Install wcc from blackarch
2026-07-09 10:04:27,595 - INFO - Resolved 'wcc' from alternate repo 'blackarch'
2026-07-09 10:04:27,595 - INFO - Pinned 'wcc' + 'linenoise' — immutable for this update
2026-07-09 10:04:27,595 - INFO - Immutable packages: {'wcc', 'linenoise'}
2026-07-09 10:04:27,595 - INFO - Ensuring database lock is released...
2026-07-09 10:04:27,903 - INFO - Snapper PRE-snapshot #1081 created: system-fixes [pre]
2026-07-09 10:04:27,904 - INFO - --- Applying preventive system fixes ---
2026-07-09 10:04:27,926 - INFO - Dracut configuration already exists — skipping.
2026-07-09 10:04:27,926 - INFO - Kernel install configuration already exists — skipping.
2026-07-09 10:04:27,926 - INFO - Scanning for packages with missing shared library deps...
2026-07-09 10:05:04,950 - INFO - Found 2 packages with missing files — upgrading: ['perl-test-nowarnings', 'warning']
2026-07-09 10:05:04,950 - INFO - Upgrading broken package: perl-test-nowarnings
2026-07-09 10:05:05,524 - INFO - Upgraded 'perl-test-nowarnings' via pacman
2026-07-09 10:05:05,524 - INFO - Upgrading broken package: warning
2026-07-09 10:05:10,060 - INFO - Upgraded 'warning' via yay
2026-07-09 10:05:10,060 - INFO - Broken .so upgrade pass complete.
2026-07-09 10:05:10,060 - INFO - Upgrading Python packages...
2026-07-09 10:05:10,060 - INFO - Ensuring pip is up to date...
2026-07-09 10:05:15,109 - INFO - Upgrading all pip packages in parallel (8 workers)...
2026-07-09 10:05:16,996 - INFO - Pip parallel upgrade complete.
2026-07-09 10:10:17,097 - WARNING - Python upgrade failed (non-critical): Command '['bash', '-c', 'pacman -Qq | xargs -I{} pacman -Ql {} 2>/dev/null | grep -oP \'^\\S+ /usr/lib/python3\\.\\d+/\' | awk \'{split($2,a,"/"); print $1, a[4]}\' | sort -u']' timed out after 300 seconds
2026-07-09 10:10:17,097 - INFO - --- System fixes complete ---
2026-07-09 10:10:17,220 - INFO - Snapper POST-snapshot #1082 (paired with pre #1081): system-fixes [post-OK]
2026-07-09 10:10:18,071 - INFO - Kernel upgrade detected in pending updates: ['linux-hardened', 'linux-hardened-headers', 'linux-lts', 'linux-lts-headers', 'linux-zen', 'linux-zen-headers']
2026-07-09 10:10:18,071 - INFO - Ensuring database lock is released...
2026-07-09 10:10:18,340 - INFO - Snapper PRE-snapshot #1083 created: ensure-blackarch-repo [pre]
2026-07-09 10:10:18,340 - INFO - Checking BlackArch repository configuration...
2026-07-09 10:10:18,683 - INFO - Snapper POST-snapshot #1084 (paired with pre #1083): ensure-blackarch-repo [post-OK]
2026-07-09 10:10:18,684 - INFO - Ensuring database lock is released...
2026-07-09 10:10:18,987 - INFO - Snapper PRE-snapshot #1085 created: update-keyrings [pre]
2026-07-09 10:10:18,988 - INFO - Updating keyrings...
2026-07-09 10:10:18,988 - INFO - Running: Updating keyrings
2026-07-09 10:10:20,095 - INFO - Snapper POST-snapshot #1086 (paired with pre #1085): update-keyrings [post-OK]
2026-07-09 10:10:20,095 - INFO - Ensuring database lock is released...
2026-07-09 10:10:20,428 - INFO - Snapper PRE-snapshot #1087 created: install-metapackages [pre]
2026-07-09 10:10:20,429 - INFO - Ensuring essential metapackages...
2026-07-09 10:10:20,429 - INFO - Running: Installing blackarch-officials
2026-07-09 10:10:21,798 - INFO - Snapper POST-snapshot #1088 (paired with pre #1087): install-metapackages [post-OK]
2026-07-09 10:10:22,388 - INFO - Snapper PRE-snapshot #1089 created: sync-categories [pre]
2026-07-09 10:10:22,389 - INFO - Synchronizing BlackArch categories...
2026-07-09 10:10:22,389 - INFO - Running: Fetching categories
2026-07-09 10:10:23,136 - INFO - New categories detected and added: ['blackarch-wordlist', 'blackarch-defensive', 'blackarch-threat-model', 'blackarch-automobile', 'blackarch-reocn', 'blackarch-ai']
2026-07-09 10:10:23,367 - INFO - Snapper POST-snapshot #1090 (paired with pre #1089): sync-categories [post-OK]
2026-07-09 10:10:23,743 - INFO - Snapper PRE-snapshot #1091 created: download-updates [pre]
2026-07-09 10:10:23,743 - INFO - Starting Parallel Download Phase...
2026-07-09 10:10:23,743 - INFO - Ensuring database lock is released...
2026-07-09 10:10:23,936 - INFO - Running: Downloading Pacman updates
2026-07-09 10:10:23,937 - INFO - Running: Downloading AUR updates (paru)
2026-07-09 10:19:56,902 - INFO - Analyzing error output for auto-fix...
2026-07-09 10:19:56,904 - INFO - Starting Parallel Download Phase...
2026-07-09 10:19:56,904 - INFO - Ensuring database lock is released...
2026-07-09 10:19:57,095 - INFO - Running: Downloading Pacman updates
2026-07-09 10:19:57,096 - INFO - Running: Downloading AUR updates (paru)
2026-07-09 10:25:01,294 - INFO - Snapper POST-snapshot #1092 (paired with pre #1091): download-updates [post-OK]
2026-07-09 10:25:01,658 - INFO - Snapper PRE-snapshot #1093 created: install-updates [pre]
2026-07-09 10:25:01,659 - INFO - Starting Sequential Installation Phase...
2026-07-09 10:25:01,659 - INFO - Ensuring database lock is released...
2026-07-09 10:25:01,846 - INFO - Running: Installing Pacman updates
2026-07-09 10:28:00,657 - ERROR - Command failed: Installing Pacman updates. Error: [1;33mwarning: [0mpaho-mqtt-c: downgrading from version 1.3.14-2 to version 1.3.10-1
[1;33mwarning: [0mpython-grandalf: downgrading from version 0.8-5 to version 0.8-1
[1;33mwarning: [0mwcc: ignoring package downgrade (1:v0.0.11.r34.gdced7e9-1 => 0.0.11-1)
[1;33mwarning: [0mxray: downgrading from version 109.7e8cc67-1 to version 26.3.27-1
[1;33mwarning: [0minsufficient columns available for table display
[1;31merror: [0mfailed to commit transaction (conflicting files)
metasploit: /usr/share/doc/metasploit exists in filesystem
2026-07-09 10:28:00,657 - INFO - Analyzing error output for auto-fix...
2026-07-09 10:28:00,657 - INFO - Starting Sequential Installation Phase...
2026-07-09 10:28:00,657 - INFO - Ensuring database lock is released...
2026-07-09 10:28:00,850 - INFO - Running: Installing Pacman updates
2026-07-09 10:30:55,712 - ERROR - Command failed: Installing Pacman updates. Error: [1;33mwarning: [0mpaho-mqtt-c: downgrading from version 1.3.14-2 to version 1.3.10-1
[1;33mwarning: [0mpython-grandalf: downgrading from version 0.8-5 to version 0.8-1
[1;33mwarning: [0mwcc: ignoring package downgrade (1:v0.0.11.r34.gdced7e9-1 => 0.0.11-1)
[1;33mwarning: [0mxray: downgrading from version 109.7e8cc67-1 to version 26.3.27-1
[1;33mwarning: [0minsufficient columns available for table display
[1;31merror: [0mfailed to commit transaction (conflicting files)
metasploit: /usr/share/doc/metasploit exists in filesystem
2026-07-09 10:30:55,832 - INFO - Snapper POST-snapshot #1094 (paired with pre #1093): install-updates [post-OK]
2026-07-09 10:30:56,210 - INFO - Snapper PRE-snapshot #1095 created: cleanup-orphans [pre]
2026-07-09 10:30:56,210 - INFO - Running: Orphan Cleanup
2026-07-09 10:31:32,422 - INFO - Snapper POST-snapshot #1098 (paired with pre #1095): cleanup-orphans [post-OK]
2026-07-09 10:31:32,423 - INFO - --- [Post-Update Kernel Tasks] ---
2026-07-09 10:31:32,803 - INFO - Snapper PRE-snapshot #1099 created: dkms-rebuild [pre]
2026-07-09 10:31:32,804 - INFO - DKMS modules detected (4), rebuilding...
2026-07-09 10:31:32,804 - INFO - Rebuilding all DKMS modules...
2026-07-09 10:31:53,436 - ERROR - DKMS autoinstall failed: Deprecated feature: CLEAN (/var/lib/dkms/rtl8814au/5.8.5.1.r206.gb1866ce/source/dkms.conf)

Error! Bad return status for module build on kernel: 7.1.0-rc1-1-mainline (x86_64)
Consult /var/lib/dkms/rtl8814au/5.8.5.1.r206.gb1866ce/build/make.log for more information.

Error! Bad return status for module build on kernel: 7.1.0-rc1-1-mainline (x86_64)
Consult /var/lib/dkms/tyton/80.56494f3/build/make.log for more information.

Error! One or more modules failed to install during autoinstall.
Refer to previous errors for more information.
2026-07-09 10:31:53,437 - ERROR - DKMS rebuild had errors — check dkms status manually.
2026-07-09 10:31:53,749 - INFO - Snapper POST-snapshot #1100 (paired with pre #1099): dkms-rebuild [post-OK]
2026-07-09 10:31:54,105 - INFO - Snapper PRE-snapshot #1101 created: regenerate-initramfs [pre]
2026-07-09 10:31:54,105 - INFO - Regenerating initramfs with dracut...
2026-07-09 10:31:54,107 - INFO - Regenerating initramfs for kernel 6.18.25-1-lts...
2026-07-09 10:31:56,920 - ERROR - Failed to regenerate initramfs for 6.18.25-1-lts: dracut[F]: Can't write to /boot/efi/dc502aedbc0d4149b7adbc9102a64605/6.18.25-1-lts: Directory /boot/efi/dc502aedbc0d4149b7adbc9102a64605/6.18.25-1-lts does not exist or is not accessible.
2026-07-09 10:31:56,921 - INFO - Regenerating initramfs for kernel 6.19.10-hardened1-1-hardened...
2026-07-09 10:31:59,259 - ERROR - Failed to regenerate initramfs for 6.19.10-hardened1-1-hardened: dracut[F]: Can't write to /boot/efi/dc502aedbc0d4149b7adbc9102a64605/6.19.10-hardened1-1-hardened: Directory /boot/efi/dc502aedbc0d4149b7adbc9102a64605/6.19.10-hardened1-1-hardened does not exist or is not accessible.
2026-07-09 10:31:59,259 - INFO - Regenerating initramfs for kernel 7.0.14-arch1-1...
2026-07-09 10:32:01,538 - ERROR - Failed to regenerate initramfs for 7.0.14-arch1-1: dracut[F]: /usr/lib/modules/7.0.14-arch1-1/modules.dep is missing. Did you run depmod?
2026-07-09 10:32:01,538 - INFO - Regenerating initramfs for kernel 7.0.2-zen1-1-zen...
2026-07-09 10:32:03,884 - ERROR - Failed to regenerate initramfs for 7.0.2-zen1-1-zen: dracut[F]: Can't write to /boot/efi/dc502aedbc0d4149b7adbc9102a64605/7.0.2-zen1-1-zen: Directory /boot/efi/dc502aedbc0d4149b7adbc9102a64605/7.0.2-zen1-1-zen does not exist or is not accessible.
2026-07-09 10:32:03,885 - INFO - Regenerating initramfs for kernel 7.1.0-rc1-1-mainline...
2026-07-09 10:32:06,643 - ERROR - Failed to regenerate initramfs for 7.1.0-rc1-1-mainline: dracut[F]: Can't write to /boot/efi/dc502aedbc0d4149b7adbc9102a64605/7.1.0-rc1-1-mainline: Directory /boot/efi/dc502aedbc0d4149b7adbc9102a64605/7.1.0-rc1-1-mainline does not exist or is not accessible.
2026-07-09 10:32:07,056 - INFO - Snapper POST-snapshot #1102 (paired with pre #1101): regenerate-initramfs [post-OK]
2026-07-09 10:32:07,444 - INFO - Snapper POST-snapshot #1103 (paired with pre #1076): aio-update-full [post-OK]
2026-07-09 10:32:07,445 - INFO - Unified update complete!
2026-07-09 10:32:07,446 - INFO - Process finished with status: success
2026-07-14 09:18:29,774 - INFO - Ensuring database lock is released...
2026-07-14 09:18:29,979 - INFO - --- [Auto-Detect & Fix Phase] ---
2026-07-14 09:18:30,221 - INFO - Snapper PRE-snapshot #1106 created: aio-update-full [pre]
2026-07-14 09:18:30,381 - INFO - Snapper PRE-snapshot #1107 created: ensure-helpers [pre]
2026-07-14 09:18:30,382 - INFO - Checking prerequisites...
2026-07-14 09:18:30,519 - INFO - Snapper POST-snapshot #1108 (paired with pre #1107): ensure-helpers [post-OK]
2026-07-14 09:18:30,591 - INFO - Snapper PRE-snapshot #1109 created: mirror-optimization [pre]
2026-07-14 09:18:30,592 - INFO - Requested https://ipinfo.io/json
2026-07-14 09:18:30,592 - WARNING - Geolocation lookup failed: name 'requests' is not defined
2026-07-14 09:18:30,592 - INFO - Optimizing mirrors for location: Global (?, ?)
2026-07-14 09:18:30,592 - INFO - Tier 3: global fastest with health thresholds
2026-07-14 09:18:30,592 - INFO - Running: sudo reflector --age 12 --score 15 --completion-percent 95 --fastest 20 --sort rate --protocol https --connection-timeout 3 --download-timeout 5 --threads 4 --save /etc/pacman.d/mirrorlist
2026-07-14 09:18:45,739 - INFO - Mirrorlist optimized via global fastest.
2026-07-14 09:18:45,939 - INFO - Snapper POST-snapshot #1110 (paired with pre #1109): mirror-optimization [post-OK]
2026-07-14 09:18:45,940 - INFO - Ensuring database lock is released...
2026-07-14 09:18:46,180 - INFO - Pinning known downgrade conflicts...
2026-07-14 09:18:46,181 - INFO - Ensuring database lock is released...
2026-07-14 09:18:46,409 - INFO - Trying substitute dep: 'linenoise-ng' for 'linenoise'
2026-07-14 09:18:46,410 - INFO - Running: Install substitute dep linenoise-ng
2026-07-14 09:18:47,032 - INFO - Running: Retry wcc after substitute
2026-07-14 09:18:47,971 - INFO - Running: Query repos for wcc
2026-07-14 09:18:48,644 - INFO - Trying 'wcc' from repo 'chaotic-aur'
2026-07-14 09:18:48,644 - INFO - Running: Install wcc from chaotic-aur
2026-07-14 09:18:49,523 - INFO - Trying 'wcc' from repo 'blackarch'
2026-07-14 09:18:49,523 - INFO - Running: Install wcc from blackarch
2026-07-14 09:18:49,774 - INFO - Resolved 'wcc' from alternate repo 'blackarch'
2026-07-14 09:18:49,774 - INFO - Pinned 'wcc' + 'linenoise' — immutable for this update
2026-07-14 09:18:49,774 - INFO - Immutable packages: {'wcc', 'linenoise'}
2026-07-14 09:18:49,774 - INFO - Ensuring database lock is released...
2026-07-14 09:18:50,095 - INFO - Snapper PRE-snapshot #1111 created: system-fixes [pre]
2026-07-14 09:18:50,095 - INFO - --- Applying preventive system fixes ---
2026-07-14 09:18:50,117 - INFO - Dracut configuration already exists — skipping.
2026-07-14 09:18:50,117 - INFO - Kernel install configuration already exists — skipping.
2026-07-14 09:18:50,117 - INFO - Scanning for packages with missing shared library deps...
2026-07-14 09:19:31,842 - INFO - Found 2 packages with missing files — upgrading: ['perl-test-nowarnings', 'warning']
2026-07-14 09:19:31,842 - INFO - Upgrading broken package: perl-test-nowarnings
2026-07-14 09:19:32,403 - INFO - Upgraded 'perl-test-nowarnings' via pacman
2026-07-14 09:19:32,404 - INFO - Upgrading broken package: warning
2026-07-14 09:19:37,282 - INFO - Upgraded 'warning' via yay
2026-07-14 09:19:37,282 - INFO - Broken .so upgrade pass complete.
2026-07-14 09:19:37,282 - INFO - Upgrading Python packages...
2026-07-14 09:19:37,282 - INFO - Ensuring pip is up to date...
2026-07-14 09:19:42,384 - INFO - Upgrading all pip packages in parallel (8 workers)...
2026-07-14 09:19:44,382 - INFO - Pip parallel upgrade complete.
2026-07-14 09:24:44,484 - WARNING - Python upgrade failed (non-critical): Command '['bash', '-c', 'pacman -Qq | xargs -I{} pacman -Ql {} 2>/dev/null | grep -oP \'^\\S+ /usr/lib/python3\\.\\d+/\' | awk \'{split($2,a,"/"); print $1, a[4]}\' | sort -u']' timed out after 300 seconds
2026-07-14 09:24:44,484 - INFO - --- System fixes complete ---
2026-07-14 09:24:44,581 - INFO - Snapper POST-snapshot #1112 (paired with pre #1111): system-fixes [post-OK]
2026-07-14 09:24:45,453 - INFO - Kernel upgrade detected in pending updates: ['linux', 'linux-hardened', 'linux-hardened-headers', 'linux-lts', 'linux-lts-headers', 'linux-zen', 'linux-zen-headers']
2026-07-14 09:24:45,453 - INFO - Ensuring database lock is released...
2026-07-14 09:24:45,732 - INFO - Snapper PRE-snapshot #1113 created: ensure-blackarch-repo [pre]
2026-07-14 09:24:45,732 - INFO - Checking BlackArch repository configuration...
2026-07-14 09:24:45,824 - INFO - Snapper POST-snapshot #1114 (paired with pre #1113): ensure-blackarch-repo [post-OK]
2026-07-14 09:24:45,825 - INFO - Ensuring database lock is released...
2026-07-14 09:24:46,117 - INFO - Snapper PRE-snapshot #1115 created: update-keyrings [pre]
2026-07-14 09:24:46,118 - INFO - Updating keyrings...
2026-07-14 09:24:46,118 - INFO - Running: Updating keyrings
2026-07-14 09:25:14,940 - INFO - Snapper POST-snapshot #1118 (paired with pre #1115): update-keyrings [post-OK]
2026-07-14 09:25:14,941 - INFO - Ensuring database lock is released...
2026-07-14 09:25:15,244 - INFO - Snapper PRE-snapshot #1119 created: install-metapackages [pre]
2026-07-14 09:25:15,245 - INFO - Ensuring essential metapackages...
2026-07-14 09:25:15,245 - INFO - Running: Installing blackarch-officials
2026-07-14 09:25:16,482 - INFO - Snapper POST-snapshot #1120 (paired with pre #1119): install-metapackages [post-OK]
2026-07-14 09:25:16,688 - INFO - Snapper PRE-snapshot #1121 created: sync-categories [pre]
2026-07-14 09:25:16,689 - INFO - Synchronizing BlackArch categories...
2026-07-14 09:25:16,689 - INFO - Running: Fetching categories
2026-07-14 09:25:17,462 - INFO - New categories detected and added: ['blackarch-defensive', 'blackarch-ai', 'blackarch-reocn', 'blackarch-threat-model', 'blackarch-wordlist', 'blackarch-automobile']
2026-07-14 09:25:17,628 - INFO - Snapper POST-snapshot #1122 (paired with pre #1121): sync-categories [post-OK]
2026-07-14 09:25:17,755 - INFO - Snapper PRE-snapshot #1123 created: download-updates [pre]
2026-07-14 09:25:17,755 - INFO - Starting Parallel Download Phase...
2026-07-14 09:25:17,755 - INFO - Ensuring database lock is released...
2026-07-14 09:25:17,953 - INFO - Running: Downloading Pacman updates
2026-07-14 09:25:17,954 - INFO - Running: Downloading AUR updates (paru)
2026-07-14 09:25:45,706 - ERROR - Command failed: Downloading Pacman updates. Error: warning: paho-mqtt-c: downgrading from version 1.3.14-2 to version 1.3.10-1
warning: python-grandalf: downgrading from version 0.8-5 to version 0.8-1
warning: wcc: ignoring package downgrade (1:v0.0.11.r34.gdced7e9-1 => 0.0.11-1)
warning: xray: downgrading from version 109.7e8cc67-1 to version 26.3.27-1
error: failed to prepare transaction (could not satisfy dependencies)
2026-07-14 09:26:15,889 - INFO - Analyzing error output for auto-fix...
2026-07-14 09:26:15,891 - INFO - Starting Parallel Download Phase...
2026-07-14 09:26:15,891 - INFO - Ensuring database lock is released...
2026-07-14 09:26:16,186 - INFO - Running: Downloading Pacman updates
2026-07-14 09:26:16,187 - INFO - Running: Downloading AUR updates (paru)
2026-07-14 09:26:44,113 - ERROR - Command failed: Downloading Pacman updates. Error: warning: paho-mqtt-c: downgrading from version 1.3.14-2 to version 1.3.10-1
warning: python-grandalf: downgrading from version 0.8-5 to version 0.8-1
warning: wcc: ignoring package downgrade (1:v0.0.11.r34.gdced7e9-1 => 0.0.11-1)
warning: xray: downgrading from version 109.7e8cc67-1 to version 26.3.27-1
error: failed to prepare transaction (could not satisfy dependencies)
2026-07-14 09:27:13,788 - INFO - Snapper POST-snapshot #1124 (paired with pre #1123): download-updates [post-OK]
2026-07-14 09:27:13,872 - INFO - Snapper PRE-snapshot #1125 created: install-updates [pre]
2026-07-14 09:27:13,872 - INFO - Starting Sequential Installation Phase...
2026-07-14 09:27:13,873 - INFO - Ensuring database lock is released...
2026-07-14 09:27:14,109 - INFO - Running: Installing Pacman updates
2026-07-14 09:27:41,903 - ERROR - Command failed: Installing Pacman updates. Error: [1;33mwarning: [0mpaho-mqtt-c: downgrading from version 1.3.14-2 to version 1.3.10-1
[1;33mwarning: [0mpython-grandalf: downgrading from version 0.8-5 to version 0.8-1
[1;33mwarning: [0mwcc: ignoring package downgrade (1:v0.0.11.r34.gdced7e9-1 => 0.0.11-1)
[1;33mwarning: [0mxray: downgrading from version 109.7e8cc67-1 to version 26.3.27-1
[1;31merror: [0mfailed to prepare transaction (could not satisfy dependencies)
2026-07-14 09:27:41,904 - INFO - Analyzing error output for auto-fix...
2026-07-14 09:27:41,904 - INFO - Starting Sequential Installation Phase...
2026-07-14 09:27:41,904 - INFO - Ensuring database lock is released...
2026-07-14 09:27:42,104 - INFO - Running: Installing Pacman updates
2026-07-14 09:28:10,364 - ERROR - Command failed: Installing Pacman updates. Error: [1;33mwarning: [0mpaho-mqtt-c: downgrading from version 1.3.14-2 to version 1.3.10-1
[1;33mwarning: [0mpython-grandalf: downgrading from version 0.8-5 to version 0.8-1
[1;33mwarning: [0mwcc: ignoring package downgrade (1:v0.0.11.r34.gdced7e9-1 => 0.0.11-1)
[1;33mwarning: [0mxray: downgrading from version 109.7e8cc67-1 to version 26.3.27-1
[1;31merror: [0mfailed to prepare transaction (could not satisfy dependencies)
2026-07-14 09:28:10,425 - INFO - Snapper POST-snapshot #1126 (paired with pre #1125): install-updates [post-OK]
2026-07-14 09:28:10,550 - INFO - Snapper PRE-snapshot #1127 created: cleanup-orphans [pre]
2026-07-14 09:28:10,550 - INFO - Running: Orphan Cleanup
2026-07-14 09:28:18,827 - INFO - Snapper POST-snapshot #1128 (paired with pre #1127): cleanup-orphans [post-OK]
2026-07-14 09:28:18,828 - INFO - --- [Post-Update Kernel Tasks] ---
2026-07-14 09:28:34,028 - INFO - Snapper PRE-snapshot #1129 created: dkms-rebuild [pre]
2026-07-14 09:28:34,028 - INFO - DKMS modules detected (42), rebuilding...
2026-07-14 09:28:34,029 - INFO - Rebuilding all DKMS modules...
2026-07-14 09:29:06,750 - ERROR - DKMS autoinstall failed: Deprecated feature: CLEAN (/var/lib/dkms/rtl8814au/5.8.5.1.r206.gb1866ce/source/dkms.conf)

Error! Bad return status for module build on kernel: 7.1.0-rc1-1-mainline (x86_64)
Consult /var/lib/dkms/rtl8814au/5.8.5.1.r206.gb1866ce/build/make.log for more information.
Deprecated feature: CLEAN (/var/lib/dkms/tyton/80.56494f3/source/dkms.conf)

Error! Bad return status for module build on kernel: 7.1.0-rc1-1-mainline (x86_64)
Consult /var/lib/dkms/tyton/80.56494f3/build/make.log for more information.

Error! Bad return status for module build on kernel: 7.1.0-rc1-1-mainline (x86_64)
Consult /var/lib/dkms/vboxhost/7.2.8_OSE/build/make.log for more information.

Error! One or more modules failed to install during autoinstall.
Refer to previous errors for more information.
2026-07-14 09:29:06,750 - ERROR - DKMS rebuild had errors — check dkms status manually.
2026-07-14 09:29:06,859 - INFO - Snapper POST-snapshot #1130 (paired with pre #1129): dkms-rebuild [post-OK]
2026-07-14 09:29:06,929 - INFO - Snapper PRE-snapshot #1131 created: regenerate-initramfs [pre]
2026-07-14 09:29:06,930 - INFO - Regenerating initramfs with dracut...
2026-07-14 09:29:06,932 - INFO - Regenerating initramfs for kernel 6.18.25-1-lts...
2026-07-14 09:29:09,660 - ERROR - Failed to regenerate initramfs for 6.18.25-1-lts: dracut[F]: Can't write to /boot/efi/dc502aedbc0d4149b7adbc9102a64605/6.18.25-1-lts: Directory /boot/efi/dc502aedbc0d4149b7adbc9102a64605/6.18.25-1-lts does not exist or is not accessible.
2026-07-14 09:29:09,661 - INFO - Regenerating initramfs for kernel 6.19.10-hardened1-1-hardened...
2026-07-14 09:29:12,274 - ERROR - Failed to regenerate initramfs for 6.19.10-hardened1-1-hardened: dracut[F]: Can't write to /boot/efi/dc502aedbc0d4149b7adbc9102a64605/6.19.10-hardened1-1-hardened: Directory /boot/efi/dc502aedbc0d4149b7adbc9102a64605/6.19.10-hardened1-1-hardened does not exist or is not accessible.
2026-07-14 09:29:12,274 - INFO - Regenerating initramfs for kernel 7.0.2-arch1-1...
2026-07-14 09:29:14,886 - ERROR - Failed to regenerate initramfs for 7.0.2-arch1-1: dracut[F]: Can't write to /boot/efi/dc502aedbc0d4149b7adbc9102a64605/7.0.2-arch1-1: Directory /boot/efi/dc502aedbc0d4149b7adbc9102a64605/7.0.2-arch1-1 does not exist or is not accessible.
2026-07-14 09:29:14,886 - INFO - Regenerating initramfs for kernel 7.0.2-zen1-1-zen...
2026-07-14 09:29:17,696 - ERROR - Failed to regenerate initramfs for 7.0.2-zen1-1-zen: dracut[F]: Can't write to /boot/efi/dc502aedbc0d4149b7adbc9102a64605/7.0.2-zen1-1-zen: Directory /boot/efi/dc502aedbc0d4149b7adbc9102a64605/7.0.2-zen1-1-zen does not exist or is not accessible.
2026-07-14 09:29:17,696 - INFO - Regenerating initramfs for kernel 7.1.0-rc1-1-mainline...
2026-07-14 09:29:20,007 - ERROR - Failed to regenerate initramfs for 7.1.0-rc1-1-mainline: dracut[F]: Can't write to /boot/efi/dc502aedbc0d4149b7adbc9102a64605/7.1.0-rc1-1-mainline: Directory /boot/efi/dc502aedbc0d4149b7adbc9102a64605/7.1.0-rc1-1-mainline does not exist or is not accessible.
2026-07-14 09:29:20,198 - INFO - Snapper POST-snapshot #1132 (paired with pre #1131): regenerate-initramfs [post-OK]
2026-07-14 09:29:20,290 - INFO - Snapper POST-snapshot #1133 (paired with pre #1106): aio-update-full [post-OK]
2026-07-14 09:29:20,291 - INFO - Unified update complete!
2026-07-14 09:29:20,292 - INFO - Process finished with status: success
2026-07-22 09:57:25,828 - INFO - Ensuring database lock is released...
2026-07-22 09:57:26,060 - INFO - --- [Auto-Detect & Fix Phase] ---
2026-07-22 09:57:26,185 - INFO - Snapper PRE-snapshot #1138 created: aio-update-full [pre]
2026-07-22 09:57:26,440 - INFO - Snapper PRE-snapshot #1139 created: ensure-helpers [pre]
2026-07-22 09:57:26,440 - INFO - Checking prerequisites...
2026-07-22 09:57:26,607 - INFO - Snapper POST-snapshot #1140 (paired with pre #1139): ensure-helpers [post-OK]
2026-07-22 09:57:26,722 - INFO - Snapper PRE-snapshot #1141 created: mirror-optimization [pre]
2026-07-22 09:57:26,724 - INFO - Requested https://ipinfo.io/json
2026-07-22 09:57:26,724 - WARNING - Geolocation lookup failed: name 'requests' is not defined
2026-07-22 09:57:26,724 - INFO - Optimizing mirrors for location: Global (?, ?)
2026-07-22 09:57:26,725 - INFO - Tier 3: global fastest with health thresholds
2026-07-22 09:57:26,725 - INFO - Running: sudo reflector --age 12 --score 15 --completion-percent 95 --fastest 20 --sort rate --protocol https --connection-timeout 3 --download-timeout 5 --threads 4 --save /etc/pacman.d/mirrorlist
2026-07-22 09:57:53,864 - INFO - Mirrorlist optimized via global fastest.
2026-07-22 09:57:54,096 - INFO - Snapper POST-snapshot #1142 (paired with pre #1141): mirror-optimization [post-OK]
2026-07-22 09:57:54,097 - INFO - Ensuring database lock is released...
2026-07-22 09:57:54,372 - INFO - Pinning known downgrade conflicts...
2026-07-22 09:57:54,372 - INFO - Ensuring database lock is released...
2026-07-22 09:57:54,638 - INFO - Trying substitute dep: 'linenoise-ng' for 'linenoise'
2026-07-22 09:57:54,638 - INFO - Running: Install substitute dep linenoise-ng
2026-07-22 09:57:55,348 - INFO - Running: Retry wcc after substitute
2026-07-22 09:57:56,601 - INFO - Running: Query repos for wcc
2026-07-22 09:57:57,324 - INFO - Trying 'wcc' from repo 'chaotic-aur'
2026-07-22 09:57:57,324 - INFO - Running: Install wcc from chaotic-aur
2026-07-22 09:57:58,277 - INFO - Trying 'wcc' from repo 'blackarch'
2026-07-22 09:57:58,277 - INFO - Running: Install wcc from blackarch
2026-07-22 09:57:58,550 - INFO - Resolved 'wcc' from alternate repo 'blackarch'
2026-07-22 09:57:58,550 - INFO - Pinned 'wcc' + 'linenoise' — immutable for this update
2026-07-22 09:57:58,550 - INFO - Immutable packages: {'wcc', 'linenoise'}
2026-07-22 09:57:58,550 - INFO - Ensuring database lock is released...
2026-07-22 09:57:58,863 - INFO - Snapper PRE-snapshot #1143 created: system-fixes [pre]
2026-07-22 09:57:58,863 - INFO - --- Applying preventive system fixes ---
2026-07-22 09:57:58,897 - INFO - Dracut configuration already exists — skipping.
2026-07-22 09:57:58,897 - INFO - Kernel install configuration already exists — skipping.
2026-07-22 09:57:58,897 - INFO - Scanning for packages with missing shared library deps...
2026-07-22 09:58:42,904 - INFO - Found 2 packages with missing files — upgrading: ['perl-test-nowarnings', 'warning']
2026-07-22 09:58:42,905 - INFO - Upgrading broken package: perl-test-nowarnings
2026-07-22 09:58:43,695 - INFO - Upgraded 'perl-test-nowarnings' via pacman
2026-07-22 09:58:43,696 - INFO - Upgrading broken package: warning
2026-07-22 09:58:49,740 - INFO - Upgraded 'warning' via yay
2026-07-22 09:58:49,740 - INFO - Broken .so upgrade pass complete.
2026-07-22 09:58:49,740 - INFO - Upgrading Python packages...
2026-07-22 09:58:49,740 - INFO - Ensuring pip is up to date...
2026-07-22 09:59:54,831 - INFO - Upgrading all pip packages in parallel (8 workers)...
2026-07-22 10:00:56,879 - INFO - Pip parallel upgrade complete.
2026-07-22 10:05:56,980 - WARNING - Python upgrade failed (non-critical): Command '['bash', '-c', 'pacman -Qq | xargs -I{} pacman -Ql {} 2>/dev/null | grep -oP \'^\\S+ /usr/lib/python3\\.\\d+/\' | awk \'{split($2,a,"/"); print $1, a[4]}\' | sort -u']' timed out after 300 seconds
2026-07-22 10:05:56,981 - INFO - --- System fixes complete ---
2026-07-22 10:05:57,089 - INFO - Snapper POST-snapshot #1144 (paired with pre #1143): system-fixes [post-OK]
2026-07-22 10:05:58,226 - INFO - Kernel upgrade detected in pending updates: ['linux', 'linux-hardened', 'linux-hardened-headers', 'linux-lts', 'linux-lts-headers', 'linux-zen', 'linux-zen-headers']
2026-07-22 10:05:58,227 - INFO - Ensuring database lock is released...
2026-07-22 10:05:58,647 - INFO - Snapper PRE-snapshot #1145 created: ensure-blackarch-repo [pre]
2026-07-22 10:05:58,648 - INFO - Checking BlackArch repository configuration...
2026-07-22 10:05:58,827 - INFO - Snapper POST-snapshot #1146 (paired with pre #1145): ensure-blackarch-repo [post-OK]
2026-07-22 10:05:58,828 - INFO - Ensuring database lock is released...
2026-07-22 10:05:59,259 - INFO - Snapper PRE-snapshot #1147 created: update-keyrings [pre]
2026-07-22 10:05:59,260 - INFO - Updating keyrings...
2026-07-22 10:05:59,260 - INFO - Running: Updating keyrings
2026-07-22 10:06:00,562 - INFO - Snapper POST-snapshot #1148 (paired with pre #1147): update-keyrings [post-OK]
2026-07-22 10:06:00,562 - INFO - Ensuring database lock is released...
2026-07-22 10:06:01,048 - INFO - Snapper PRE-snapshot #1149 created: install-metapackages [pre]
2026-07-22 10:06:01,049 - INFO - Ensuring essential metapackages...
2026-07-22 10:06:01,049 - INFO - Running: Installing blackarch-officials
2026-07-22 10:06:02,228 - INFO - Snapper POST-snapshot #1150 (paired with pre #1149): install-metapackages [post-OK]
2026-07-22 10:06:02,361 - INFO - Snapper PRE-snapshot #1151 created: sync-categories [pre]
2026-07-22 10:06:02,361 - INFO - Synchronizing BlackArch categories...
2026-07-22 10:06:02,362 - INFO - Running: Fetching categories
2026-07-22 10:06:03,329 - INFO - New categories detected and added: ['blackarch-automobile', 'blackarch-wordlist', 'blackarch-reocn', 'blackarch-threat-model', 'blackarch-ai', 'blackarch-defensive']
2026-07-22 10:06:03,494 - INFO - Snapper POST-snapshot #1152 (paired with pre #1151): sync-categories [post-OK]
2026-07-22 10:06:03,615 - INFO - Snapper PRE-snapshot #1153 created: download-updates [pre]
2026-07-22 10:06:03,616 - INFO - Starting Parallel Download Phase...
2026-07-22 10:06:03,616 - INFO - Ensuring database lock is released...
2026-07-22 10:06:03,849 - INFO - Running: Downloading Pacman updates
2026-07-22 10:06:03,850 - INFO - Running: Downloading AUR updates (paru)
2026-07-22 10:06:36,751 - ERROR - Command failed: Downloading Pacman updates. Error: warning: paho-mqtt-c: downgrading from version 1.3.14-2 to version 1.3.10-1
warning: python-grandalf: downgrading from version 0.8-5 to version 0.8-1
warning: wcc: ignoring package downgrade (1:v0.0.11.r34.gdced7e9-1 => 0.0.11-1)
warning: xray: downgrading from version 109.7e8cc67-1 to version 26.3.27-1
error: failed to prepare transaction (could not satisfy dependencies)
2026-07-22 10:07:09,370 - INFO - Analyzing error output for auto-fix...
2026-07-22 10:07:09,372 - INFO - Starting Parallel Download Phase...
2026-07-22 10:07:09,372 - INFO - Ensuring database lock is released...
2026-07-22 10:07:09,593 - INFO - Running: Downloading Pacman updates
2026-07-22 10:07:09,593 - INFO - Running: Downloading AUR updates (paru)
2026-07-22 10:07:40,512 - ERROR - Command failed: Downloading Pacman updates. Error: warning: paho-mqtt-c: downgrading from version 1.3.14-2 to version 1.3.10-1
warning: python-grandalf: downgrading from version 0.8-5 to version 0.8-1
warning: wcc: ignoring package downgrade (1:v0.0.11.r34.gdced7e9-1 => 0.0.11-1)
warning: xray: downgrading from version 109.7e8cc67-1 to version 26.3.27-1
error: failed to prepare transaction (could not satisfy dependencies)
2026-07-22 10:08:13,906 - INFO - Snapper POST-snapshot #1154 (paired with pre #1153): download-updates [post-OK]
2026-07-22 10:08:14,021 - INFO - Snapper PRE-snapshot #1155 created: install-updates [pre]
2026-07-22 10:08:14,022 - INFO - Starting Sequential Installation Phase...
2026-07-22 10:08:14,022 - INFO - Ensuring database lock is released...
2026-07-22 10:08:14,270 - INFO - Running: Installing Pacman updates
2026-07-22 10:08:46,329 - ERROR - Command failed: Installing Pacman updates. Error: [1;33mwarning: [0mpaho-mqtt-c: downgrading from version 1.3.14-2 to version 1.3.10-1
[1;33mwarning: [0mpython-grandalf: downgrading from version 0.8-5 to version 0.8-1
[1;33mwarning: [0mwcc: ignoring package downgrade (1:v0.0.11.r34.gdced7e9-1 => 0.0.11-1)
[1;33mwarning: [0mxray: downgrading from version 109.7e8cc67-1 to version 26.3.27-1
[1;31merror: [0mfailed to prepare transaction (could not satisfy dependencies)
2026-07-22 10:08:46,329 - INFO - Analyzing error output for auto-fix...
2026-07-22 10:08:46,329 - INFO - Starting Sequential Installation Phase...
2026-07-22 10:08:46,329 - INFO - Ensuring database lock is released...
2026-07-22 10:08:46,563 - INFO - Running: Installing Pacman updates
2026-07-22 10:09:18,132 - ERROR - Command failed: Installing Pacman updates. Error: [1;33mwarning: [0mpaho-mqtt-c: downgrading from version 1.3.14-2 to version 1.3.10-1
[1;33mwarning: [0mpython-grandalf: downgrading from version 0.8-5 to version 0.8-1
[1;33mwarning: [0mwcc: ignoring package downgrade (1:v0.0.11.r34.gdced7e9-1 => 0.0.11-1)
[1;33mwarning: [0mxray: downgrading from version 109.7e8cc67-1 to version 26.3.27-1
[1;31merror: [0mfailed to prepare transaction (could not satisfy dependencies)
2026-07-22 10:09:18,222 - INFO - Snapper POST-snapshot #1156 (paired with pre #1155): install-updates [post-OK]
2026-07-22 10:09:18,336 - INFO - Snapper PRE-snapshot #1157 created: cleanup-orphans [pre]
2026-07-22 10:09:18,337 - INFO - Running: Orphan Cleanup
2026-07-22 10:09:27,020 - INFO - Snapper POST-snapshot #1158 (paired with pre #1157): cleanup-orphans [post-OK]
2026-07-22 10:09:27,020 - INFO - --- [Post-Update Kernel Tasks] ---
2026-07-22 10:09:43,226 - INFO - Snapper PRE-snapshot #1159 created: dkms-rebuild [pre]
2026-07-22 10:09:43,226 - INFO - DKMS modules detected (42), rebuilding...
2026-07-22 10:09:43,227 - INFO - Rebuilding all DKMS modules...
2026-07-22 10:10:20,878 - ERROR - DKMS autoinstall failed: Deprecated feature: CLEAN (/var/lib/dkms/rtl8814au/5.8.5.1.r206.gb1866ce/source/dkms.conf)

Error! Bad return status for module build on kernel: 7.1.0-rc1-1-mainline (x86_64)
Consult /var/lib/dkms/rtl8814au/5.8.5.1.r206.gb1866ce/build/make.log for more information.
Deprecated feature: CLEAN (/var/lib/dkms/tyton/80.56494f3/source/dkms.conf)

Error! Bad return status for module build on kernel: 7.1.0-rc1-1-mainline (x86_64)
Consult /var/lib/dkms/tyton/80.56494f3/build/make.log for more information.

Error! Bad return status for module build on kernel: 7.1.0-rc1-1-mainline (x86_64)
Consult /var/lib/dkms/vboxhost/7.2.8_OSE/build/make.log for more information.

Error! One or more modules failed to install during autoinstall.
Refer to previous errors for more information.
2026-07-22 10:10:20,878 - ERROR - DKMS rebuild had errors — check dkms status manually.
2026-07-22 10:10:21,012 - INFO - Snapper POST-snapshot #1160 (paired with pre #1159): dkms-rebuild [post-OK]
2026-07-22 10:10:21,168 - INFO - Snapper PRE-snapshot #1161 created: regenerate-initramfs [pre]
2026-07-22 10:10:21,169 - INFO - Regenerating initramfs with dracut...
2026-07-22 10:10:21,172 - INFO - Regenerating initramfs for kernel 6.18.25-1-lts...
2026-07-22 10:10:24,526 - ERROR - Failed to regenerate initramfs for 6.18.25-1-lts: dracut[F]: Can't write to /boot/efi/dc502aedbc0d4149b7adbc9102a64605/6.18.25-1-lts: Directory /boot/efi/dc502aedbc0d4149b7adbc9102a64605/6.18.25-1-lts does not exist or is not accessible.
2026-07-22 10:10:24,526 - INFO - Regenerating initramfs for kernel 6.19.10-hardened1-1-hardened...
2026-07-22 10:10:26,949 - ERROR - Failed to regenerate initramfs for 6.19.10-hardened1-1-hardened: dracut[F]: Can't write to /boot/efi/dc502aedbc0d4149b7adbc9102a64605/6.19.10-hardened1-1-hardened: Directory /boot/efi/dc502aedbc0d4149b7adbc9102a64605/6.19.10-hardened1-1-hardened does not exist or is not accessible.
2026-07-22 10:10:26,949 - INFO - Regenerating initramfs for kernel 7.0.2-arch1-1...
2026-07-22 10:10:29,338 - ERROR - Failed to regenerate initramfs for 7.0.2-arch1-1: dracut[F]: Can't write to /boot/efi/dc502aedbc0d4149b7adbc9102a64605/7.0.2-arch1-1: Directory /boot/efi/dc502aedbc0d4149b7adbc9102a64605/7.0.2-arch1-1 does not exist or is not accessible.
2026-07-22 10:10:29,338 - INFO - Regenerating initramfs for kernel 7.0.2-zen1-1-zen...
2026-07-22 10:10:31,744 - ERROR - Failed to regenerate initramfs for 7.0.2-zen1-1-zen: dracut[F]: Can't write to /boot/efi/dc502aedbc0d4149b7adbc9102a64605/7.0.2-zen1-1-zen: Directory /boot/efi/dc502aedbc0d4149b7adbc9102a64605/7.0.2-zen1-1-zen does not exist or is not accessible.
2026-07-22 10:10:31,744 - INFO - Regenerating initramfs for kernel 7.1.0-rc1-1-mainline...
2026-07-22 10:10:34,115 - ERROR - Failed to regenerate initramfs for 7.1.0-rc1-1-mainline: dracut[F]: Can't write to /boot/efi/dc502aedbc0d4149b7adbc9102a64605/7.1.0-rc1-1-mainline: Directory /boot/efi/dc502aedbc0d4149b7adbc9102a64605/7.1.0-rc1-1-mainline does not exist or is not accessible.
2026-07-22 10:10:34,321 - INFO - Snapper POST-snapshot #1162 (paired with pre #1161): regenerate-initramfs [post-OK]
2026-07-22 10:10:34,461 - INFO - Snapper POST-snapshot #1163 (paired with pre #1138): aio-update-full [post-OK]
2026-07-22 10:10:34,462 - INFO - Unified update complete!
2026-07-22 10:10:34,464 - INFO - Process finished with status: success
2026-09-16 22:01:29,297 - INFO - Ensuring database lock is released...
2026-09-16 22:01:29,369 - INFO - --- [Auto-Detect & Fix Phase] ---
2026-09-16 22:01:29,424 - INFO - Snapper PRE-snapshot #367 created: aio-update-full [pre]
2026-09-16 22:01:29,492 - INFO - Snapper PRE-snapshot #368 created: ensure-helpers [pre]
2026-09-16 22:01:29,492 - INFO - Checking prerequisites...
2026-09-16 22:01:29,556 - INFO - Snapper POST-snapshot #369 (paired with pre #368): ensure-helpers [post-OK]
2026-09-16 22:01:29,603 - INFO - Snapper PRE-snapshot #370 created: mirror-optimization [pre]
2026-09-16 22:01:29,603 - INFO - Requested https://ipinfo.io/json
2026-09-16 22:01:30,062 - INFO - Optimizing mirrors for location: CO (Bogotá, Bogota D.C.)
2026-09-16 22:01:30,063 - INFO - Tier 1: proximity (CO,EC,VE,PA,BR,CL,US), age<1h, delay<30min
2026-09-16 22:01:30,063 - INFO - Running: sudo reflector --country CO,EC,VE,PA,BR,CL,US --age 1 --delay 0.5 --fastest 15 --sort rate --protocol https --completion-percent 100 --connection-timeout 3 --download-timeout 5 --threads 4 --save /etc/pacman.d/mirrorlist
2026-09-16 22:01:38,744 - INFO - Mirrorlist optimized via proximity + freshness.
2026-09-16 22:01:38,815 - INFO - Snapper POST-snapshot #371 (paired with pre #370): mirror-optimization [post-OK]
2026-09-16 22:01:38,815 - INFO - Ensuring database lock is released...
2026-09-16 22:01:38,900 - INFO - Pinning known downgrade conflicts...
2026-09-16 22:01:38,900 - INFO - Ensuring database lock is released...
2026-09-16 22:01:38,979 - INFO - Trying substitute dep: 'linenoise-ng' for 'linenoise'
2026-09-16 22:01:38,979 - INFO - Running: Install substitute dep linenoise-ng
2026-09-16 22:01:39,195 - INFO - Running: Retry wcc after substitute
2026-09-16 22:01:39,489 - INFO - Running: Query repos for wcc
2026-09-16 22:01:39,703 - INFO - Trying 'wcc' from repo 'chaotic-aur'
2026-09-16 22:01:39,703 - INFO - Running: Install wcc from chaotic-aur
2026-09-16 22:01:39,993 - INFO - Trying 'wcc' from repo 'blackarch'
2026-09-16 22:01:39,993 - INFO - Running: Install wcc from blackarch
2026-09-16 22:01:46,440 - INFO - Resolved 'wcc' from alternate repo 'blackarch'
2026-09-16 22:01:46,441 - INFO - Pinned 'wcc' + 'linenoise' — immutable for this update
2026-09-16 22:01:46,441 - INFO - Immutable packages: {'wcc', 'linenoise'}
2026-09-16 22:01:46,441 - INFO - Ensuring database lock is released...
2026-09-16 22:01:46,568 - INFO - Snapper PRE-snapshot #374 created: system-fixes [pre]
2026-09-16 22:01:46,569 - INFO - --- Applying preventive system fixes ---
2026-09-16 22:01:46,574 - INFO - Configuring dracut to use /boot directory...
2026-09-16 22:01:46,593 - INFO - Dracut configuration created successfully.
2026-09-16 22:01:46,594 - INFO - Configuring kernel-install to use traditional initramfs...
2026-09-16 22:01:46,612 - INFO - Kernel install configuration created successfully.
2026-09-16 22:01:46,612 - INFO - Scanning for packages with missing shared library deps...
2026-09-16 22:02:28,630 - INFO - Found 2 packages with missing files — upgrading: ['perl-test-nowarnings', 'warning']
2026-09-16 22:02:28,630 - INFO - Upgrading broken package: perl-test-nowarnings
2026-09-16 22:02:28,819 - INFO - Upgraded 'perl-test-nowarnings' via pacman
2026-09-16 22:02:28,819 - INFO - Upgrading broken package: warning
2026-09-17 20:31:30,153 - INFO - Ensuring database lock is released...
2026-09-17 20:31:30,223 - INFO - --- [Auto-Detect & Fix Phase] ---
2026-09-17 20:31:30,292 - INFO - Snapper PRE-snapshot #379 created: aio-update-full [pre]
2026-09-17 20:31:30,347 - INFO - Snapper PRE-snapshot #380 created: ensure-helpers [pre]
2026-09-17 20:31:30,348 - INFO - Checking prerequisites...
2026-09-17 20:31:30,406 - INFO - Snapper POST-snapshot #381 (paired with pre #380): ensure-helpers [post-OK]
2026-09-17 20:31:30,454 - INFO - Snapper PRE-snapshot #382 created: mirror-optimization [pre]
2026-09-17 20:31:30,454 - INFO - Requested https://ipinfo.io/json
2026-09-17 20:31:30,784 - INFO - Optimizing mirrors for location: CO (Bogotá, Bogota D.C.)
2026-09-17 20:31:30,784 - INFO - Tier 1: proximity (CO,EC,VE,PA,BR,CL,US), age<1h, delay<30min
2026-09-17 20:31:30,784 - INFO - Running: sudo reflector --country CO,EC,VE,PA,BR,CL,US --age 1 --delay 0.5 --latest 50 --fastest 15 --sort rate --protocol https --completion-percent 100 --connection-timeout 3 --download-timeout 5 --threads 4 --save /etc/pacman.d/mirrorlist
2026-09-17 20:31:34,296 - INFO - Mirrorlist optimized via proximity + freshness.
2026-09-17 20:31:34,358 - INFO - Snapper POST-snapshot #383 (paired with pre #382): mirror-optimization [post-OK]
2026-09-17 20:31:34,358 - INFO - Ensuring database lock is released...
2026-09-17 20:31:34,434 - INFO - Pinning known downgrade conflicts...
2026-09-17 20:31:34,434 - INFO - Ensuring database lock is released...
2026-09-17 20:31:34,506 - INFO - Trying substitute dep: 'linenoise-ng' for 'linenoise'
2026-09-17 20:31:34,506 - INFO - Running: Install substitute dep linenoise-ng
2026-09-17 20:31:34,694 - INFO - Running: Retry wcc after substitute
2026-09-17 20:31:34,985 - INFO - Running: Query repos for wcc
2026-09-17 20:31:35,197 - INFO - Trying 'wcc' from repo 'chaotic-aur'
2026-09-17 20:31:35,198 - INFO - Running: Install wcc from chaotic-aur
2026-09-17 20:31:35,475 - INFO - Trying 'wcc' from repo 'blackarch'
2026-09-17 20:31:35,475 - INFO - Running: Install wcc from blackarch
2026-09-17 20:31:35,552 - INFO - Resolved 'wcc' from alternate repo 'blackarch'
2026-09-17 20:31:35,552 - INFO - Pinned 'wcc' + 'linenoise' — immutable for this update
2026-09-17 20:31:35,552 - INFO - Immutable packages: {'linenoise', 'wcc'}
2026-09-17 20:31:35,552 - INFO - Ensuring database lock is released...
2026-09-17 20:31:35,662 - INFO - Snapper PRE-snapshot #384 created: system-fixes [pre]
2026-09-17 20:31:35,663 - INFO - --- Applying preventive system fixes ---
2026-09-17 20:31:35,668 - INFO - Configuring dracut to use /boot directory...
2026-09-17 20:31:35,688 - INFO - Dracut configuration created successfully.
2026-09-17 20:31:35,688 - INFO - Configuring kernel-install to use traditional initramfs...
2026-09-17 20:31:35,706 - INFO - Kernel install configuration created successfully.
2026-09-17 20:31:35,706 - INFO - Scanning for packages with missing shared library deps...
2026-09-17 20:31:39,123 - INFO - Found 2 packages with missing files — upgrading: ['perl-test-nowarnings', 'warning']
2026-09-17 20:31:39,123 - INFO - Upgrading broken package: perl-test-nowarnings
2026-09-17 20:31:39,514 - INFO - Upgraded 'perl-test-nowarnings' via paru
2026-09-17 20:31:39,514 - INFO - Upgrading broken package: warning
2026-09-17 21:35:27,259 - INFO - Ensuring database lock is released...
2026-09-17 21:35:27,333 - INFO - --- [Auto-Detect & Fix Phase] ---
2026-09-17 21:35:27,389 - INFO - Snapper PRE-snapshot #385 created: aio-update-full [pre]
2026-09-17 21:35:27,448 - INFO - Snapper PRE-snapshot #386 created: ensure-helpers [pre]
2026-09-17 21:35:27,449 - INFO - Checking prerequisites...
2026-09-17 21:35:27,511 - INFO - Snapper POST-snapshot #387 (paired with pre #386): ensure-helpers [post-OK]
2026-09-17 21:35:27,556 - INFO - Snapper PRE-snapshot #388 created: mirror-optimization [pre]
2026-09-17 21:35:27,556 - INFO - Requested https://ipinfo.io/json
2026-09-17 21:35:27,855 - INFO - Optimizing mirrors for location: CO (Bogotá, Bogota D.C.)
2026-09-17 21:35:27,855 - INFO - Tier 1: proximity (CO,EC,VE,PA,BR,CL,US), age<1h, delay<30min
2026-09-17 21:35:27,855 - INFO - Running: sudo reflector --country CO,EC,VE,PA,BR,CL,US --age 1 --delay 0.5 --latest 50 --fastest 15 --sort rate --protocol https --completion-percent 100 --connection-timeout 3 --download-timeout 5 --threads 4 --save /etc/pacman.d/mirrorlist
2026-09-17 21:35:31,584 - INFO - Mirrorlist optimized via proximity + freshness.
2026-09-17 21:35:31,649 - INFO - Snapper POST-snapshot #389 (paired with pre #388): mirror-optimization [post-OK]
2026-09-17 21:35:31,649 - INFO - Ensuring database lock is released...
2026-09-17 21:35:31,731 - INFO - Pinning known downgrade conflicts...
2026-09-17 21:35:31,731 - INFO - Ensuring database lock is released...
2026-09-17 21:35:31,809 - INFO - Trying substitute dep: 'linenoise-ng' for 'linenoise'
2026-09-17 21:35:31,809 - INFO - Running: Install substitute dep linenoise-ng
2026-09-17 21:35:32,023 - INFO - Running: Retry wcc after substitute
2026-09-17 21:35:32,335 - INFO - Running: Query repos for wcc
2026-09-17 21:35:32,572 - INFO - Trying 'wcc' from repo 'chaotic-aur'
2026-09-17 21:35:32,572 - INFO - Running: Install wcc from chaotic-aur
2026-09-17 21:35:32,881 - INFO - Trying 'wcc' from repo 'blackarch'
2026-09-17 21:35:32,881 - INFO - Running: Install wcc from blackarch
2026-09-17 21:35:32,967 - INFO - Resolved 'wcc' from alternate repo 'blackarch'
2026-09-17 21:35:32,967 - INFO - Pinned 'wcc' + 'linenoise' — immutable for this update
2026-09-17 21:35:32,967 - INFO - Immutable packages: {'wcc', 'linenoise'}
2026-09-17 21:35:32,967 - INFO - Ensuring database lock is released...
2026-09-17 21:35:33,080 - INFO - Snapper PRE-snapshot #390 created: system-fixes [pre]
2026-09-17 21:35:33,080 - INFO - --- Applying preventive system fixes ---
2026-09-17 21:35:33,086 - INFO - Dracut configuration already correct — skipping.
2026-09-17 21:35:33,086 - INFO - Kernel install configuration already correct — skipping.
2026-09-17 21:35:33,086 - INFO - Scanning for packages with missing shared library deps...
2026-09-17 21:35:35,411 - INFO - Found 1 packages with missing files — upgrading: ['perl-test-nowarnings']
2026-09-17 21:35:35,411 - INFO - Upgrading broken package: perl-test-nowarnings
2026-09-17 21:35:35,860 - INFO - Upgraded 'perl-test-nowarnings' via paru
2026-09-17 21:35:35,860 - INFO - Broken .so upgrade pass complete.
2026-09-17 21:35:35,860 - INFO - Upgrading Python packages...
2026-09-17 21:35:35,860 - INFO - Ensuring pip is up to date...
2026-09-17 21:35:39,240 - INFO - Upgrading all pip packages in parallel (8 workers)...
2026-09-17 21:45:39,243 - WARNING - Python upgrade failed (non-critical): Command '['bash', '-c', "pip list --format=freeze 2>/dev/null | awk -F '==' '{print $1}' | xargs -P8 -n1 pip install -U --break-system-packages 2>/dev/null"]' timed out after 600 seconds
2026-09-17 21:45:39,244 - INFO - --- System fixes complete ---
2026-09-17 21:45:39,800 - INFO - Snapper POST-snapshot #391 (paired with pre #390): system-fixes [post-OK]
2026-09-17 21:45:40,855 - INFO - Kernel upgrade detected in pending updates: ['linux', 'linux-firmware', 'linux-firmware-amdgpu', 'linux-firmware-atheros', 'linux-firmware-broadcom', 'linux-firmware-cirrus', 'linux-firmware-intel', 'linux-firmware-mediatek', 'linux-firmware-nvidia', 'linux-firmware-other', 'linux-firmware-radeon', 'linux-firmware-realtek', 'linux-firmware-whence', 'linux-hardened', 'linux-hardened-headers', 'linux-headers', 'linux-zen', 'linux-zen-headers']
2026-09-17 21:45:40,857 - INFO - Ensuring database lock is released...
2026-09-17 21:45:41,330 - INFO - Snapper PRE-snapshot #392 created: ensure-blackarch-repo [pre]
2026-09-17 21:45:41,331 - INFO - Checking BlackArch repository configuration...
2026-09-17 21:45:41,538 - INFO - Snapper POST-snapshot #393 (paired with pre #392): ensure-blackarch-repo [post-OK]
2026-09-17 21:45:41,539 - INFO - Ensuring database lock is released...
2026-09-17 21:45:42,032 - INFO - Snapper PRE-snapshot #394 created: update-keyrings [pre]
2026-09-17 21:45:42,033 - INFO - Updating keyrings...
2026-09-17 21:45:42,033 - INFO - Running: Updating keyrings
2026-09-17 21:45:43,079 - INFO - Snapper POST-snapshot #395 (paired with pre #394): update-keyrings [post-OK]
2026-09-17 21:45:43,079 - INFO - Ensuring database lock is released...
2026-09-17 21:45:43,757 - INFO - Snapper PRE-snapshot #396 created: install-metapackages [pre]
2026-09-17 21:45:43,758 - INFO - Ensuring essential metapackages...
2026-09-17 21:45:43,758 - INFO - Running: Installing blackarch-officials
2026-09-17 21:45:45,156 - INFO - Snapper POST-snapshot #397 (paired with pre #396): install-metapackages [post-OK]
2026-09-17 21:45:45,346 - INFO - Snapper PRE-snapshot #398 created: sync-categories [pre]
2026-09-17 21:45:45,347 - INFO - Synchronizing BlackArch categories...
2026-09-17 21:45:45,347 - INFO - Running: Fetching categories
2026-09-17 21:45:45,370 - ERROR - Command failed: Fetching categories. Error: error: invalid option: '--groups' and '--sysupgrade' may not be used together
2026-09-17 21:45:45,370 - WARNING - Failed to fetch official categories. Using hardcoded list.
2026-09-17 21:45:45,561 - INFO - Snapper POST-snapshot #399 (paired with pre #398): sync-categories [post-OK]
2026-09-17 21:45:45,754 - INFO - Snapper PRE-snapshot #400 created: download-updates [pre]
2026-09-17 21:45:45,754 - INFO - Starting Sequential Download Phase...
2026-09-17 21:45:45,754 - INFO - Ensuring database lock is released...
2026-09-17 21:45:46,146 - INFO - Running: Downloading Pacman updates
2026-09-17 21:46:28,666 - ERROR - Command failed: Downloading Pacman updates. Error: warning: openscap: downgrading from version 1.4.4.r128.g3181f3e6c-1 to version 1.4.4-3
warning: wcc: ignoring package downgrade (1:v0.0.11.r34.gdced7e9-1 => 0.0.11-1)
error: failed to prepare transaction (could not satisfy dependencies)
2026-09-17 21:46:28,667 - INFO - Analyzing error output for auto-fix...
2026-09-17 21:46:28,667 - INFO - Starting Sequential Download Phase...
2026-09-17 21:46:28,667 - INFO - Ensuring database lock is released...
2026-09-17 21:46:28,917 - INFO - Running: Downloading Pacman updates
2026-09-17 21:47:00,391 - ERROR - Command failed: Downloading Pacman updates. Error: warning: openscap: downgrading from version 1.4.4.r128.g3181f3e6c-1 to version 1.4.4-3
warning: wcc: ignoring package downgrade (1:v0.0.11.r34.gdced7e9-1 => 0.0.11-1)
error: failed to prepare transaction (could not satisfy dependencies)
2026-09-17 21:47:00,565 - INFO - Snapper POST-snapshot #401 (paired with pre #400): download-updates [post-OK]
2026-09-17 21:47:00,866 - INFO - Snapper PRE-snapshot #402 created: install-updates [pre]
2026-09-17 21:47:00,867 - INFO - Starting Sequential Installation Phase...
2026-09-17 21:47:00,867 - INFO - Ensuring database lock is released...
2026-09-17 21:47:01,128 - INFO - Running: Installing Pacman updates
2026-09-17 21:47:27,256 - ERROR - Command failed: Installing Pacman updates. Error: warning: openscap: downgrading from version 1.4.4.r128.g3181f3e6c-1 to version 1.4.4-3
warning: wcc: ignoring package downgrade (1:v0.0.11.r34.gdced7e9-1 => 0.0.11-1)
error: failed to prepare transaction (could not satisfy dependencies)
2026-09-17 21:47:27,257 - INFO - Analyzing error output for auto-fix...
2026-09-17 21:47:27,257 - INFO - Starting Sequential Installation Phase...
2026-09-17 21:47:27,257 - INFO - Ensuring database lock is released...
2026-09-17 21:47:27,486 - INFO - Running: Installing Pacman updates
2026-09-17 21:47:54,222 - ERROR - Command failed: Installing Pacman updates. Error: warning: openscap: downgrading from version 1.4.4.r128.g3181f3e6c-1 to version 1.4.4-3
warning: wcc: ignoring package downgrade (1:v0.0.11.r34.gdced7e9-1 => 0.0.11-1)
error: failed to prepare transaction (could not satisfy dependencies)
2026-09-17 21:47:54,308 - INFO - Snapper POST-snapshot #403 (paired with pre #402): install-updates [post-OK]
2026-09-17 21:47:54,502 - INFO - Snapper PRE-snapshot #404 created: cleanup-orphans [pre]
2026-09-17 21:47:54,502 - INFO - Running: Orphan Cleanup
2026-09-17 21:47:54,688 - INFO - Snapper POST-snapshot #405 (paired with pre #404): cleanup-orphans [post-FAILED]
2026-09-17 21:47:54,841 - INFO - Snapper POST-snapshot #406 (paired with pre #385): aio-update-full [post-FAILED]
2026-09-17 21:47:54,848 - ERROR - Update command failed: [Errno 2] No such file or directory: 'if'
2026-09-17 21:47:54,858 - INFO - Process finished with status: failed
2026-09-17 21:48:41,033 - INFO - Ensuring database lock is released...
2026-09-17 21:48:41,108 - INFO - --- [Auto-Detect & Fix Phase] ---
2026-09-17 21:48:41,147 - INFO - Snapper PRE-snapshot #407 created: aio-update-full [pre]
2026-09-17 21:48:41,214 - INFO - Snapper PRE-snapshot #408 created: ensure-helpers [pre]
2026-09-17 21:48:41,214 - INFO - Checking prerequisites...
2026-09-17 21:48:41,282 - INFO - Snapper POST-snapshot #409 (paired with pre #408): ensure-helpers [post-OK]
2026-09-17 21:48:41,332 - INFO - Snapper PRE-snapshot #410 created: mirror-optimization [pre]
2026-09-17 21:48:41,333 - INFO - Requested https://ipinfo.io/json
2026-09-17 21:48:41,690 - INFO - Optimizing mirrors for location: CO (Bogotá, Bogota D.C.)
2026-09-17 21:48:41,690 - INFO - Tier 1: proximity (CO,EC,VE,PA,BR,CL,US), age<1h, delay<30min
2026-09-17 21:48:41,690 - INFO - Running: sudo reflector --country CO,EC,VE,PA,BR,CL,US --age 1 --delay 0.5 --latest 50 --fastest 15 --sort rate --protocol https --completion-percent 100 --connection-timeout 3 --download-timeout 5 --threads 4 --save /etc/pacman.d/mirrorlist
2026-09-17 21:48:45,247 - INFO - Mirrorlist optimized via proximity + freshness.
2026-09-17 21:48:45,317 - INFO - Snapper POST-snapshot #411 (paired with pre #410): mirror-optimization [post-OK]
2026-09-17 21:48:45,317 - INFO - Ensuring database lock is released...
2026-09-17 21:48:45,403 - INFO - Pinning known downgrade conflicts...
2026-09-17 21:48:45,403 - INFO - Ensuring database lock is released...
2026-09-17 21:48:45,483 - INFO - Trying substitute dep: 'linenoise-ng' for 'linenoise'
2026-09-17 21:48:45,483 - INFO - Running: Install substitute dep linenoise-ng
2026-09-17 21:48:45,710 - INFO - Running: Retry wcc after substitute
2026-09-17 21:48:46,051 - INFO - Running: Query repos for wcc
2026-09-17 21:48:46,297 - INFO - Trying 'wcc' from repo 'chaotic-aur'
2026-09-17 21:48:46,297 - INFO - Running: Install wcc from chaotic-aur
2026-09-17 21:48:46,603 - INFO - Trying 'wcc' from repo 'blackarch'
2026-09-17 21:48:46,603 - INFO - Running: Install wcc from blackarch
2026-09-17 21:48:46,719 - INFO - Resolved 'wcc' from alternate repo 'blackarch'
2026-09-17 21:48:46,719 - INFO - Pinned 'wcc' + 'linenoise' — immutable for this update
2026-09-17 21:48:46,719 - INFO - Immutable packages: {'linenoise', 'wcc'}
2026-09-17 21:48:46,719 - INFO - Ensuring database lock is released...
2026-09-17 21:48:46,847 - INFO - Snapper PRE-snapshot #412 created: system-fixes [pre]
2026-09-17 21:48:46,848 - INFO - --- Applying preventive system fixes ---
2026-09-17 21:48:46,853 - INFO - Dracut configuration already correct — skipping.
2026-09-17 21:48:46,853 - INFO - Kernel install configuration already correct — skipping.
2026-09-17 21:48:46,853 - INFO - Scanning for packages with missing shared library deps...
2026-09-17 21:48:50,864 - INFO - Found 1 packages with missing files — upgrading: ['perl-test-nowarnings']
2026-09-17 21:48:50,864 - INFO - Upgrading broken package: perl-test-nowarnings
2026-09-17 21:48:51,296 - INFO - Upgraded 'perl-test-nowarnings' via paru
2026-09-17 21:48:51,296 - INFO - Broken .so upgrade pass complete.
2026-09-17 21:48:51,296 - INFO - Upgrading Python packages...
2026-09-17 21:48:51,296 - INFO - Ensuring pip is up to date...
2026-09-17 21:48:53,911 - INFO - Upgrading all pip packages in parallel (8 workers)...
2026-09-17 21:58:53,916 - WARNING - Python upgrade failed (non-critical): Command '['bash', '-c', "pip list --format=freeze 2>/dev/null | awk -F '==' '{print $1}' | xargs -P8 -n1 pip install -U --break-system-packages 2>/dev/null"]' timed out after 600 seconds
2026-09-17 21:58:53,917 - INFO - --- System fixes complete ---
2026-09-17 21:58:54,315 - INFO - Snapper POST-snapshot #413 (paired with pre #412): system-fixes [post-OK]
2026-09-17 21:58:55,642 - INFO - Kernel upgrade detected in pending updates: ['linux', 'linux-firmware', 'linux-firmware-amdgpu', 'linux-firmware-atheros', 'linux-firmware-broadcom', 'linux-firmware-cirrus', 'linux-firmware-intel', 'linux-firmware-mediatek', 'linux-firmware-nvidia', 'linux-firmware-other', 'linux-firmware-radeon', 'linux-firmware-realtek', 'linux-firmware-whence', 'linux-hardened', 'linux-hardened-headers', 'linux-headers', 'linux-zen', 'linux-zen-headers']
2026-09-17 21:58:55,642 - INFO - Ensuring database lock is released...
2026-09-17 21:58:56,151 - INFO - Snapper PRE-snapshot #414 created: ensure-blackarch-repo [pre]
2026-09-17 21:58:56,152 - INFO - Checking BlackArch repository configuration...
2026-09-17 21:58:56,405 - INFO - Snapper POST-snapshot #415 (paired with pre #414): ensure-blackarch-repo [post-OK]
2026-09-17 21:58:56,407 - INFO - Ensuring database lock is released...
2026-09-17 21:58:57,259 - INFO - Snapper PRE-snapshot #416 created: update-keyrings [pre]
2026-09-17 21:58:57,260 - INFO - Updating keyrings...
2026-09-17 21:58:57,260 - INFO - Running: Updating keyrings
2026-09-17 21:58:59,195 - INFO - Snapper POST-snapshot #417 (paired with pre #416): update-keyrings [post-OK]
2026-09-17 21:58:59,196 - INFO - Ensuring database lock is released...
2026-09-17 21:59:00,102 - INFO - Snapper PRE-snapshot #418 created: install-metapackages [pre]
2026-09-17 21:59:00,104 - INFO - Ensuring essential metapackages...
2026-09-17 21:59:00,104 - INFO - Running: Installing blackarch-officials
2026-09-17 21:59:02,218 - INFO - Snapper POST-snapshot #419 (paired with pre #418): install-metapackages [post-OK]
2026-09-17 21:59:02,455 - INFO - Snapper PRE-snapshot #420 created: sync-categories [pre]
2026-09-17 21:59:02,461 - INFO - Synchronizing BlackArch categories...
2026-09-17 21:59:02,461 - INFO - Running: Fetching categories
2026-09-17 21:59:03,146 - INFO - New categories detected and added: ['blackarch-defensive', 'blackarch-ai', 'blackarch-threat-model', 'blackarch-wordlist', 'blackarch-reocn', 'blackarch-automobile']
2026-09-17 21:59:03,368 - INFO - Snapper POST-snapshot #421 (paired with pre #420): sync-categories [post-OK]
2026-09-17 21:59:03,570 - INFO - Snapper PRE-snapshot #422 created: download-updates [pre]
2026-09-17 21:59:03,570 - INFO - Starting Sequential Download Phase...
2026-09-17 21:59:03,570 - INFO - Ensuring database lock is released...
2026-09-17 21:59:04,356 - INFO - Running: Downloading Pacman updates
2026-09-17 21:59:44,778 - ERROR - Command failed: Downloading Pacman updates. Error: warning: openscap: downgrading from version 1.4.4.r128.g3181f3e6c-1 to version 1.4.4-3
warning: wcc: ignoring package downgrade (1:v0.0.11.r34.gdced7e9-1 => 0.0.11-1)
error: failed to prepare transaction (could not satisfy dependencies)
2026-09-17 21:59:44,778 - INFO - Analyzing error output for auto-fix...
2026-09-17 21:59:44,779 - INFO - Starting Sequential Download Phase...
2026-09-17 21:59:44,780 - INFO - Ensuring database lock is released...
2026-09-17 21:59:45,007 - INFO - Running: Downloading Pacman updates
2026-09-17 22:00:11,713 - ERROR - Command failed: Downloading Pacman updates. Error: warning: openscap: downgrading from version 1.4.4.r128.g3181f3e6c-1 to version 1.4.4-3
warning: wcc: ignoring package downgrade (1:v0.0.11.r34.gdced7e9-1 => 0.0.11-1)
error: failed to prepare transaction (could not satisfy dependencies)
2026-09-17 22:00:11,867 - INFO - Snapper POST-snapshot #423 (paired with pre #422): download-updates [post-OK]
2026-09-17 22:00:11,999 - INFO - Snapper PRE-snapshot #424 created: install-updates [pre]
2026-09-17 22:00:12,000 - INFO - Starting Sequential Installation Phase...
2026-09-17 22:00:12,000 - INFO - Ensuring database lock is released...
2026-09-17 22:00:12,414 - INFO - Running: Installing Pacman updates
2026-09-17 22:00:37,400 - ERROR - Command failed: Installing Pacman updates. Error: warning: openscap: downgrading from version 1.4.4.r128.g3181f3e6c-1 to version 1.4.4-3
warning: wcc: ignoring package downgrade (1:v0.0.11.r34.gdced7e9-1 => 0.0.11-1)
error: failed to prepare transaction (could not satisfy dependencies)
2026-09-17 22:00:37,401 - INFO - Analyzing error output for auto-fix...
2026-09-17 22:00:37,401 - INFO - Starting Sequential Installation Phase...
2026-09-17 22:00:37,401 - INFO - Ensuring database lock is released...
2026-09-17 22:00:37,658 - INFO - Running: Installing Pacman updates
2026-09-17 22:01:02,858 - ERROR - Command failed: Installing Pacman updates. Error: warning: openscap: downgrading from version 1.4.4.r128.g3181f3e6c-1 to version 1.4.4-3
warning: wcc: ignoring package downgrade (1:v0.0.11.r34.gdced7e9-1 => 0.0.11-1)
error: failed to prepare transaction (could not satisfy dependencies)
2026-09-17 22:01:02,943 - INFO - Snapper POST-snapshot #425 (paired with pre #424): install-updates [post-OK]
2026-09-17 22:01:03,128 - INFO - Snapper PRE-snapshot #426 created: cleanup-orphans [pre]
2026-09-17 22:01:03,131 - INFO - Running: Orphan Cleanup
2026-09-17 22:01:39,947 - INFO - Snapper POST-snapshot #429 (paired with pre #426): cleanup-orphans [post-OK]
2026-09-17 22:01:39,947 - INFO - --- [Post-Update Kernel Tasks] ---
2026-09-17 22:01:43,858 - INFO - Snapper PRE-snapshot #430 created: dkms-rebuild [pre]
2026-09-17 22:01:43,859 - INFO - DKMS modules detected (27), rebuilding...
2026-09-17 22:01:43,859 - INFO - Rebuilding all DKMS modules...
2026-09-17 22:01:43,887 - ERROR - DKMS autoinstall failed for .old: Error! Unknown option: --kernels
2026-09-17 22:01:43,915 - ERROR - DKMS autoinstall failed for 5.1.4-arch1-1-ARCH: Error! Unknown option: --kernels
2026-09-17 22:01:43,941 - ERROR - DKMS autoinstall failed for 7.1.13-hardened1-3-hardened: Error! Unknown option: --kernels
2026-09-17 22:01:43,970 - ERROR - DKMS autoinstall failed for 7.2.4-arch1-2: Error! Unknown option: --kernels
2026-09-17 22:01:43,998 - ERROR - DKMS autoinstall failed for 7.2.4-zen2-1-zen: Error! Unknown option: --kernels
2026-09-17 22:01:44,025 - ERROR - DKMS autoinstall failed for 7.3.0-rc2-1-mainline: Error! Unknown option: --kernels
2026-09-17 22:01:44,052 - ERROR - DKMS autoinstall failed for extramodules-ARCH: Error! Unknown option: --kernels
2026-09-17 22:01:44,053 - ERROR - DKMS rebuild had errors — check dkms status manually.
2026-09-17 22:01:44,133 - INFO - Snapper POST-snapshot #431 (paired with pre #430): dkms-rebuild [post-OK]
2026-09-17 22:01:44,195 - INFO - Snapper PRE-snapshot #432 created: regenerate-initramfs [pre]
2026-09-17 22:01:44,195 - INFO - Regenerating initramfs with dracut...
2026-09-17 22:01:44,196 - INFO - Regenerating initramfs for kernel 7.1.13-hardened1-3-hardened...
2026-09-17 22:01:45,130 - ERROR - Failed to regenerate initramfs for 7.1.13-hardened1-3-hardened: dracut[F]: Can't write to /boot/efi/284ebae09c414b93a33c60b11d1a6f81/7.1.13-hardened1-3-hardened: Directory /boot/efi/284ebae09c414b93a33c60b11d1a6f81/7.1.13-hardened1-3-hardened does not exist or is not accessible.
2026-09-17 22:01:45,130 - INFO - Regenerating initramfs for kernel 7.2.4-arch1-2...
2026-09-17 22:01:45,722 - ERROR - Failed to regenerate initramfs for 7.2.4-arch1-2: dracut[F]: Can't write to /boot/efi/284ebae09c414b93a33c60b11d1a6f81/7.2.4-arch1-2: Directory /boot/efi/284ebae09c414b93a33c60b11d1a6f81/7.2.4-arch1-2 does not exist or is not accessible.
2026-09-17 22:01:45,722 - INFO - Regenerating initramfs for kernel 7.2.4-zen2-1-zen...
2026-09-17 22:01:46,301 - ERROR - Failed to regenerate initramfs for 7.2.4-zen2-1-zen: dracut[F]: Can't write to /boot/efi/284ebae09c414b93a33c60b11d1a6f81/7.2.4-zen2-1-zen: Directory /boot/efi/284ebae09c414b93a33c60b11d1a6f81/7.2.4-zen2-1-zen does not exist or is not accessible.
2026-09-17 22:01:46,302 - INFO - Regenerating initramfs for kernel 7.3.0-rc2-1-mainline...
2026-09-17 22:01:46,884 - ERROR - Failed to regenerate initramfs for 7.3.0-rc2-1-mainline: dracut[F]: Can't write to /boot/efi/284ebae09c414b93a33c60b11d1a6f81/7.3.0-rc2-1-mainline: Directory /boot/efi/284ebae09c414b93a33c60b11d1a6f81/7.3.0-rc2-1-mainline does not exist or is not accessible.
2026-09-17 22:01:46,957 - INFO - Snapper POST-snapshot #433 (paired with pre #432): regenerate-initramfs [post-OK]
2026-09-17 22:01:47,017 - INFO - Snapper POST-snapshot #434 (paired with pre #407): aio-update-full [post-OK]
2026-09-17 22:01:47,018 - INFO - Unified update complete!
2026-09-17 22:01:47,019 - INFO - Process finished with status: success
2026-09-17 22:02:33,117 - INFO - Ensuring database lock is released...
2026-09-17 22:02:33,193 - INFO - --- [Auto-Detect & Fix Phase] ---
2026-09-17 22:02:33,236 - INFO - Snapper PRE-snapshot #435 created: aio-update-full [pre]
2026-09-17 22:02:33,304 - INFO - Snapper PRE-snapshot #436 created: ensure-helpers [pre]
2026-09-17 22:02:33,304 - INFO - Checking prerequisites...
2026-09-17 22:02:33,375 - INFO - Snapper POST-snapshot #437 (paired with pre #436): ensure-helpers [post-OK]
2026-09-17 22:02:33,431 - INFO - Snapper PRE-snapshot #438 created: mirror-optimization [pre]
2026-09-17 22:02:33,432 - INFO - Requested https://ipinfo.io/json
2026-09-17 22:02:33,755 - INFO - Optimizing mirrors for location: CO (Bogotá, Bogota D.C.)
2026-09-17 22:02:33,755 - INFO - Tier 1: proximity (CO,EC,VE,PA,BR,CL,US), age<1h, delay<30min
2026-09-17 22:02:33,755 - INFO - Running: sudo reflector --country CO,EC,VE,PA,BR,CL,US --age 1 --delay 0.5 --latest 50 --fastest 15 --sort rate --protocol https --completion-percent 100 --connection-timeout 3 --download-timeout 5 --threads 4 --save /etc/pacman.d/mirrorlist
2026-09-17 22:02:40,449 - INFO - Mirrorlist optimized via proximity + freshness.
2026-09-17 22:02:40,518 - INFO - Snapper POST-snapshot #439 (paired with pre #438): mirror-optimization [post-OK]
2026-09-17 22:02:40,518 - INFO - Ensuring database lock is released...
2026-09-17 22:02:40,601 - INFO - Pinning known downgrade conflicts...
2026-09-17 22:02:40,601 - INFO - Ensuring database lock is released...
2026-09-17 22:02:40,678 - INFO - Trying substitute dep: 'linenoise-ng' for 'linenoise'
2026-09-17 22:02:40,678 - INFO - Running: Install substitute dep linenoise-ng
2026-09-17 22:02:40,884 - INFO - Running: Retry wcc after substitute
2026-09-17 22:02:41,199 - INFO - Running: Query repos for wcc
2026-09-17 22:02:41,435 - INFO - Trying 'wcc' from repo 'chaotic-aur'
2026-09-17 22:02:41,435 - INFO - Running: Install wcc from chaotic-aur
2026-09-17 22:02:41,757 - INFO - Trying 'wcc' from repo 'blackarch'
2026-09-17 22:02:41,758 - INFO - Running: Install wcc from blackarch
2026-09-17 22:02:41,838 - INFO - Resolved 'wcc' from alternate repo 'blackarch'
2026-09-17 22:02:41,838 - INFO - Pinned 'wcc' + 'linenoise' — immutable for this update
2026-09-17 22:02:41,838 - INFO - Immutable packages: {'linenoise', 'wcc'}
2026-09-17 22:02:41,838 - INFO - Ensuring database lock is released...
2026-09-17 22:02:41,956 - INFO - Snapper PRE-snapshot #440 created: system-fixes [pre]
2026-09-17 22:02:41,957 - INFO - --- Applying preventive system fixes ---
2026-09-17 22:02:41,963 - INFO - Dracut configuration already correct — skipping.
2026-09-17 22:02:41,963 - INFO - Kernel install configuration already correct — skipping.
2026-09-17 22:02:41,963 - INFO - Scanning for packages with missing shared library deps...
2026-09-17 22:02:44,568 - INFO - Found 2 packages with missing files — upgrading: ['perl-test-nowarnings', 'warning']
2026-09-17 22:02:44,569 - INFO - Upgrading broken package: perl-test-nowarnings
2026-09-17 22:02:44,996 - INFO - Upgraded 'perl-test-nowarnings' via paru
2026-09-17 22:02:44,996 - INFO - Upgrading broken package: warning
2026-09-17 22:02:50,187 - WARNING - Could not upgrade 'warning' from any helper
2026-09-17 22:02:50,187 - INFO - Broken .so upgrade pass complete.
2026-09-17 22:02:50,187 - INFO - Upgrading Python packages...
2026-09-17 22:02:50,187 - INFO - Ensuring pip is up to date...
2026-09-17 22:02:52,788 - INFO - Upgrading all pip packages in parallel (8 workers)...
2026-09-17 22:12:52,794 - WARNING - Python upgrade failed (non-critical): Command '['bash', '-c', "pip list --format=freeze 2>/dev/null | awk -F '==' '{print $1}' | xargs -P8 -n1 pip install -U --break-system-packages 2>/dev/null"]' timed out after 600 seconds
2026-09-17 22:12:52,798 - INFO - --- System fixes complete ---
2026-09-17 22:12:53,285 - INFO - Snapper POST-snapshot #441 (paired with pre #440): system-fixes [post-OK]
2026-09-17 22:12:55,532 - INFO - Kernel upgrade detected in pending updates: ['linux', 'linux-firmware', 'linux-firmware-amdgpu', 'linux-firmware-atheros', 'linux-firmware-broadcom', 'linux-firmware-cirrus', 'linux-firmware-intel', 'linux-firmware-mediatek', 'linux-firmware-nvidia', 'linux-firmware-other', 'linux-firmware-radeon', 'linux-firmware-realtek', 'linux-firmware-whence', 'linux-hardened', 'linux-hardened-headers', 'linux-headers', 'linux-zen', 'linux-zen-headers']
2026-09-17 22:12:55,532 - INFO - Ensuring database lock is released...
2026-09-17 22:12:56,255 - INFO - Snapper PRE-snapshot #442 created: ensure-blackarch-repo [pre]
2026-09-17 22:12:56,256 - INFO - Checking BlackArch repository configuration...
2026-09-17 22:12:56,465 - INFO - Snapper POST-snapshot #443 (paired with pre #442): ensure-blackarch-repo [post-OK]
2026-09-17 22:12:56,468 - INFO - Ensuring database lock is released...
2026-09-17 22:12:57,149 - INFO - Snapper PRE-snapshot #444 created: update-keyrings [pre]
2026-09-17 22:12:57,154 - INFO - Updating keyrings...
2026-09-17 22:12:57,155 - INFO - Running: Updating keyrings
2026-09-17 22:12:58,878 - INFO - Snapper POST-snapshot #445 (paired with pre #444): update-keyrings [post-OK]
2026-09-17 22:12:58,881 - INFO - Ensuring database lock is released...
2026-09-17 22:12:59,521 - INFO - Snapper PRE-snapshot #446 created: install-metapackages [pre]
2026-09-17 22:12:59,522 - INFO - Ensuring essential metapackages...
2026-09-17 22:12:59,523 - INFO - Running: Installing blackarch-officials
2026-09-17 22:13:01,727 - INFO - Snapper POST-snapshot #447 (paired with pre #446): install-metapackages [post-OK]
2026-09-17 22:13:01,957 - INFO - Snapper PRE-snapshot #448 created: sync-categories [pre]
2026-09-17 22:13:01,958 - INFO - Synchronizing BlackArch categories...
2026-09-17 22:13:01,958 - INFO - Running: Fetching categories
2026-09-17 22:13:02,778 - INFO - New categories detected and added: ['blackarch-threat-model', 'blackarch-ai', 'blackarch-defensive', 'blackarch-reocn', 'blackarch-automobile', 'blackarch-wordlist']
2026-09-17 22:13:02,959 - INFO - Snapper POST-snapshot #449 (paired with pre #448): sync-categories [post-OK]
2026-09-17 22:13:03,180 - INFO - Snapper PRE-snapshot #450 created: download-updates [pre]
2026-09-17 22:13:03,181 - INFO - Starting Sequential Download Phase...
2026-09-17 22:13:03,181 - INFO - Ensuring database lock is released...
2026-09-17 22:13:03,685 - INFO - Running: Downloading Pacman updates
2026-09-17 22:13:42,098 - ERROR - Command failed: Downloading Pacman updates. Error: warning: openscap: downgrading from version 1.4.4.r128.g3181f3e6c-1 to version 1.4.4-3
warning: wcc: ignoring package downgrade (1:v0.0.11.r34.gdced7e9-1 => 0.0.11-1)
error: failed to prepare transaction (could not satisfy dependencies)
:: Synchronizing package databases...
 garuda downloading...
 core downloading...
 extra downloading...
 multilib downloading...
 chaotic-aur downloading...
 blackarch downloading...
:: Starting full system upgrade...
resolving dependencies...
:: installing virtualbox (7.2.18-1) breaks dependency 'virtualbox=7.2.16' required by virtualbox-ext-oracle
2026-09-17 22:13:42,098 - INFO - Analyzing error output for auto-fix...
2026-09-17 22:13:42,099 - WARNING - Held package: 'virtualbox' upgrade blocked by 'virtualbox-ext-oracle' — pinning both to --ignore
2026-09-17 22:13:42,099 - INFO - Ignore list for retry: {'linenoise', 'wcc', 'virtualbox-ext-oracle', 'virtualbox'}
2026-09-17 22:13:42,099 - INFO - Starting Sequential Download Phase...
2026-09-17 22:13:42,099 - INFO - Ensuring database lock is released...
2026-09-17 22:13:42,341 - INFO - Running: Downloading Pacman updates
2026-09-17 22:23:42,442 - ERROR - Timeout(600s): Downloading Pacman updates
2026-09-17 22:23:42,494 - INFO - Snapper POST-snapshot #451 (paired with pre #450): download-updates [post-FAILED]
2026-09-17 22:23:42,545 - INFO - Snapper POST-snapshot #452 (paired with pre #435): aio-update-full [post-FAILED]
2026-09-17 22:23:42,546 - ERROR - Update command failed: Download phase failed after auto-fix: timeout after 600s
2026-09-17 22:23:42,546 - INFO - Process finished with status: failed
2026-09-17 22:23:58,123 - INFO - Ensuring database lock is released...
2026-09-17 22:23:58,206 - INFO - --- [Auto-Detect & Fix Phase] ---
2026-09-17 22:23:58,251 - INFO - Snapper PRE-snapshot #453 created: aio-update-full [pre]
2026-09-17 22:23:58,322 - INFO - Snapper PRE-snapshot #454 created: ensure-helpers [pre]
2026-09-17 22:23:58,322 - INFO - Checking prerequisites...
2026-09-17 22:23:58,396 - INFO - Snapper POST-snapshot #455 (paired with pre #454): ensure-helpers [post-OK]
2026-09-17 22:23:58,448 - INFO - Snapper PRE-snapshot #456 created: mirror-optimization [pre]
2026-09-17 22:23:58,448 - INFO - Requested https://ipinfo.io/json
2026-09-17 22:23:58,791 - INFO - Optimizing mirrors for location: CO (Bogotá, Bogota D.C.)
2026-09-17 22:23:58,791 - INFO - Tier 1: proximity (CO,EC,VE,PA,BR,CL,US), age<1h, delay<30min
2026-09-17 22:23:58,791 - INFO - Running: sudo reflector --country CO,EC,VE,PA,BR,CL,US --age 1 --delay 0.5 --latest 50 --fastest 15 --sort rate --protocol https --completion-percent 100 --connection-timeout 3 --download-timeout 5 --threads 4 --save /etc/pacman.d/mirrorlist
2026-09-17 22:24:03,821 - INFO - Mirrorlist optimized via proximity + freshness.
2026-09-17 22:24:03,891 - INFO - Snapper POST-snapshot #457 (paired with pre #456): mirror-optimization [post-OK]
2026-09-17 22:24:03,891 - INFO - Ensuring database lock is released...
2026-09-17 22:24:03,968 - INFO - Pinning known downgrade conflicts...
2026-09-17 22:24:03,969 - INFO - Ensuring database lock is released...
2026-09-17 22:24:04,036 - INFO - Trying substitute dep: 'linenoise-ng' for 'linenoise'
2026-09-17 22:24:04,036 - INFO - Running: Install substitute dep linenoise-ng
2026-09-17 22:24:04,235 - INFO - Running: Retry wcc after substitute
2026-09-17 22:24:04,537 - INFO - Running: Query repos for wcc
2026-09-17 22:24:04,783 - INFO - Trying 'wcc' from repo 'chaotic-aur'
2026-09-17 22:24:04,783 - INFO - Running: Install wcc from chaotic-aur
2026-09-17 22:24:05,070 - INFO - Trying 'wcc' from repo 'blackarch'
2026-09-17 22:24:05,070 - INFO - Running: Install wcc from blackarch
2026-09-17 22:24:05,147 - INFO - Resolved 'wcc' from alternate repo 'blackarch'
2026-09-17 22:24:05,147 - INFO - Pinned 'wcc' + 'linenoise' — immutable for this update
2026-09-17 22:24:05,147 - INFO - Immutable packages: {'wcc', 'linenoise'}
2026-09-17 22:24:05,147 - INFO - Ensuring database lock is released...
2026-09-17 22:24:05,258 - INFO - Snapper PRE-snapshot #458 created: system-fixes [pre]
2026-09-17 22:24:05,258 - INFO - --- Applying preventive system fixes ---
2026-09-17 22:24:05,264 - INFO - Dracut configuration already correct — skipping.
2026-09-17 22:24:05,264 - INFO - Kernel install configuration already correct — skipping.
2026-09-17 22:24:05,264 - INFO - Scanning for packages with missing shared library deps...
2026-09-17 22:24:07,925 - INFO - Found 2 packages with missing files — upgrading: ['perl-test-nowarnings', 'warning']
2026-09-17 22:24:07,925 - INFO - Upgrading broken package: perl-test-nowarnings
2026-09-17 22:24:08,327 - INFO - Upgraded 'perl-test-nowarnings' via paru
2026-09-17 22:24:08,327 - INFO - Upgrading broken package: warning
2026-09-17 22:24:13,222 - WARNING - Could not upgrade 'warning' from any helper
2026-09-17 22:24:13,222 - INFO - Broken .so upgrade pass complete.
2026-09-17 22:24:13,222 - INFO - Upgrading Python packages...
2026-09-17 22:24:13,222 - INFO - Ensuring pip is up to date...
2026-09-17 22:24:15,648 - INFO - Upgrading all pip packages in parallel (8 workers)...
2026-09-17 22:34:15,650 - WARNING - Python upgrade failed (non-critical): Command '['bash', '-c', "pip list --format=freeze 2>/dev/null | awk -F '==' '{print $1}' | xargs -P8 -n1 pip install -U --break-system-packages 2>/dev/null"]' timed out after 600 seconds
2026-09-17 22:34:15,651 - INFO - --- System fixes complete ---
2026-09-17 22:34:16,626 - INFO - Snapper POST-snapshot #459 (paired with pre #458): system-fixes [post-OK]
2026-09-17 22:34:17,269 - INFO - Kernel upgrade detected in pending updates: ['linux', 'linux-firmware', 'linux-firmware-amdgpu', 'linux-firmware-atheros', 'linux-firmware-broadcom', 'linux-firmware-cirrus', 'linux-firmware-intel', 'linux-firmware-mediatek', 'linux-firmware-nvidia', 'linux-firmware-other', 'linux-firmware-radeon', 'linux-firmware-realtek', 'linux-firmware-whence', 'linux-hardened', 'linux-hardened-headers', 'linux-headers', 'linux-zen', 'linux-zen-headers']
2026-09-17 22:34:17,269 - INFO - Ensuring database lock is released...
2026-09-17 22:34:17,653 - INFO - Snapper PRE-snapshot #460 created: ensure-blackarch-repo [pre]
2026-09-17 22:34:17,653 - INFO - Checking BlackArch repository configuration...
2026-09-17 22:34:17,827 - INFO - Snapper POST-snapshot #461 (paired with pre #460): ensure-blackarch-repo [post-OK]
2026-09-17 22:34:17,828 - INFO - Ensuring database lock is released...
2026-09-17 22:34:18,259 - INFO - Snapper PRE-snapshot #462 created: update-keyrings [pre]
2026-09-17 22:34:18,260 - INFO - Updating keyrings...
2026-09-17 22:34:18,260 - INFO - Running: Updating keyrings
2026-09-17 22:34:19,045 - INFO - Snapper POST-snapshot #463 (paired with pre #462): update-keyrings [post-OK]
2026-09-17 22:34:19,047 - INFO - Ensuring database lock is released...
2026-09-17 22:34:19,530 - INFO - Snapper PRE-snapshot #464 created: install-metapackages [pre]
2026-09-17 22:34:19,531 - INFO - Ensuring essential metapackages...
2026-09-17 22:34:19,531 - INFO - Running: Installing blackarch-officials
2026-09-17 22:34:20,469 - INFO - Snapper POST-snapshot #465 (paired with pre #464): install-metapackages [post-OK]
2026-09-17 22:34:20,643 - INFO - Snapper PRE-snapshot #466 created: sync-categories [pre]
2026-09-17 22:34:20,644 - INFO - Synchronizing BlackArch categories...
2026-09-17 22:34:20,644 - INFO - Running: Fetching categories
2026-09-17 22:34:21,439 - INFO - New categories detected and added: ['blackarch-defensive', 'blackarch-ai', 'blackarch-automobile', 'blackarch-reocn', 'blackarch-threat-model', 'blackarch-wordlist']
2026-09-17 22:34:21,592 - INFO - Snapper POST-snapshot #467 (paired with pre #466): sync-categories [post-OK]
2026-09-17 22:34:21,780 - INFO - Snapper PRE-snapshot #468 created: download-updates [pre]
2026-09-17 22:34:21,780 - INFO - Starting Sequential Download Phase...
2026-09-17 22:34:21,780 - INFO - Ensuring database lock is released...
2026-09-17 22:34:21,977 - INFO - Running: Downloading Pacman updates
2026-09-17 22:34:44,341 - ERROR - Command failed: Downloading Pacman updates. Error: warning: openscap: downgrading from version 1.4.4.r128.g3181f3e6c-1 to version 1.4.4-3
warning: wcc: ignoring package downgrade (1:v0.0.11.r34.gdced7e9-1 => 0.0.11-1)
error: failed to prepare transaction (could not satisfy dependencies)
:: Synchronizing package databases...
 garuda downloading...
 core downloading...
 extra downloading...
 multilib downloading...
 chaotic-aur downloading...
 blackarch downloading...
:: Starting full system upgrade...
resolving dependencies...
:: installing virtualbox (7.2.18-1) breaks dependency 'virtualbox=7.2.16' required by virtualbox-ext-oracle
2026-09-17 22:34:44,341 - INFO - Analyzing error output for auto-fix...
2026-09-17 22:34:44,342 - WARNING - Held package: 'virtualbox' upgrade blocked by 'virtualbox-ext-oracle' — pinning both to --ignore
2026-09-17 22:34:44,342 - INFO - Ignore list for retry: {'wcc', 'virtualbox', 'virtualbox-ext-oracle', 'linenoise'}
2026-09-17 22:34:44,342 - INFO - Starting Sequential Download Phase...
2026-09-17 22:34:44,342 - INFO - Ensuring database lock is released...
2026-09-17 22:34:44,534 - INFO - Running: Downloading Pacman updates
2026-09-17 23:04:42,446 - INFO - Running: Downloading AUR updates (paru)
2026-09-17 23:05:32,450 - INFO - Snapper POST-snapshot #469 (paired with pre #468): download-updates [post-FAILED]
2026-09-17 23:05:32,501 - INFO - Snapper POST-snapshot #470 (paired with pre #453): aio-update-full [post-FAILED]
2026-09-17 23:05:32,502 - ERROR - Update command failed: Download phase failed after auto-fix: warning: openscap: downgrading from version 1.4.4.r128.g3181f3e6c-1 to version 1.4.4-3
warning: virtualbox: ignoring package upgrade (7.2.16-1 => 7.2.18-1)
warning: wcc: ignoring package downgrade (1:v0.0.11.r34.gdced7e9-1 => 0.0.11-1)
error: can't install AUR package as root
:: Synchronizing package databases...
 garuda downloading...
 core downloading...
 extra downloading...
 multilib downloading...
 chaotic-aur downloading...
 blackarch downloading...
:: Starting full system upgrade...
resol
2026-09-17 23:05:32,502 - INFO - Process finished with status: failed
2026-09-17 23:05:56,470 - INFO - Ensuring database lock is released...
2026-09-17 23:05:56,548 - INFO - --- [Auto-Detect & Fix Phase] ---
2026-09-17 23:05:56,585 - INFO - Snapper PRE-snapshot #471 created: aio-update-full [pre]
2026-09-17 23:05:56,657 - INFO - Snapper PRE-snapshot #472 created: ensure-helpers [pre]
2026-09-17 23:05:56,658 - INFO - Checking prerequisites...
2026-09-17 23:05:56,730 - INFO - Snapper POST-snapshot #473 (paired with pre #472): ensure-helpers [post-OK]
2026-09-17 23:05:56,792 - INFO - Snapper PRE-snapshot #474 created: mirror-optimization [pre]
2026-09-17 23:05:56,793 - INFO - Requested https://ipinfo.io/json
2026-09-17 23:05:57,102 - INFO - Optimizing mirrors for location: CO (Bogotá, Bogota D.C.)
2026-09-17 23:05:57,102 - INFO - Tier 1: proximity (CO,EC,VE,PA,BR,CL,US), age<1h, delay<30min
2026-09-17 23:05:57,102 - INFO - Running: sudo reflector --country CO,EC,VE,PA,BR,CL,US --age 1 --delay 0.5 --latest 50 --fastest 15 --sort rate --protocol https --completion-percent 100 --connection-timeout 3 --download-timeout 5 --threads 4 --save /etc/pacman.d/mirrorlist
2026-09-17 23:06:06,272 - INFO - Mirrorlist optimized via proximity + freshness.
2026-09-17 23:06:06,831 - INFO - Snapper POST-snapshot #475 (paired with pre #474): mirror-optimization [post-OK]
2026-09-17 23:06:06,831 - INFO - Ensuring database lock is released...
2026-09-17 23:06:06,913 - INFO - Pinning known downgrade conflicts...
2026-09-17 23:06:06,913 - INFO - Ensuring database lock is released...
2026-09-17 23:06:06,988 - INFO - Trying substitute dep: 'linenoise-ng' for 'linenoise'
2026-09-17 23:06:06,988 - INFO - Running: Install substitute dep linenoise-ng
2026-09-17 23:06:07,210 - INFO - Running: Retry wcc after substitute
2026-09-17 23:06:07,521 - INFO - Running: Query repos for wcc
2026-09-17 23:06:07,745 - INFO - Trying 'wcc' from repo 'chaotic-aur'
2026-09-17 23:06:07,745 - INFO - Running: Install wcc from chaotic-aur
2026-09-17 23:06:08,025 - INFO - Trying 'wcc' from repo 'blackarch'
2026-09-17 23:06:08,025 - INFO - Running: Install wcc from blackarch
2026-09-17 23:06:08,104 - INFO - Resolved 'wcc' from alternate repo 'blackarch'
2026-09-17 23:06:08,104 - INFO - Pinned 'wcc' + 'linenoise' — immutable for this update
2026-09-17 23:06:08,104 - INFO - Immutable packages: {'wcc', 'linenoise'}
2026-09-17 23:06:08,104 - INFO - Ensuring database lock is released...
2026-09-17 23:06:08,359 - INFO - Snapper PRE-snapshot #476 created: system-fixes [pre]
2026-09-17 23:06:08,359 - INFO - --- Applying preventive system fixes ---
2026-09-17 23:06:08,372 - INFO - Configuring dracut to use /boot directory...
2026-09-17 23:06:08,390 - INFO - Dracut configuration created successfully.
2026-09-17 23:06:08,390 - INFO - Configuring kernel-install to use traditional initramfs...
2026-09-17 23:06:08,407 - INFO - Kernel install configuration created successfully.
2026-09-17 23:06:08,407 - INFO - Scanning for packages with missing shared library deps...
2026-09-17 23:06:12,068 - INFO - Found 2 packages with missing files — upgrading: ['perl-test-nowarnings', 'warning']
2026-09-17 23:06:12,068 - INFO - Upgrading broken package: perl-test-nowarnings
2026-09-17 23:06:12,477 - INFO - Upgraded 'perl-test-nowarnings' via paru
2026-09-17 23:06:12,477 - INFO - Upgrading broken package: warning
2026-09-17 23:06:22,051 - WARNING - Could not upgrade 'warning' from any helper
2026-09-17 23:06:22,051 - INFO - Broken .so upgrade pass complete.
2026-09-17 23:06:22,051 - INFO - Upgrading Python packages...
2026-09-17 23:06:22,051 - INFO - Ensuring pip is up to date...
2026-09-17 23:06:24,383 - INFO - Upgrading all pip packages in parallel (8 workers)...
2026-09-17 23:16:24,385 - WARNING - Python upgrade failed (non-critical): Command '['bash', '-c', "pip list --format=freeze 2>/dev/null | awk -F '==' '{print $1}' | xargs -P8 -n1 pip install -U --break-system-packages 2>/dev/null"]' timed out after 600 seconds
2026-09-17 23:16:24,386 - INFO - --- System fixes complete ---
2026-09-17 23:16:24,556 - INFO - Snapper POST-snapshot #477 (paired with pre #476): system-fixes [post-OK]
2026-09-17 23:16:25,175 - INFO - Kernel upgrade detected in pending updates: ['linux', 'linux-firmware', 'linux-firmware-amdgpu', 'linux-firmware-atheros', 'linux-firmware-broadcom', 'linux-firmware-cirrus', 'linux-firmware-intel', 'linux-firmware-mediatek', 'linux-firmware-nvidia', 'linux-firmware-other', 'linux-firmware-radeon', 'linux-firmware-realtek', 'linux-firmware-whence', 'linux-hardened', 'linux-hardened-headers', 'linux-headers', 'linux-zen', 'linux-zen-headers']
2026-09-17 23:16:25,175 - INFO - Ensuring database lock is released...
2026-09-17 23:16:25,606 - INFO - Snapper PRE-snapshot #478 created: ensure-blackarch-repo [pre]
2026-09-17 23:16:25,606 - INFO - Checking BlackArch repository configuration...
2026-09-17 23:16:25,805 - INFO - Snapper POST-snapshot #479 (paired with pre #478): ensure-blackarch-repo [post-OK]
2026-09-17 23:16:25,806 - INFO - Ensuring database lock is released...
2026-09-17 23:16:26,291 - INFO - Snapper PRE-snapshot #480 created: update-keyrings [pre]
2026-09-17 23:16:26,294 - INFO - Updating keyrings...
2026-09-17 23:16:26,294 - INFO - Running: Updating keyrings
2026-09-17 23:16:27,088 - INFO - Snapper POST-snapshot #481 (paired with pre #480): update-keyrings [post-OK]
2026-09-17 23:16:27,090 - INFO - Ensuring database lock is released...
2026-09-17 23:16:27,590 - INFO - Snapper PRE-snapshot #482 created: install-metapackages [pre]
2026-09-17 23:16:27,590 - INFO - Ensuring essential metapackages...
2026-09-17 23:16:27,590 - INFO - Running: Installing blackarch-officials
2026-09-17 23:16:28,496 - INFO - Snapper POST-snapshot #483 (paired with pre #482): install-metapackages [post-OK]
2026-09-17 23:16:28,723 - INFO - Snapper PRE-snapshot #484 created: sync-categories [pre]
2026-09-17 23:16:28,723 - INFO - Synchronizing BlackArch categories...
2026-09-17 23:16:28,723 - INFO - Running: Fetching categories
2026-09-17 23:16:29,336 - INFO - New categories detected and added: ['blackarch-defensive', 'blackarch-ai', 'blackarch-threat-model', 'blackarch-reocn', 'blackarch-automobile', 'blackarch-wordlist']
2026-09-17 23:16:29,479 - INFO - Snapper POST-snapshot #485 (paired with pre #484): sync-categories [post-OK]
2026-09-17 23:16:29,631 - INFO - Snapper PRE-snapshot #486 created: download-updates [pre]
2026-09-17 23:16:29,631 - INFO - Starting Sequential Download Phase...
2026-09-17 23:16:29,632 - INFO - Ensuring database lock is released...
2026-09-17 23:16:29,936 - INFO - Running: Downloading Pacman updates
2026-09-17 23:16:59,977 - ERROR - Command failed: Downloading Pacman updates. Error: warning: openscap: downgrading from version 1.4.4.r128.g3181f3e6c-1 to version 1.4.4-3
warning: wcc: ignoring package downgrade (1:v0.0.11.r34.gdced7e9-1 => 0.0.11-1)
error: failed to prepare transaction (could not satisfy dependencies)
:: Synchronizing package databases...
 garuda downloading...
 core downloading...
 extra downloading...
 multilib downloading...
 chaotic-aur downloading...
 blackarch downloading...
:: Starting full system upgrade...
resolving dependencies...
:: installing virtualbox (7.2.18-1) breaks dependency 'virtualbox=7.2.16' required by virtualbox-ext-oracle
2026-09-17 23:16:59,978 - INFO - Analyzing error output for auto-fix...
2026-09-17 23:16:59,980 - WARNING - Held package: 'virtualbox' upgrade blocked by 'virtualbox-ext-oracle' — pinning both to --ignore
2026-09-17 23:16:59,980 - INFO - Ignore list for retry: {'wcc', 'virtualbox-ext-oracle', 'linenoise', 'virtualbox'}
2026-09-17 23:16:59,980 - INFO - Starting Sequential Download Phase...
2026-09-17 23:16:59,980 - INFO - Ensuring database lock is released...
2026-09-17 23:17:00,177 - INFO - Running: Downloading Pacman updates
2026-09-17 23:17:59,829 - INFO - Running: Downloading AUR updates (paru)
2026-09-17 23:18:52,579 - INFO - Snapper POST-snapshot #487 (paired with pre #486): download-updates [post-FAILED]
2026-09-17 23:18:52,636 - INFO - Snapper POST-snapshot #488 (paired with pre #471): aio-update-full [post-FAILED]
2026-09-17 23:18:52,637 - ERROR - Update command failed: Download phase failed after auto-fix: warning: openscap: downgrading from version 1.4.4.r128.g3181f3e6c-1 to version 1.4.4-3
warning: virtualbox: ignoring package upgrade (7.2.16-1 => 7.2.18-1)
warning: wcc: ignoring package downgrade (1:v0.0.11.r34.gdced7e9-1 => 0.0.11-1)
error: --downloadonly can't be used for AUR packages
:: Synchronizing package databases...
 garuda downloading...
 core downloading...
 extra downloading...
 multilib downloading...
 chaotic-aur downloading...
 blackarch downloading...
:: Starting full system upgr
2026-09-17 23:18:52,637 - INFO - Process finished with status: failed
2026-09-17 23:19:18,213 - INFO - Ensuring database lock is released...
2026-09-17 23:19:18,291 - INFO - --- [Auto-Detect & Fix Phase] ---
2026-09-17 23:19:18,333 - INFO - Snapper PRE-snapshot #489 created: aio-update-full [pre]
2026-09-17 23:19:18,402 - INFO - Snapper PRE-snapshot #490 created: ensure-helpers [pre]
2026-09-17 23:19:18,402 - INFO - Checking prerequisites...
2026-09-17 23:19:18,478 - INFO - Snapper POST-snapshot #491 (paired with pre #490): ensure-helpers [post-OK]
2026-09-17 23:19:18,527 - INFO - Snapper PRE-snapshot #492 created: mirror-optimization [pre]
2026-09-17 23:19:18,527 - INFO - Requested https://ipinfo.io/json
2026-09-17 23:19:18,901 - INFO - Optimizing mirrors for location: CO (Bogotá, Bogota D.C.)
2026-09-17 23:19:18,901 - INFO - Tier 1: proximity (CO,EC,VE,PA,BR,CL,US), age<1h, delay<30min
2026-09-17 23:19:18,901 - INFO - Running: sudo reflector --country CO,EC,VE,PA,BR,CL,US --age 1 --delay 0.5 --latest 50 --fastest 15 --sort rate --protocol https --completion-percent 100 --connection-timeout 3 --download-timeout 5 --threads 4 --save /etc/pacman.d/mirrorlist
2026-09-17 23:19:24,400 - INFO - Mirrorlist optimized via proximity + freshness.
2026-09-17 23:19:24,473 - INFO - Snapper POST-snapshot #493 (paired with pre #492): mirror-optimization [post-OK]
2026-09-17 23:19:24,473 - INFO - Ensuring database lock is released...
2026-09-17 23:19:24,562 - INFO - Pinning known downgrade conflicts...
2026-09-17 23:19:24,562 - INFO - Ensuring database lock is released...
2026-09-17 23:19:24,649 - INFO - Trying substitute dep: 'linenoise-ng' for 'linenoise'
2026-09-17 23:19:24,650 - INFO - Running: Install substitute dep linenoise-ng
2026-09-17 23:19:24,873 - INFO - Running: Retry wcc after substitute
2026-09-17 23:19:25,218 - INFO - Running: Query repos for wcc
2026-09-17 23:19:25,457 - INFO - Trying 'wcc' from repo 'chaotic-aur'
2026-09-17 23:19:25,457 - INFO - Running: Install wcc from chaotic-aur
2026-09-17 23:19:25,764 - INFO - Trying 'wcc' from repo 'blackarch'
2026-09-17 23:19:25,764 - INFO - Running: Install wcc from blackarch
2026-09-17 23:19:25,846 - INFO - Resolved 'wcc' from alternate repo 'blackarch'
2026-09-17 23:19:25,846 - INFO - Pinned 'wcc' + 'linenoise' — immutable for this update
2026-09-17 23:19:25,846 - INFO - Immutable packages: {'wcc', 'linenoise'}
2026-09-17 23:19:25,846 - INFO - Ensuring database lock is released...
2026-09-17 23:19:25,973 - INFO - Snapper PRE-snapshot #494 created: system-fixes [pre]
2026-09-17 23:19:25,973 - INFO - --- Applying preventive system fixes ---
2026-09-17 23:19:25,979 - INFO - Configuring dracut to use /boot directory...
2026-09-17 23:19:25,998 - INFO - Dracut configuration created successfully.
2026-09-17 23:19:25,998 - INFO - Configuring kernel-install to use traditional initramfs...
2026-09-17 23:19:26,018 - INFO - Kernel install configuration created successfully.
2026-09-17 23:19:26,018 - INFO - Scanning for packages with missing shared library deps...
2026-09-17 23:19:29,781 - INFO - Found 1 packages with missing files — upgrading: ['perl-test-nowarnings']
2026-09-17 23:19:29,781 - INFO - Upgrading broken package: perl-test-nowarnings
2026-09-17 23:19:30,215 - INFO - Upgraded 'perl-test-nowarnings' via paru
2026-09-17 23:19:30,215 - INFO - Broken .so upgrade pass complete.
2026-09-17 23:19:30,215 - INFO - Upgrading Python packages...
2026-09-17 23:19:30,215 - INFO - Ensuring pip is up to date...
2026-09-17 23:19:32,754 - INFO - Upgrading all pip packages in parallel (8 workers)...
2026-09-17 23:29:32,759 - WARNING - Python upgrade failed (non-critical): Command '['bash', '-c', "pip list --format=freeze 2>/dev/null | awk -F '==' '{print $1}' | xargs -P8 -n1 pip install -U --break-system-packages 2>/dev/null"]' timed out after 600 seconds
2026-09-17 23:29:32,760 - INFO - --- System fixes complete ---
2026-09-17 23:29:32,993 - INFO - Snapper POST-snapshot #495 (paired with pre #494): system-fixes [post-OK]
2026-09-17 23:29:33,973 - INFO - Kernel upgrade detected in pending updates: ['linux', 'linux-firmware', 'linux-firmware-amdgpu', 'linux-firmware-atheros', 'linux-firmware-broadcom', 'linux-firmware-cirrus', 'linux-firmware-intel', 'linux-firmware-mediatek', 'linux-firmware-nvidia', 'linux-firmware-other', 'linux-firmware-radeon', 'linux-firmware-realtek', 'linux-firmware-whence', 'linux-hardened', 'linux-hardened-headers', 'linux-headers', 'linux-zen', 'linux-zen-headers']
2026-09-17 23:29:33,973 - INFO - Ensuring database lock is released...
2026-09-17 23:29:34,447 - INFO - Snapper PRE-snapshot #496 created: ensure-blackarch-repo [pre]
2026-09-17 23:29:34,448 - INFO - Checking BlackArch repository configuration...
2026-09-17 23:29:34,659 - INFO - Snapper POST-snapshot #497 (paired with pre #496): ensure-blackarch-repo [post-OK]
2026-09-17 23:29:34,660 - INFO - Ensuring database lock is released...
2026-09-17 23:29:35,130 - INFO - Snapper PRE-snapshot #498 created: update-keyrings [pre]
2026-09-17 23:29:35,130 - INFO - Updating keyrings...
2026-09-17 23:29:35,130 - INFO - Running: Updating keyrings
2026-09-17 23:29:36,443 - INFO - Snapper POST-snapshot #499 (paired with pre #498): update-keyrings [post-OK]
2026-09-17 23:29:36,443 - INFO - Ensuring database lock is released...
2026-09-17 23:29:36,936 - INFO - Snapper PRE-snapshot #500 created: install-metapackages [pre]
2026-09-17 23:29:36,937 - INFO - Ensuring essential metapackages...
2026-09-17 23:29:36,937 - INFO - Running: Installing blackarch-officials
2026-09-17 23:29:38,168 - INFO - Snapper POST-snapshot #501 (paired with pre #500): install-metapackages [post-OK]
2026-09-17 23:29:38,314 - INFO - Snapper PRE-snapshot #502 created: sync-categories [pre]
2026-09-17 23:29:38,315 - INFO - Synchronizing BlackArch categories...
2026-09-17 23:29:38,315 - INFO - Running: Fetching categories
2026-09-17 23:29:39,245 - INFO - New categories detected and added: ['blackarch-automobile', 'blackarch-defensive', 'blackarch-ai', 'blackarch-wordlist', 'blackarch-threat-model', 'blackarch-reocn']
2026-09-17 23:29:39,446 - INFO - Snapper POST-snapshot #503 (paired with pre #502): sync-categories [post-OK]
2026-09-17 23:29:39,599 - INFO - Snapper PRE-snapshot #504 created: download-updates [pre]
2026-09-17 23:29:39,600 - INFO - Starting Repo Download Phase...
2026-09-17 23:29:39,600 - INFO - Ensuring database lock is released...
2026-09-17 23:29:39,936 - INFO - Running: Downloading Pacman updates
2026-09-17 23:30:05,355 - ERROR - Command failed: Downloading Pacman updates. Error: warning: openscap: downgrading from version 1.4.4.r128.g3181f3e6c-1 to version 1.4.4-3
warning: wcc: ignoring package downgrade (1:v0.0.11.r34.gdced7e9-1 => 0.0.11-1)
error: failed to prepare transaction (could not satisfy dependencies)
:: Synchronizing package databases...
 garuda downloading...
 core downloading...
 extra downloading...
 multilib downloading...
 chaotic-aur downloading...
 blackarch downloading...
:: Starting full system upgrade...
resolving dependencies...
:: installing virtualbox (7.2.18-1) breaks dependency 'virtualbox=7.2.16' required by virtualbox-ext-oracle
2026-09-17 23:30:05,355 - INFO - Analyzing error output for auto-fix...
2026-09-17 23:30:05,356 - WARNING - Held package: 'virtualbox' upgrade blocked by 'virtualbox-ext-oracle' — pinning both to --ignore
2026-09-17 23:30:05,356 - INFO - Ignore list for retry: {'wcc', 'linenoise', 'virtualbox-ext-oracle', 'virtualbox'}
2026-09-17 23:30:05,356 - INFO - Starting Repo Download Phase...
2026-09-17 23:30:05,356 - INFO - Ensuring database lock is released...
2026-09-17 23:30:05,603 - INFO - Running: Downloading Pacman updates
2026-09-17 23:31:00,032 - INFO - Repo downloads complete; AUR packages fetch during install.
2026-09-17 23:31:00,081 - INFO - Snapper POST-snapshot #505 (paired with pre #504): download-updates [post-OK]
2026-09-17 23:31:00,129 - INFO - Snapper PRE-snapshot #506 created: install-updates [pre]
2026-09-17 23:31:00,129 - INFO - Starting Sequential Installation Phase...
2026-09-17 23:31:00,129 - INFO - Ensuring database lock is released...
2026-09-17 23:31:00,203 - INFO - Running: Installing Pacman updates
2026-09-17 23:48:17,681 - INFO - Ensuring database lock is released...
2026-09-17 23:48:17,766 - INFO - Installing AUR updates (paru)...
2026-09-17 23:48:17,766 - INFO - Running: Installing AUR updates (paru)
2026-09-17 23:48:59,956 - INFO - Snapper POST-snapshot #511 (paired with pre #506): install-updates [post-OK]
2026-09-17 23:49:00,085 - INFO - Snapper PRE-snapshot #512 created: cleanup-orphans [pre]
2026-09-17 23:49:00,085 - INFO - Running: Orphan Cleanup
2026-09-17 23:49:15,262 - INFO - Snapper POST-snapshot #515 (paired with pre #512): cleanup-orphans [post-OK]
2026-09-17 23:49:15,262 - INFO - --- [Post-Update Kernel Tasks] ---
2026-09-17 23:49:20,048 - INFO - Snapper PRE-snapshot #516 created: dkms-rebuild [pre]
2026-09-17 23:49:20,049 - INFO - DKMS modules detected (27), rebuilding...
2026-09-17 23:49:20,049 - INFO - Rebuilding all DKMS modules...
2026-09-17 23:49:41,959 - ERROR - DKMS autoinstall failed: Deprecated feature: CLEAN (/var/lib/dkms/pfring/7.4.0.r2152.g31831bd/source/dkms.conf)
Module /usr/lib/modules/7.2.4-zen2-1-zen/updates/dkms/pf_ring.ko.zst already installed at version 9.5.0, override by specifying --force

Error! Installation aborted.
Deprecated feature: CLEAN (/var/lib/dkms/rtl8814au/5.8.5.1.r207.g1840d7b/source/dkms.conf)

Error! Bad return status for module build on kernel: 7.2.4-zen2-1-zen (x86_64)
Consult /var/lib/dkms/rtl8814au/5.8.5.1.r207.g1840d7b/build/make.log for more information.
Module /usr/lib/modules/7.2.4-zen2-1-zen/updates/dkms/scap.ko.zst already installed at version 9.1.0+driver, override by specifying --force

Error! Installation aborted.
Deprecated feature: CLEAN (/var/lib/dkms/tyton/80.56494f3/source/dkms.conf)

Error! Bad return status for module build on kernel: 7.2.4-zen2-1-zen (x86_64)
Consult /var/lib/dkms/tyton/80.56494f3/build/make.log for more information.
Module /usr/lib/modules/7.2.4-zen2-1-zen/updates/dkms/v4l2loopback.ko.zst already installed at version 0.15.4, override by specifying --force

Error! Installation aborted.

Error! One or more modules failed to install during autoinstall.
Refer to previous errors for more information.
2026-09-17 23:49:41,960 - ERROR - DKMS rebuild had errors — check dkms status manually.
2026-09-17 23:49:42,578 - INFO - Snapper POST-snapshot #517 (paired with pre #516): dkms-rebuild [post-OK]
2026-09-17 23:49:43,359 - INFO - Snapper PRE-snapshot #518 created: regenerate-initramfs [pre]
2026-09-17 23:49:43,359 - INFO - Regenerating initramfs with dracut...
2026-09-17 23:49:43,360 - INFO - Regenerating initramfs for kernel 7.2.4-zen2-1-zen...
2026-09-17 23:49:44,356 - ERROR - Failed to regenerate initramfs for 7.2.4-zen2-1-zen: dracut[F]: Can't write to /boot/efi/284ebae09c414b93a33c60b11d1a6f81/7.2.4-zen2-1-zen: Directory /boot/efi/284ebae09c414b93a33c60b11d1a6f81/7.2.4-zen2-1-zen does not exist or is not accessible.
2026-09-17 23:49:44,356 - INFO - Regenerating initramfs for kernel 7.2.5-hardened1-1-hardened...
2026-09-17 23:49:44,896 - ERROR - Failed to regenerate initramfs for 7.2.5-hardened1-1-hardened: dracut[F]: Can't write to /boot/efi/284ebae09c414b93a33c60b11d1a6f81/7.2.5-hardened1-1-hardened: Directory /boot/efi/284ebae09c414b93a33c60b11d1a6f81/7.2.5-hardened1-1-hardened does not exist or is not accessible.
2026-09-17 23:49:44,896 - INFO - Regenerating initramfs for kernel 7.2.6-arch2-1...
2026-09-17 23:49:45,441 - ERROR - Failed to regenerate initramfs for 7.2.6-arch2-1: dracut[F]: Can't write to /boot/efi/284ebae09c414b93a33c60b11d1a6f81/7.2.6-arch2-1: Directory /boot/efi/284ebae09c414b93a33c60b11d1a6f81/7.2.6-arch2-1 does not exist or is not accessible.
2026-09-17 23:49:45,441 - INFO - Regenerating initramfs for kernel 7.2.6-zen2-1-zen...
2026-09-17 23:49:45,981 - ERROR - Failed to regenerate initramfs for 7.2.6-zen2-1-zen: dracut[F]: Can't write to /boot/efi/284ebae09c414b93a33c60b11d1a6f81/7.2.6-zen2-1-zen: Directory /boot/efi/284ebae09c414b93a33c60b11d1a6f81/7.2.6-zen2-1-zen does not exist or is not accessible.
2026-09-17 23:49:45,981 - INFO - Regenerating initramfs for kernel 7.3.0-rc3-1-mainline...
2026-09-17 23:49:46,518 - ERROR - Failed to regenerate initramfs for 7.3.0-rc3-1-mainline: dracut[F]: Can't write to /boot/efi/284ebae09c414b93a33c60b11d1a6f81/7.3.0-rc3-1-mainline: Directory /boot/efi/284ebae09c414b93a33c60b11d1a6f81/7.3.0-rc3-1-mainline does not exist or is not accessible.
2026-09-17 23:49:46,861 - INFO - Snapper POST-snapshot #519 (paired with pre #518): regenerate-initramfs [post-OK]
2026-09-17 23:49:47,119 - INFO - Snapper POST-snapshot #520 (paired with pre #489): aio-update-full [post-OK]
2026-09-17 23:49:47,119 - INFO - Unified update complete!
2026-09-17 23:49:47,122 - INFO - Process finished with status: success
2026-09-18 00:01:52,456 - INFO - Ensuring database lock is released...
2026-09-18 00:01:52,603 - INFO - --- [Auto-Detect & Fix Phase] ---
2026-09-18 00:01:52,848 - INFO - Snapper PRE-snapshot #524 created: aio-update-full [pre]
2026-09-18 00:01:52,939 - INFO - Snapper PRE-snapshot #525 created: ensure-helpers [pre]
2026-09-18 00:01:52,939 - INFO - Checking prerequisites...
2026-09-18 00:01:53,066 - INFO - Snapper POST-snapshot #526 (paired with pre #525): ensure-helpers [post-OK]
2026-09-18 00:01:53,129 - INFO - Snapper PRE-snapshot #527 created: mirror-optimization [pre]
2026-09-18 00:01:53,130 - INFO - Requested https://ipinfo.io/json
2026-09-18 00:01:53,449 - INFO - Optimizing mirrors for location: CO (Bogotá, Bogota D.C.)
2026-09-18 00:01:53,449 - INFO - Tier 1: proximity (CO,EC,VE,PA,BR,CL,US), age<1h, delay<30min
2026-09-18 00:01:53,449 - INFO - Running: sudo reflector --country CO,EC,VE,PA,BR,CL,US --age 1 --delay 0.5 --latest 50 --fastest 15 --sort rate --protocol https --completion-percent 100 --connection-timeout 3 --download-timeout 5 --threads 4 --save /etc/pacman.d/mirrorlist
2026-09-18 00:02:00,831 - INFO - Mirrorlist optimized via proximity + freshness.
2026-09-18 00:02:00,957 - INFO - Snapper POST-snapshot #528 (paired with pre #527): mirror-optimization [post-OK]
2026-09-18 00:02:00,957 - INFO - Ensuring database lock is released...
2026-09-18 00:02:01,157 - INFO - Pinning known downgrade conflicts...
2026-09-18 00:02:01,157 - INFO - Ensuring database lock is released...
2026-09-18 00:02:01,261 - INFO - Trying substitute dep: 'linenoise-ng' for 'linenoise'
2026-09-18 00:02:01,261 - INFO - Running: Install substitute dep linenoise-ng
2026-09-18 00:02:01,472 - INFO - Running: Retry wcc after substitute
2026-09-18 00:02:01,787 - INFO - Running: Query repos for wcc
2026-09-18 00:02:02,067 - INFO - Trying 'wcc' from repo 'chaotic-aur'
2026-09-18 00:02:02,067 - INFO - Running: Install wcc from chaotic-aur
2026-09-18 00:02:02,400 - INFO - Trying 'wcc' from repo 'blackarch'
2026-09-18 00:02:02,400 - INFO - Running: Install wcc from blackarch
2026-09-18 00:02:02,479 - INFO - Resolved 'wcc' from alternate repo 'blackarch'
2026-09-18 00:02:02,479 - INFO - Pinned 'wcc' + 'linenoise' — immutable for this update
2026-09-18 00:02:02,479 - INFO - Immutable packages: {'linenoise', 'wcc'}
2026-09-18 00:02:02,479 - INFO - Ensuring database lock is released...
2026-09-18 00:02:02,600 - INFO - Snapper PRE-snapshot #529 created: system-fixes [pre]
2026-09-18 00:02:02,600 - INFO - --- Applying preventive system fixes ---
2026-09-18 00:02:02,605 - INFO - Configuring dracut to use /boot directory...
2026-09-18 00:02:02,628 - INFO - Dracut configuration created successfully.
2026-09-18 00:02:02,628 - INFO - Configuring kernel-install to use traditional initramfs...
2026-09-18 00:02:02,647 - INFO - Kernel install configuration created successfully.
2026-09-18 00:02:02,647 - INFO - Scanning for packages with missing shared library deps...
2026-09-18 00:05:49,697 - INFO - Found 1 packages with missing files — upgrading: ['perl-test-nowarnings']
2026-09-18 00:05:49,697 - INFO - Upgrading broken package: perl-test-nowarnings
2026-09-18 00:05:50,264 - INFO - Upgraded 'perl-test-nowarnings' via paru
2026-09-18 00:05:50,264 - INFO - Broken .so upgrade pass complete.
2026-09-18 00:05:50,264 - INFO - Upgrading Python packages...
2026-09-18 00:05:50,264 - INFO - Ensuring pip is up to date...
2026-09-18 00:05:55,316 - INFO - Upgrading all pip packages in parallel (8 workers)...
